[2026-05-24T16:15:18.792+0000] {processor.py:161} INFO - Started process (PID=202) to work on /opt/airflow/dags/dag_sunafil_orquestador.py
[2026-05-24T16:15:20.447+0000] {processor.py:830} INFO - Processing file /opt/airflow/dags/dag_sunafil_orquestador.py for tasks to queue
[2026-05-24T16:15:25.475+0000] {logging_mixin.py:188} INFO - [2026-05-24T16:15:23.170+0000] {dagbag.py:538} INFO - Filling up the DagBag from /opt/airflow/dags/dag_sunafil_orquestador.py
[2026-05-24T16:16:41.641+0000] {processor.py:161} INFO - Started process (PID=208) to work on /opt/airflow/dags/dag_sunafil_orquestador.py
[2026-05-24T16:16:41.755+0000] {processor.py:830} INFO - Processing file /opt/airflow/dags/dag_sunafil_orquestador.py for tasks to queue
[2026-05-24T16:16:41.936+0000] {logging_mixin.py:188} INFO - [2026-05-24T16:16:41.831+0000] {dagbag.py:538} INFO - Filling up the DagBag from /opt/airflow/dags/dag_sunafil_orquestador.py
[2026-05-24T16:16:48.425+0000] {processor.py:840} INFO - DAG(s) 'orquestador_sunafil_bronze' retrieved from /opt/airflow/dags/dag_sunafil_orquestador.py
[2026-05-24T16:18:01.908+0000] {processor.py:161} INFO - Started process (PID=211) to work on /opt/airflow/dags/dag_sunafil_orquestador.py
[2026-05-24T16:18:01.913+0000] {processor.py:830} INFO - Processing file /opt/airflow/dags/dag_sunafil_orquestador.py for tasks to queue
[2026-05-24T16:18:01.915+0000] {logging_mixin.py:188} INFO - [2026-05-24T16:18:01.915+0000] {dagbag.py:538} INFO - Filling up the DagBag from /opt/airflow/dags/dag_sunafil_orquestador.py
[2026-05-24T16:18:01.962+0000] {processor.py:840} INFO - DAG(s) 'orquestador_sunafil_bronze' retrieved from /opt/airflow/dags/dag_sunafil_orquestador.py
[2026-05-24T16:18:07.842+0000] {logging_mixin.py:188} INFO - [2026-05-24T16:18:07.800+0000] {override.py:1769} INFO - Created Permission View: can read on DAG:orquestador_sunafil_bronze
[2026-05-24T16:18:08.130+0000] {logging_mixin.py:188} INFO - [2026-05-24T16:18:08.129+0000] {override.py:1769} INFO - Created Permission View: can edit on DAG:orquestador_sunafil_bronze
[2026-05-24T16:18:08.201+0000] {logging_mixin.py:188} INFO - [2026-05-24T16:18:08.200+0000] {override.py:1769} INFO - Created Permission View: can delete on DAG:orquestador_sunafil_bronze
[2026-05-24T16:18:08.215+0000] {logging_mixin.py:188} INFO - [2026-05-24T16:18:08.214+0000] {dag.py:3036} INFO - Sync 1 DAGs
[2026-05-24T16:18:08.633+0000] {logging_mixin.py:188} INFO - [2026-05-24T16:18:08.632+0000] {dag.py:3058} INFO - Creating ORM DAG for orquestador_sunafil_bronze
[2026-05-24T16:18:08.733+0000] {logging_mixin.py:188} INFO - [2026-05-24T16:18:08.732+0000] {dag.py:3823} INFO - Setting next_dagrun for orquestador_sunafil_bronze to None, run_after=None
[2026-05-24T16:18:09.467+0000] {processor.py:183} INFO - Processing /opt/airflow/dags/dag_sunafil_orquestador.py took 7.567 seconds
[2026-05-24T16:18:40.067+0000] {processor.py:161} INFO - Started process (PID=216) to work on /opt/airflow/dags/dag_sunafil_orquestador.py
[2026-05-24T16:18:40.068+0000] {processor.py:830} INFO - Processing file /opt/airflow/dags/dag_sunafil_orquestador.py for tasks to queue
[2026-05-24T16:18:40.070+0000] {logging_mixin.py:188} INFO - [2026-05-24T16:18:40.069+0000] {dagbag.py:538} INFO - Filling up the DagBag from /opt/airflow/dags/dag_sunafil_orquestador.py
[2026-05-24T16:18:40.134+0000] {processor.py:840} INFO - DAG(s) 'orquestador_sunafil_bronze' retrieved from /opt/airflow/dags/dag_sunafil_orquestador.py
[2026-05-24T16:18:40.236+0000] {logging_mixin.py:188} INFO - [2026-05-24T16:18:40.236+0000] {dag.py:3036} INFO - Sync 1 DAGs
[2026-05-24T16:18:40.258+0000] {logging_mixin.py:188} INFO - [2026-05-24T16:18:40.257+0000] {dag.py:3823} INFO - Setting next_dagrun for orquestador_sunafil_bronze to None, run_after=None
[2026-05-24T16:18:40.391+0000] {processor.py:183} INFO - Processing /opt/airflow/dags/dag_sunafil_orquestador.py took 0.328 seconds
[2026-05-24T16:19:10.944+0000] {processor.py:161} INFO - Started process (PID=221) to work on /opt/airflow/dags/dag_sunafil_orquestador.py
[2026-05-24T16:19:10.945+0000] {processor.py:830} INFO - Processing file /opt/airflow/dags/dag_sunafil_orquestador.py for tasks to queue
[2026-05-24T16:19:10.947+0000] {logging_mixin.py:188} INFO - [2026-05-24T16:19:10.946+0000] {dagbag.py:538} INFO - Filling up the DagBag from /opt/airflow/dags/dag_sunafil_orquestador.py
[2026-05-24T16:19:11.041+0000] {processor.py:840} INFO - DAG(s) 'orquestador_sunafil_bronze' retrieved from /opt/airflow/dags/dag_sunafil_orquestador.py
[2026-05-24T16:19:11.094+0000] {logging_mixin.py:188} INFO - [2026-05-24T16:19:11.094+0000] {dag.py:3036} INFO - Sync 1 DAGs
[2026-05-24T16:19:11.113+0000] {logging_mixin.py:188} INFO - [2026-05-24T16:19:11.113+0000] {dag.py:3823} INFO - Setting next_dagrun for orquestador_sunafil_bronze to None, run_after=None
[2026-05-24T16:19:11.145+0000] {processor.py:183} INFO - Processing /opt/airflow/dags/dag_sunafil_orquestador.py took 0.205 seconds
[2026-05-24T16:19:42.196+0000] {processor.py:161} INFO - Started process (PID=226) to work on /opt/airflow/dags/dag_sunafil_orquestador.py
[2026-05-24T16:19:42.198+0000] {processor.py:830} INFO - Processing file /opt/airflow/dags/dag_sunafil_orquestador.py for tasks to queue
[2026-05-24T16:19:42.200+0000] {logging_mixin.py:188} INFO - [2026-05-24T16:19:42.199+0000] {dagbag.py:538} INFO - Filling up the DagBag from /opt/airflow/dags/dag_sunafil_orquestador.py
[2026-05-24T16:19:42.223+0000] {processor.py:840} INFO - DAG(s) 'orquestador_sunafil_bronze' retrieved from /opt/airflow/dags/dag_sunafil_orquestador.py
[2026-05-24T16:19:42.266+0000] {logging_mixin.py:188} INFO - [2026-05-24T16:19:42.266+0000] {dag.py:3036} INFO - Sync 1 DAGs
[2026-05-24T16:19:42.286+0000] {logging_mixin.py:188} INFO - [2026-05-24T16:19:42.285+0000] {dag.py:3823} INFO - Setting next_dagrun for orquestador_sunafil_bronze to None, run_after=None
[2026-05-24T16:19:42.322+0000] {processor.py:183} INFO - Processing /opt/airflow/dags/dag_sunafil_orquestador.py took 0.129 seconds
[2026-05-24T16:20:12.763+0000] {processor.py:161} INFO - Started process (PID=231) to work on /opt/airflow/dags/dag_sunafil_orquestador.py
[2026-05-24T16:20:12.767+0000] {processor.py:830} INFO - Processing file /opt/airflow/dags/dag_sunafil_orquestador.py for tasks to queue
[2026-05-24T16:20:12.771+0000] {logging_mixin.py:188} INFO - [2026-05-24T16:20:12.770+0000] {dagbag.py:538} INFO - Filling up the DagBag from /opt/airflow/dags/dag_sunafil_orquestador.py
[2026-05-24T16:20:12.836+0000] {processor.py:840} INFO - DAG(s) 'orquestador_sunafil_bronze' retrieved from /opt/airflow/dags/dag_sunafil_orquestador.py
[2026-05-24T16:20:12.908+0000] {logging_mixin.py:188} INFO - [2026-05-24T16:20:12.908+0000] {dag.py:3036} INFO - Sync 1 DAGs
[2026-05-24T16:20:12.929+0000] {logging_mixin.py:188} INFO - [2026-05-24T16:20:12.929+0000] {dag.py:3823} INFO - Setting next_dagrun for orquestador_sunafil_bronze to None, run_after=None
[2026-05-24T16:20:12.982+0000] {processor.py:183} INFO - Processing /opt/airflow/dags/dag_sunafil_orquestador.py took 0.242 seconds
[2026-05-24T16:20:43.188+0000] {processor.py:161} INFO - Started process (PID=236) to work on /opt/airflow/dags/dag_sunafil_orquestador.py
[2026-05-24T16:20:43.190+0000] {processor.py:830} INFO - Processing file /opt/airflow/dags/dag_sunafil_orquestador.py for tasks to queue
[2026-05-24T16:20:43.192+0000] {logging_mixin.py:188} INFO - [2026-05-24T16:20:43.191+0000] {dagbag.py:538} INFO - Filling up the DagBag from /opt/airflow/dags/dag_sunafil_orquestador.py
[2026-05-24T16:20:43.222+0000] {processor.py:840} INFO - DAG(s) 'orquestador_sunafil_bronze' retrieved from /opt/airflow/dags/dag_sunafil_orquestador.py
[2026-05-24T16:20:43.298+0000] {logging_mixin.py:188} INFO - [2026-05-24T16:20:43.298+0000] {dag.py:3036} INFO - Sync 1 DAGs
[2026-05-24T16:20:43.326+0000] {logging_mixin.py:188} INFO - [2026-05-24T16:20:43.326+0000] {dag.py:3823} INFO - Setting next_dagrun for orquestador_sunafil_bronze to None, run_after=None
[2026-05-24T16:20:43.370+0000] {processor.py:183} INFO - Processing /opt/airflow/dags/dag_sunafil_orquestador.py took 0.187 seconds
[2026-05-24T16:21:13.676+0000] {processor.py:161} INFO - Started process (PID=241) to work on /opt/airflow/dags/dag_sunafil_orquestador.py
[2026-05-24T16:21:13.678+0000] {processor.py:830} INFO - Processing file /opt/airflow/dags/dag_sunafil_orquestador.py for tasks to queue
[2026-05-24T16:21:13.682+0000] {logging_mixin.py:188} INFO - [2026-05-24T16:21:13.680+0000] {dagbag.py:538} INFO - Filling up the DagBag from /opt/airflow/dags/dag_sunafil_orquestador.py
[2026-05-24T16:21:13.758+0000] {processor.py:840} INFO - DAG(s) 'orquestador_sunafil_bronze' retrieved from /opt/airflow/dags/dag_sunafil_orquestador.py
[2026-05-24T16:21:13.813+0000] {logging_mixin.py:188} INFO - [2026-05-24T16:21:13.813+0000] {dag.py:3036} INFO - Sync 1 DAGs
[2026-05-24T16:21:13.834+0000] {logging_mixin.py:188} INFO - [2026-05-24T16:21:13.834+0000] {dag.py:3823} INFO - Setting next_dagrun for orquestador_sunafil_bronze to None, run_after=None
[2026-05-24T16:21:13.907+0000] {processor.py:183} INFO - Processing /opt/airflow/dags/dag_sunafil_orquestador.py took 0.237 seconds
[2026-05-24T16:21:44.216+0000] {processor.py:161} INFO - Started process (PID=246) to work on /opt/airflow/dags/dag_sunafil_orquestador.py
[2026-05-24T16:21:44.220+0000] {processor.py:830} INFO - Processing file /opt/airflow/dags/dag_sunafil_orquestador.py for tasks to queue
[2026-05-24T16:21:44.225+0000] {logging_mixin.py:188} INFO - [2026-05-24T16:21:44.223+0000] {dagbag.py:538} INFO - Filling up the DagBag from /opt/airflow/dags/dag_sunafil_orquestador.py
[2026-05-24T16:21:44.267+0000] {processor.py:840} INFO - DAG(s) 'orquestador_sunafil_bronze' retrieved from /opt/airflow/dags/dag_sunafil_orquestador.py
[2026-05-24T16:21:44.323+0000] {logging_mixin.py:188} INFO - [2026-05-24T16:21:44.323+0000] {dag.py:3036} INFO - Sync 1 DAGs
[2026-05-24T16:21:44.348+0000] {logging_mixin.py:188} INFO - [2026-05-24T16:21:44.348+0000] {dag.py:3823} INFO - Setting next_dagrun for orquestador_sunafil_bronze to None, run_after=None
[2026-05-24T16:21:44.383+0000] {processor.py:183} INFO - Processing /opt/airflow/dags/dag_sunafil_orquestador.py took 0.190 seconds
[2026-05-24T16:22:14.754+0000] {processor.py:161} INFO - Started process (PID=251) to work on /opt/airflow/dags/dag_sunafil_orquestador.py
[2026-05-24T16:22:14.756+0000] {processor.py:830} INFO - Processing file /opt/airflow/dags/dag_sunafil_orquestador.py for tasks to queue
[2026-05-24T16:22:14.758+0000] {logging_mixin.py:188} INFO - [2026-05-24T16:22:14.757+0000] {dagbag.py:538} INFO - Filling up the DagBag from /opt/airflow/dags/dag_sunafil_orquestador.py
[2026-05-24T16:22:14.788+0000] {processor.py:840} INFO - DAG(s) 'orquestador_sunafil_bronze' retrieved from /opt/airflow/dags/dag_sunafil_orquestador.py
[2026-05-24T16:22:14.835+0000] {logging_mixin.py:188} INFO - [2026-05-24T16:22:14.835+0000] {dag.py:3036} INFO - Sync 1 DAGs
[2026-05-24T16:22:14.854+0000] {logging_mixin.py:188} INFO - [2026-05-24T16:22:14.854+0000] {dag.py:3823} INFO - Setting next_dagrun for orquestador_sunafil_bronze to None, run_after=None
[2026-05-24T16:22:14.895+0000] {processor.py:183} INFO - Processing /opt/airflow/dags/dag_sunafil_orquestador.py took 0.145 seconds
[2026-05-24T16:22:45.182+0000] {processor.py:161} INFO - Started process (PID=256) to work on /opt/airflow/dags/dag_sunafil_orquestador.py
[2026-05-24T16:22:45.183+0000] {processor.py:830} INFO - Processing file /opt/airflow/dags/dag_sunafil_orquestador.py for tasks to queue
[2026-05-24T16:22:45.184+0000] {logging_mixin.py:188} INFO - [2026-05-24T16:22:45.184+0000] {dagbag.py:538} INFO - Filling up the DagBag from /opt/airflow/dags/dag_sunafil_orquestador.py
[2026-05-24T16:22:45.210+0000] {processor.py:840} INFO - DAG(s) 'orquestador_sunafil_bronze' retrieved from /opt/airflow/dags/dag_sunafil_orquestador.py
[2026-05-24T16:22:45.255+0000] {logging_mixin.py:188} INFO - [2026-05-24T16:22:45.255+0000] {dag.py:3036} INFO - Sync 1 DAGs
[2026-05-24T16:22:45.274+0000] {logging_mixin.py:188} INFO - [2026-05-24T16:22:45.274+0000] {dag.py:3823} INFO - Setting next_dagrun for orquestador_sunafil_bronze to None, run_after=None
[2026-05-24T16:22:45.337+0000] {processor.py:183} INFO - Processing /opt/airflow/dags/dag_sunafil_orquestador.py took 0.160 seconds
[2026-05-24T16:23:15.831+0000] {processor.py:161} INFO - Started process (PID=261) to work on /opt/airflow/dags/dag_sunafil_orquestador.py
[2026-05-24T16:23:15.833+0000] {processor.py:830} INFO - Processing file /opt/airflow/dags/dag_sunafil_orquestador.py for tasks to queue
[2026-05-24T16:23:15.835+0000] {logging_mixin.py:188} INFO - [2026-05-24T16:23:15.835+0000] {dagbag.py:538} INFO - Filling up the DagBag from /opt/airflow/dags/dag_sunafil_orquestador.py
[2026-05-24T16:23:15.866+0000] {processor.py:840} INFO - DAG(s) 'orquestador_sunafil_bronze' retrieved from /opt/airflow/dags/dag_sunafil_orquestador.py
[2026-05-24T16:23:15.918+0000] {logging_mixin.py:188} INFO - [2026-05-24T16:23:15.918+0000] {dag.py:3036} INFO - Sync 1 DAGs
[2026-05-24T16:23:15.940+0000] {logging_mixin.py:188} INFO - [2026-05-24T16:23:15.939+0000] {dag.py:3823} INFO - Setting next_dagrun for orquestador_sunafil_bronze to None, run_after=None
[2026-05-24T16:23:15.973+0000] {processor.py:183} INFO - Processing /opt/airflow/dags/dag_sunafil_orquestador.py took 0.147 seconds
[2026-05-24T16:23:46.323+0000] {processor.py:161} INFO - Started process (PID=266) to work on /opt/airflow/dags/dag_sunafil_orquestador.py
[2026-05-24T16:23:46.325+0000] {processor.py:830} INFO - Processing file /opt/airflow/dags/dag_sunafil_orquestador.py for tasks to queue
[2026-05-24T16:23:46.326+0000] {logging_mixin.py:188} INFO - [2026-05-24T16:23:46.326+0000] {dagbag.py:538} INFO - Filling up the DagBag from /opt/airflow/dags/dag_sunafil_orquestador.py
[2026-05-24T16:23:46.410+0000] {processor.py:840} INFO - DAG(s) 'orquestador_sunafil_bronze' retrieved from /opt/airflow/dags/dag_sunafil_orquestador.py
[2026-05-24T16:23:46.468+0000] {logging_mixin.py:188} INFO - [2026-05-24T16:23:46.467+0000] {dag.py:3036} INFO - Sync 1 DAGs
[2026-05-24T16:23:46.489+0000] {logging_mixin.py:188} INFO - [2026-05-24T16:23:46.489+0000] {dag.py:3823} INFO - Setting next_dagrun for orquestador_sunafil_bronze to None, run_after=None
[2026-05-24T16:23:46.525+0000] {processor.py:183} INFO - Processing /opt/airflow/dags/dag_sunafil_orquestador.py took 0.207 seconds
[2026-05-24T16:24:16.882+0000] {processor.py:161} INFO - Started process (PID=271) to work on /opt/airflow/dags/dag_sunafil_orquestador.py
[2026-05-24T16:24:16.884+0000] {processor.py:830} INFO - Processing file /opt/airflow/dags/dag_sunafil_orquestador.py for tasks to queue
[2026-05-24T16:24:16.886+0000] {logging_mixin.py:188} INFO - [2026-05-24T16:24:16.886+0000] {dagbag.py:538} INFO - Filling up the DagBag from /opt/airflow/dags/dag_sunafil_orquestador.py
[2026-05-24T16:24:16.918+0000] {processor.py:840} INFO - DAG(s) 'orquestador_sunafil_bronze' retrieved from /opt/airflow/dags/dag_sunafil_orquestador.py
[2026-05-24T16:24:16.969+0000] {logging_mixin.py:188} INFO - [2026-05-24T16:24:16.969+0000] {dag.py:3036} INFO - Sync 1 DAGs
[2026-05-24T16:24:16.988+0000] {logging_mixin.py:188} INFO - [2026-05-24T16:24:16.988+0000] {dag.py:3823} INFO - Setting next_dagrun for orquestador_sunafil_bronze to None, run_after=None
[2026-05-24T16:24:17.060+0000] {processor.py:183} INFO - Processing /opt/airflow/dags/dag_sunafil_orquestador.py took 0.185 seconds
[2026-05-24T16:24:47.420+0000] {processor.py:161} INFO - Started process (PID=276) to work on /opt/airflow/dags/dag_sunafil_orquestador.py
[2026-05-24T16:24:47.421+0000] {processor.py:830} INFO - Processing file /opt/airflow/dags/dag_sunafil_orquestador.py for tasks to queue
[2026-05-24T16:24:47.423+0000] {logging_mixin.py:188} INFO - [2026-05-24T16:24:47.422+0000] {dagbag.py:538} INFO - Filling up the DagBag from /opt/airflow/dags/dag_sunafil_orquestador.py
[2026-05-24T16:24:47.447+0000] {processor.py:840} INFO - DAG(s) 'orquestador_sunafil_bronze' retrieved from /opt/airflow/dags/dag_sunafil_orquestador.py
[2026-05-24T16:24:47.494+0000] {logging_mixin.py:188} INFO - [2026-05-24T16:24:47.493+0000] {dag.py:3036} INFO - Sync 1 DAGs
[2026-05-24T16:24:47.515+0000] {logging_mixin.py:188} INFO - [2026-05-24T16:24:47.514+0000] {dag.py:3823} INFO - Setting next_dagrun for orquestador_sunafil_bronze to None, run_after=None
[2026-05-24T16:24:47.547+0000] {processor.py:183} INFO - Processing /opt/airflow/dags/dag_sunafil_orquestador.py took 0.133 seconds
[2026-05-24T16:25:17.958+0000] {processor.py:161} INFO - Started process (PID=281) to work on /opt/airflow/dags/dag_sunafil_orquestador.py
[2026-05-24T16:25:17.960+0000] {processor.py:830} INFO - Processing file /opt/airflow/dags/dag_sunafil_orquestador.py for tasks to queue
[2026-05-24T16:25:17.962+0000] {logging_mixin.py:188} INFO - [2026-05-24T16:25:17.961+0000] {dagbag.py:538} INFO - Filling up the DagBag from /opt/airflow/dags/dag_sunafil_orquestador.py
[2026-05-24T16:25:18.017+0000] {processor.py:840} INFO - DAG(s) 'orquestador_sunafil_bronze' retrieved from /opt/airflow/dags/dag_sunafil_orquestador.py
[2026-05-24T16:25:18.094+0000] {logging_mixin.py:188} INFO - [2026-05-24T16:25:18.093+0000] {dag.py:3036} INFO - Sync 1 DAGs
[2026-05-24T16:25:18.137+0000] {logging_mixin.py:188} INFO - [2026-05-24T16:25:18.136+0000] {dag.py:3823} INFO - Setting next_dagrun for orquestador_sunafil_bronze to None, run_after=None
[2026-05-24T16:25:18.198+0000] {processor.py:183} INFO - Processing /opt/airflow/dags/dag_sunafil_orquestador.py took 0.245 seconds
[2026-05-24T16:25:48.641+0000] {processor.py:161} INFO - Started process (PID=286) to work on /opt/airflow/dags/dag_sunafil_orquestador.py
[2026-05-24T16:25:48.645+0000] {processor.py:830} INFO - Processing file /opt/airflow/dags/dag_sunafil_orquestador.py for tasks to queue
[2026-05-24T16:25:48.647+0000] {logging_mixin.py:188} INFO - [2026-05-24T16:25:48.647+0000] {dagbag.py:538} INFO - Filling up the DagBag from /opt/airflow/dags/dag_sunafil_orquestador.py
[2026-05-24T16:25:48.702+0000] {processor.py:840} INFO - DAG(s) 'orquestador_sunafil_bronze' retrieved from /opt/airflow/dags/dag_sunafil_orquestador.py
[2026-05-24T16:25:48.759+0000] {logging_mixin.py:188} INFO - [2026-05-24T16:25:48.759+0000] {dag.py:3036} INFO - Sync 1 DAGs
[2026-05-24T16:25:48.798+0000] {logging_mixin.py:188} INFO - [2026-05-24T16:25:48.797+0000] {dag.py:3823} INFO - Setting next_dagrun for orquestador_sunafil_bronze to None, run_after=None
[2026-05-24T16:25:48.861+0000] {processor.py:183} INFO - Processing /opt/airflow/dags/dag_sunafil_orquestador.py took 0.249 seconds
[2026-05-24T16:26:19.083+0000] {processor.py:161} INFO - Started process (PID=291) to work on /opt/airflow/dags/dag_sunafil_orquestador.py
[2026-05-24T16:26:19.086+0000] {processor.py:830} INFO - Processing file /opt/airflow/dags/dag_sunafil_orquestador.py for tasks to queue
[2026-05-24T16:26:19.088+0000] {logging_mixin.py:188} INFO - [2026-05-24T16:26:19.087+0000] {dagbag.py:538} INFO - Filling up the DagBag from /opt/airflow/dags/dag_sunafil_orquestador.py
[2026-05-24T16:26:19.256+0000] {processor.py:840} INFO - DAG(s) 'orquestador_sunafil_bronze' retrieved from /opt/airflow/dags/dag_sunafil_orquestador.py
[2026-05-24T16:26:19.340+0000] {logging_mixin.py:188} INFO - [2026-05-24T16:26:19.340+0000] {dag.py:3036} INFO - Sync 1 DAGs
[2026-05-24T16:26:19.360+0000] {logging_mixin.py:188} INFO - [2026-05-24T16:26:19.360+0000] {dag.py:3823} INFO - Setting next_dagrun for orquestador_sunafil_bronze to None, run_after=None
[2026-05-24T16:26:19.395+0000] {processor.py:183} INFO - Processing /opt/airflow/dags/dag_sunafil_orquestador.py took 0.319 seconds
[2026-05-24T16:26:49.580+0000] {processor.py:161} INFO - Started process (PID=296) to work on /opt/airflow/dags/dag_sunafil_orquestador.py
[2026-05-24T16:26:49.583+0000] {processor.py:830} INFO - Processing file /opt/airflow/dags/dag_sunafil_orquestador.py for tasks to queue
[2026-05-24T16:26:49.588+0000] {logging_mixin.py:188} INFO - [2026-05-24T16:26:49.587+0000] {dagbag.py:538} INFO - Filling up the DagBag from /opt/airflow/dags/dag_sunafil_orquestador.py
[2026-05-24T16:26:49.650+0000] {processor.py:840} INFO - DAG(s) 'orquestador_sunafil_bronze' retrieved from /opt/airflow/dags/dag_sunafil_orquestador.py
[2026-05-24T16:26:49.762+0000] {logging_mixin.py:188} INFO - [2026-05-24T16:26:49.761+0000] {dag.py:3036} INFO - Sync 1 DAGs
[2026-05-24T16:26:49.815+0000] {logging_mixin.py:188} INFO - [2026-05-24T16:26:49.814+0000] {dag.py:3823} INFO - Setting next_dagrun for orquestador_sunafil_bronze to None, run_after=None
[2026-05-24T16:26:49.874+0000] {processor.py:183} INFO - Processing /opt/airflow/dags/dag_sunafil_orquestador.py took 0.304 seconds
[2026-05-24T16:27:20.338+0000] {processor.py:161} INFO - Started process (PID=301) to work on /opt/airflow/dags/dag_sunafil_orquestador.py
[2026-05-24T16:27:20.340+0000] {processor.py:830} INFO - Processing file /opt/airflow/dags/dag_sunafil_orquestador.py for tasks to queue
[2026-05-24T16:27:20.341+0000] {logging_mixin.py:188} INFO - [2026-05-24T16:27:20.341+0000] {dagbag.py:538} INFO - Filling up the DagBag from /opt/airflow/dags/dag_sunafil_orquestador.py
[2026-05-24T16:27:20.369+0000] {processor.py:840} INFO - DAG(s) 'orquestador_sunafil_bronze' retrieved from /opt/airflow/dags/dag_sunafil_orquestador.py
[2026-05-24T16:27:20.413+0000] {logging_mixin.py:188} INFO - [2026-05-24T16:27:20.413+0000] {dag.py:3036} INFO - Sync 1 DAGs
[2026-05-24T16:27:20.434+0000] {logging_mixin.py:188} INFO - [2026-05-24T16:27:20.434+0000] {dag.py:3823} INFO - Setting next_dagrun for orquestador_sunafil_bronze to None, run_after=None
[2026-05-24T16:27:20.466+0000] {processor.py:183} INFO - Processing /opt/airflow/dags/dag_sunafil_orquestador.py took 0.133 seconds
[2026-05-24T16:27:50.829+0000] {processor.py:161} INFO - Started process (PID=306) to work on /opt/airflow/dags/dag_sunafil_orquestador.py
[2026-05-24T16:27:50.833+0000] {processor.py:830} INFO - Processing file /opt/airflow/dags/dag_sunafil_orquestador.py for tasks to queue
[2026-05-24T16:27:50.836+0000] {logging_mixin.py:188} INFO - [2026-05-24T16:27:50.835+0000] {dagbag.py:538} INFO - Filling up the DagBag from /opt/airflow/dags/dag_sunafil_orquestador.py
[2026-05-24T16:27:50.893+0000] {processor.py:840} INFO - DAG(s) 'orquestador_sunafil_bronze' retrieved from /opt/airflow/dags/dag_sunafil_orquestador.py
[2026-05-24T16:27:50.964+0000] {logging_mixin.py:188} INFO - [2026-05-24T16:27:50.963+0000] {dag.py:3036} INFO - Sync 1 DAGs
[2026-05-24T16:27:51.004+0000] {logging_mixin.py:188} INFO - [2026-05-24T16:27:51.004+0000] {dag.py:3823} INFO - Setting next_dagrun for orquestador_sunafil_bronze to None, run_after=None
[2026-05-24T16:27:51.064+0000] {processor.py:183} INFO - Processing /opt/airflow/dags/dag_sunafil_orquestador.py took 0.247 seconds
[2026-05-24T16:28:21.288+0000] {processor.py:161} INFO - Started process (PID=311) to work on /opt/airflow/dags/dag_sunafil_orquestador.py
[2026-05-24T16:28:21.290+0000] {processor.py:830} INFO - Processing file /opt/airflow/dags/dag_sunafil_orquestador.py for tasks to queue
[2026-05-24T16:28:21.291+0000] {logging_mixin.py:188} INFO - [2026-05-24T16:28:21.291+0000] {dagbag.py:538} INFO - Filling up the DagBag from /opt/airflow/dags/dag_sunafil_orquestador.py
[2026-05-24T16:28:21.314+0000] {processor.py:840} INFO - DAG(s) 'orquestador_sunafil_bronze' retrieved from /opt/airflow/dags/dag_sunafil_orquestador.py
[2026-05-24T16:28:21.358+0000] {logging_mixin.py:188} INFO - [2026-05-24T16:28:21.358+0000] {dag.py:3036} INFO - Sync 1 DAGs
[2026-05-24T16:28:21.384+0000] {logging_mixin.py:188} INFO - [2026-05-24T16:28:21.383+0000] {dag.py:3823} INFO - Setting next_dagrun for orquestador_sunafil_bronze to None, run_after=None
[2026-05-24T16:28:21.573+0000] {processor.py:183} INFO - Processing /opt/airflow/dags/dag_sunafil_orquestador.py took 0.288 seconds
[2026-05-24T16:28:51.879+0000] {processor.py:161} INFO - Started process (PID=316) to work on /opt/airflow/dags/dag_sunafil_orquestador.py
[2026-05-24T16:28:51.881+0000] {processor.py:830} INFO - Processing file /opt/airflow/dags/dag_sunafil_orquestador.py for tasks to queue
[2026-05-24T16:28:51.884+0000] {logging_mixin.py:188} INFO - [2026-05-24T16:28:51.883+0000] {dagbag.py:538} INFO - Filling up the DagBag from /opt/airflow/dags/dag_sunafil_orquestador.py
[2026-05-24T16:28:51.908+0000] {processor.py:840} INFO - DAG(s) 'orquestador_sunafil_bronze' retrieved from /opt/airflow/dags/dag_sunafil_orquestador.py
[2026-05-24T16:28:51.951+0000] {logging_mixin.py:188} INFO - [2026-05-24T16:28:51.951+0000] {dag.py:3036} INFO - Sync 1 DAGs
[2026-05-24T16:28:51.970+0000] {logging_mixin.py:188} INFO - [2026-05-24T16:28:51.970+0000] {dag.py:3823} INFO - Setting next_dagrun for orquestador_sunafil_bronze to None, run_after=None
[2026-05-24T16:28:52.016+0000] {processor.py:183} INFO - Processing /opt/airflow/dags/dag_sunafil_orquestador.py took 0.145 seconds
[2026-05-24T16:29:22.447+0000] {processor.py:161} INFO - Started process (PID=321) to work on /opt/airflow/dags/dag_sunafil_orquestador.py
[2026-05-24T16:29:22.449+0000] {processor.py:830} INFO - Processing file /opt/airflow/dags/dag_sunafil_orquestador.py for tasks to queue
[2026-05-24T16:29:22.450+0000] {logging_mixin.py:188} INFO - [2026-05-24T16:29:22.450+0000] {dagbag.py:538} INFO - Filling up the DagBag from /opt/airflow/dags/dag_sunafil_orquestador.py
[2026-05-24T16:29:22.476+0000] {processor.py:840} INFO - DAG(s) 'orquestador_sunafil_bronze' retrieved from /opt/airflow/dags/dag_sunafil_orquestador.py
[2026-05-24T16:29:22.517+0000] {logging_mixin.py:188} INFO - [2026-05-24T16:29:22.516+0000] {dag.py:3036} INFO - Sync 1 DAGs
[2026-05-24T16:29:22.788+0000] {logging_mixin.py:188} INFO - [2026-05-24T16:29:22.787+0000] {dag.py:3823} INFO - Setting next_dagrun for orquestador_sunafil_bronze to None, run_after=None
[2026-05-24T16:29:22.844+0000] {processor.py:183} INFO - Processing /opt/airflow/dags/dag_sunafil_orquestador.py took 0.402 seconds
[2026-05-24T16:29:53.382+0000] {processor.py:161} INFO - Started process (PID=326) to work on /opt/airflow/dags/dag_sunafil_orquestador.py
[2026-05-24T16:29:53.385+0000] {processor.py:830} INFO - Processing file /opt/airflow/dags/dag_sunafil_orquestador.py for tasks to queue
[2026-05-24T16:29:53.387+0000] {logging_mixin.py:188} INFO - [2026-05-24T16:29:53.387+0000] {dagbag.py:538} INFO - Filling up the DagBag from /opt/airflow/dags/dag_sunafil_orquestador.py
[2026-05-24T16:29:53.440+0000] {processor.py:840} INFO - DAG(s) 'orquestador_sunafil_bronze' retrieved from /opt/airflow/dags/dag_sunafil_orquestador.py
[2026-05-24T16:29:53.518+0000] {logging_mixin.py:188} INFO - [2026-05-24T16:29:53.517+0000] {dag.py:3036} INFO - Sync 1 DAGs
[2026-05-24T16:29:53.539+0000] {logging_mixin.py:188} INFO - [2026-05-24T16:29:53.539+0000] {dag.py:3823} INFO - Setting next_dagrun for orquestador_sunafil_bronze to None, run_after=None
[2026-05-24T16:29:53.581+0000] {processor.py:183} INFO - Processing /opt/airflow/dags/dag_sunafil_orquestador.py took 0.207 seconds
[2026-05-24T16:30:23.715+0000] {processor.py:161} INFO - Started process (PID=331) to work on /opt/airflow/dags/dag_sunafil_orquestador.py
[2026-05-24T16:30:23.719+0000] {processor.py:830} INFO - Processing file /opt/airflow/dags/dag_sunafil_orquestador.py for tasks to queue
[2026-05-24T16:30:23.721+0000] {logging_mixin.py:188} INFO - [2026-05-24T16:30:23.721+0000] {dagbag.py:538} INFO - Filling up the DagBag from /opt/airflow/dags/dag_sunafil_orquestador.py
[2026-05-24T16:30:23.751+0000] {processor.py:840} INFO - DAG(s) 'orquestador_sunafil_bronze' retrieved from /opt/airflow/dags/dag_sunafil_orquestador.py
[2026-05-24T16:30:23.798+0000] {logging_mixin.py:188} INFO - [2026-05-24T16:30:23.798+0000] {dag.py:3036} INFO - Sync 1 DAGs
[2026-05-24T16:30:23.820+0000] {logging_mixin.py:188} INFO - [2026-05-24T16:30:23.820+0000] {dag.py:3823} INFO - Setting next_dagrun for orquestador_sunafil_bronze to None, run_after=None
[2026-05-24T16:30:23.852+0000] {processor.py:183} INFO - Processing /opt/airflow/dags/dag_sunafil_orquestador.py took 0.142 seconds
[2026-05-24T16:30:54.124+0000] {processor.py:161} INFO - Started process (PID=336) to work on /opt/airflow/dags/dag_sunafil_orquestador.py
[2026-05-24T16:30:54.126+0000] {processor.py:830} INFO - Processing file /opt/airflow/dags/dag_sunafil_orquestador.py for tasks to queue
[2026-05-24T16:30:54.128+0000] {logging_mixin.py:188} INFO - [2026-05-24T16:30:54.127+0000] {dagbag.py:538} INFO - Filling up the DagBag from /opt/airflow/dags/dag_sunafil_orquestador.py
[2026-05-24T16:30:54.292+0000] {processor.py:840} INFO - DAG(s) 'orquestador_sunafil_bronze' retrieved from /opt/airflow/dags/dag_sunafil_orquestador.py
[2026-05-24T16:30:54.376+0000] {logging_mixin.py:188} INFO - [2026-05-24T16:30:54.375+0000] {dag.py:3036} INFO - Sync 1 DAGs
[2026-05-24T16:30:54.412+0000] {logging_mixin.py:188} INFO - [2026-05-24T16:30:54.412+0000] {dag.py:3823} INFO - Setting next_dagrun for orquestador_sunafil_bronze to None, run_after=None
[2026-05-24T16:30:54.477+0000] {processor.py:183} INFO - Processing /opt/airflow/dags/dag_sunafil_orquestador.py took 0.360 seconds
[2026-05-24T16:31:24.803+0000] {processor.py:161} INFO - Started process (PID=341) to work on /opt/airflow/dags/dag_sunafil_orquestador.py
[2026-05-24T16:31:24.805+0000] {processor.py:830} INFO - Processing file /opt/airflow/dags/dag_sunafil_orquestador.py for tasks to queue
[2026-05-24T16:31:24.807+0000] {logging_mixin.py:188} INFO - [2026-05-24T16:31:24.806+0000] {dagbag.py:538} INFO - Filling up the DagBag from /opt/airflow/dags/dag_sunafil_orquestador.py
[2026-05-24T16:31:24.834+0000] {processor.py:840} INFO - DAG(s) 'orquestador_sunafil_bronze' retrieved from /opt/airflow/dags/dag_sunafil_orquestador.py
[2026-05-24T16:31:24.877+0000] {logging_mixin.py:188} INFO - [2026-05-24T16:31:24.877+0000] {dag.py:3036} INFO - Sync 1 DAGs
[2026-05-24T16:31:24.895+0000] {logging_mixin.py:188} INFO - [2026-05-24T16:31:24.894+0000] {dag.py:3823} INFO - Setting next_dagrun for orquestador_sunafil_bronze to None, run_after=None
[2026-05-24T16:31:24.922+0000] {processor.py:183} INFO - Processing /opt/airflow/dags/dag_sunafil_orquestador.py took 0.125 seconds
[2026-05-24T16:31:55.362+0000] {processor.py:161} INFO - Started process (PID=346) to work on /opt/airflow/dags/dag_sunafil_orquestador.py
[2026-05-24T16:31:55.364+0000] {processor.py:830} INFO - Processing file /opt/airflow/dags/dag_sunafil_orquestador.py for tasks to queue
[2026-05-24T16:31:55.365+0000] {logging_mixin.py:188} INFO - [2026-05-24T16:31:55.365+0000] {dagbag.py:538} INFO - Filling up the DagBag from /opt/airflow/dags/dag_sunafil_orquestador.py
[2026-05-24T16:31:55.481+0000] {processor.py:840} INFO - DAG(s) 'orquestador_sunafil_bronze' retrieved from /opt/airflow/dags/dag_sunafil_orquestador.py
[2026-05-24T16:31:55.531+0000] {logging_mixin.py:188} INFO - [2026-05-24T16:31:55.531+0000] {dag.py:3036} INFO - Sync 1 DAGs
[2026-05-24T16:31:55.552+0000] {logging_mixin.py:188} INFO - [2026-05-24T16:31:55.551+0000] {dag.py:3823} INFO - Setting next_dagrun for orquestador_sunafil_bronze to None, run_after=None
[2026-05-24T16:31:55.588+0000] {processor.py:183} INFO - Processing /opt/airflow/dags/dag_sunafil_orquestador.py took 0.230 seconds
[2026-05-24T16:32:25.829+0000] {processor.py:161} INFO - Started process (PID=351) to work on /opt/airflow/dags/dag_sunafil_orquestador.py
[2026-05-24T16:32:25.832+0000] {processor.py:830} INFO - Processing file /opt/airflow/dags/dag_sunafil_orquestador.py for tasks to queue
[2026-05-24T16:32:25.834+0000] {logging_mixin.py:188} INFO - [2026-05-24T16:32:25.834+0000] {dagbag.py:538} INFO - Filling up the DagBag from /opt/airflow/dags/dag_sunafil_orquestador.py
[2026-05-24T16:32:25.873+0000] {processor.py:840} INFO - DAG(s) 'orquestador_sunafil_bronze' retrieved from /opt/airflow/dags/dag_sunafil_orquestador.py
[2026-05-24T16:32:25.921+0000] {logging_mixin.py:188} INFO - [2026-05-24T16:32:25.921+0000] {dag.py:3036} INFO - Sync 1 DAGs
[2026-05-24T16:32:25.941+0000] {logging_mixin.py:188} INFO - [2026-05-24T16:32:25.941+0000] {dag.py:3823} INFO - Setting next_dagrun for orquestador_sunafil_bronze to None, run_after=None
[2026-05-24T16:32:25.974+0000] {processor.py:183} INFO - Processing /opt/airflow/dags/dag_sunafil_orquestador.py took 0.160 seconds
[2026-05-24T16:32:56.311+0000] {processor.py:161} INFO - Started process (PID=356) to work on /opt/airflow/dags/dag_sunafil_orquestador.py
[2026-05-24T16:32:56.313+0000] {processor.py:830} INFO - Processing file /opt/airflow/dags/dag_sunafil_orquestador.py for tasks to queue
[2026-05-24T16:32:56.314+0000] {logging_mixin.py:188} INFO - [2026-05-24T16:32:56.314+0000] {dagbag.py:538} INFO - Filling up the DagBag from /opt/airflow/dags/dag_sunafil_orquestador.py
[2026-05-24T16:32:56.339+0000] {processor.py:840} INFO - DAG(s) 'orquestador_sunafil_bronze' retrieved from /opt/airflow/dags/dag_sunafil_orquestador.py
[2026-05-24T16:32:56.382+0000] {logging_mixin.py:188} INFO - [2026-05-24T16:32:56.382+0000] {dag.py:3036} INFO - Sync 1 DAGs
[2026-05-24T16:32:56.401+0000] {logging_mixin.py:188} INFO - [2026-05-24T16:32:56.401+0000] {dag.py:3823} INFO - Setting next_dagrun for orquestador_sunafil_bronze to None, run_after=None
[2026-05-24T16:32:56.435+0000] {processor.py:183} INFO - Processing /opt/airflow/dags/dag_sunafil_orquestador.py took 0.128 seconds
[2026-05-24T16:33:26.806+0000] {processor.py:161} INFO - Started process (PID=361) to work on /opt/airflow/dags/dag_sunafil_orquestador.py
[2026-05-24T16:33:26.808+0000] {processor.py:830} INFO - Processing file /opt/airflow/dags/dag_sunafil_orquestador.py for tasks to queue
[2026-05-24T16:33:26.811+0000] {logging_mixin.py:188} INFO - [2026-05-24T16:33:26.810+0000] {dagbag.py:538} INFO - Filling up the DagBag from /opt/airflow/dags/dag_sunafil_orquestador.py
[2026-05-24T16:33:26.981+0000] {processor.py:840} INFO - DAG(s) 'orquestador_sunafil_bronze' retrieved from /opt/airflow/dags/dag_sunafil_orquestador.py
[2026-05-24T16:33:27.024+0000] {logging_mixin.py:188} INFO - [2026-05-24T16:33:27.023+0000] {dag.py:3036} INFO - Sync 1 DAGs
[2026-05-24T16:33:27.042+0000] {logging_mixin.py:188} INFO - [2026-05-24T16:33:27.042+0000] {dag.py:3823} INFO - Setting next_dagrun for orquestador_sunafil_bronze to None, run_after=None
[2026-05-24T16:33:27.077+0000] {processor.py:183} INFO - Processing /opt/airflow/dags/dag_sunafil_orquestador.py took 0.280 seconds
[2026-05-24T16:33:57.658+0000] {processor.py:161} INFO - Started process (PID=366) to work on /opt/airflow/dags/dag_sunafil_orquestador.py
[2026-05-24T16:33:57.660+0000] {processor.py:830} INFO - Processing file /opt/airflow/dags/dag_sunafil_orquestador.py for tasks to queue
[2026-05-24T16:33:57.662+0000] {logging_mixin.py:188} INFO - [2026-05-24T16:33:57.662+0000] {dagbag.py:538} INFO - Filling up the DagBag from /opt/airflow/dags/dag_sunafil_orquestador.py
[2026-05-24T16:33:57.707+0000] {processor.py:840} INFO - DAG(s) 'orquestador_sunafil_bronze' retrieved from /opt/airflow/dags/dag_sunafil_orquestador.py
[2026-05-24T16:33:57.761+0000] {logging_mixin.py:188} INFO - [2026-05-24T16:33:57.761+0000] {dag.py:3036} INFO - Sync 1 DAGs
[2026-05-24T16:33:57.781+0000] {logging_mixin.py:188} INFO - [2026-05-24T16:33:57.781+0000] {dag.py:3823} INFO - Setting next_dagrun for orquestador_sunafil_bronze to None, run_after=None
[2026-05-24T16:33:57.820+0000] {processor.py:183} INFO - Processing /opt/airflow/dags/dag_sunafil_orquestador.py took 0.169 seconds
[2026-05-24T16:34:28.204+0000] {processor.py:161} INFO - Started process (PID=371) to work on /opt/airflow/dags/dag_sunafil_orquestador.py
[2026-05-24T16:34:28.207+0000] {processor.py:830} INFO - Processing file /opt/airflow/dags/dag_sunafil_orquestador.py for tasks to queue
[2026-05-24T16:34:28.210+0000] {logging_mixin.py:188} INFO - [2026-05-24T16:34:28.209+0000] {dagbag.py:538} INFO - Filling up the DagBag from /opt/airflow/dags/dag_sunafil_orquestador.py
[2026-05-24T16:34:28.257+0000] {processor.py:840} INFO - DAG(s) 'orquestador_sunafil_bronze' retrieved from /opt/airflow/dags/dag_sunafil_orquestador.py
[2026-05-24T16:34:28.321+0000] {logging_mixin.py:188} INFO - [2026-05-24T16:34:28.320+0000] {dag.py:3036} INFO - Sync 1 DAGs
[2026-05-24T16:34:28.350+0000] {logging_mixin.py:188} INFO - [2026-05-24T16:34:28.349+0000] {dag.py:3823} INFO - Setting next_dagrun for orquestador_sunafil_bronze to None, run_after=None
[2026-05-24T16:34:28.429+0000] {processor.py:183} INFO - Processing /opt/airflow/dags/dag_sunafil_orquestador.py took 0.239 seconds
[2026-05-24T16:34:58.665+0000] {processor.py:161} INFO - Started process (PID=376) to work on /opt/airflow/dags/dag_sunafil_orquestador.py
[2026-05-24T16:34:58.667+0000] {processor.py:830} INFO - Processing file /opt/airflow/dags/dag_sunafil_orquestador.py for tasks to queue
[2026-05-24T16:34:58.668+0000] {logging_mixin.py:188} INFO - [2026-05-24T16:34:58.668+0000] {dagbag.py:538} INFO - Filling up the DagBag from /opt/airflow/dags/dag_sunafil_orquestador.py
[2026-05-24T16:34:58.858+0000] {processor.py:840} INFO - DAG(s) 'orquestador_sunafil_bronze' retrieved from /opt/airflow/dags/dag_sunafil_orquestador.py
[2026-05-24T16:34:58.904+0000] {logging_mixin.py:188} INFO - [2026-05-24T16:34:58.904+0000] {dag.py:3036} INFO - Sync 1 DAGs
[2026-05-24T16:34:58.924+0000] {logging_mixin.py:188} INFO - [2026-05-24T16:34:58.924+0000] {dag.py:3823} INFO - Setting next_dagrun for orquestador_sunafil_bronze to None, run_after=None
[2026-05-24T16:34:58.955+0000] {processor.py:183} INFO - Processing /opt/airflow/dags/dag_sunafil_orquestador.py took 0.294 seconds
[2026-05-24T16:35:29.310+0000] {processor.py:161} INFO - Started process (PID=381) to work on /opt/airflow/dags/dag_sunafil_orquestador.py
[2026-05-24T16:35:29.312+0000] {processor.py:830} INFO - Processing file /opt/airflow/dags/dag_sunafil_orquestador.py for tasks to queue
[2026-05-24T16:35:29.313+0000] {logging_mixin.py:188} INFO - [2026-05-24T16:35:29.313+0000] {dagbag.py:538} INFO - Filling up the DagBag from /opt/airflow/dags/dag_sunafil_orquestador.py
[2026-05-24T16:35:29.365+0000] {processor.py:840} INFO - DAG(s) 'orquestador_sunafil_bronze' retrieved from /opt/airflow/dags/dag_sunafil_orquestador.py
[2026-05-24T16:35:29.416+0000] {logging_mixin.py:188} INFO - [2026-05-24T16:35:29.415+0000] {dag.py:3036} INFO - Sync 1 DAGs
[2026-05-24T16:35:29.441+0000] {logging_mixin.py:188} INFO - [2026-05-24T16:35:29.441+0000] {dag.py:3823} INFO - Setting next_dagrun for orquestador_sunafil_bronze to None, run_after=None
[2026-05-24T16:35:29.495+0000] {processor.py:183} INFO - Processing /opt/airflow/dags/dag_sunafil_orquestador.py took 0.188 seconds
[2026-05-24T16:35:59.827+0000] {processor.py:161} INFO - Started process (PID=386) to work on /opt/airflow/dags/dag_sunafil_orquestador.py
[2026-05-24T16:35:59.830+0000] {processor.py:830} INFO - Processing file /opt/airflow/dags/dag_sunafil_orquestador.py for tasks to queue
[2026-05-24T16:35:59.833+0000] {logging_mixin.py:188} INFO - [2026-05-24T16:35:59.832+0000] {dagbag.py:538} INFO - Filling up the DagBag from /opt/airflow/dags/dag_sunafil_orquestador.py
[2026-05-24T16:35:59.867+0000] {processor.py:840} INFO - DAG(s) 'orquestador_sunafil_bronze' retrieved from /opt/airflow/dags/dag_sunafil_orquestador.py
[2026-05-24T16:35:59.908+0000] {logging_mixin.py:188} INFO - [2026-05-24T16:35:59.908+0000] {dag.py:3036} INFO - Sync 1 DAGs
[2026-05-24T16:35:59.927+0000] {logging_mixin.py:188} INFO - [2026-05-24T16:35:59.926+0000] {dag.py:3823} INFO - Setting next_dagrun for orquestador_sunafil_bronze to None, run_after=None
[2026-05-24T16:35:59.981+0000] {processor.py:183} INFO - Processing /opt/airflow/dags/dag_sunafil_orquestador.py took 0.162 seconds
[2026-05-24T16:36:30.333+0000] {processor.py:161} INFO - Started process (PID=391) to work on /opt/airflow/dags/dag_sunafil_orquestador.py
[2026-05-24T16:36:30.336+0000] {processor.py:830} INFO - Processing file /opt/airflow/dags/dag_sunafil_orquestador.py for tasks to queue
[2026-05-24T16:36:30.338+0000] {logging_mixin.py:188} INFO - [2026-05-24T16:36:30.337+0000] {dagbag.py:538} INFO - Filling up the DagBag from /opt/airflow/dags/dag_sunafil_orquestador.py
[2026-05-24T16:36:30.383+0000] {processor.py:840} INFO - DAG(s) 'orquestador_sunafil_bronze' retrieved from /opt/airflow/dags/dag_sunafil_orquestador.py
[2026-05-24T16:36:30.446+0000] {logging_mixin.py:188} INFO - [2026-05-24T16:36:30.445+0000] {dag.py:3036} INFO - Sync 1 DAGs
[2026-05-24T16:36:30.483+0000] {logging_mixin.py:188} INFO - [2026-05-24T16:36:30.482+0000] {dag.py:3823} INFO - Setting next_dagrun for orquestador_sunafil_bronze to None, run_after=None
[2026-05-24T16:36:30.542+0000] {processor.py:183} INFO - Processing /opt/airflow/dags/dag_sunafil_orquestador.py took 0.219 seconds
[2026-05-24T16:37:00.858+0000] {processor.py:161} INFO - Started process (PID=396) to work on /opt/airflow/dags/dag_sunafil_orquestador.py
[2026-05-24T16:37:00.859+0000] {processor.py:830} INFO - Processing file /opt/airflow/dags/dag_sunafil_orquestador.py for tasks to queue
[2026-05-24T16:37:00.861+0000] {logging_mixin.py:188} INFO - [2026-05-24T16:37:00.860+0000] {dagbag.py:538} INFO - Filling up the DagBag from /opt/airflow/dags/dag_sunafil_orquestador.py
[2026-05-24T16:37:00.883+0000] {processor.py:840} INFO - DAG(s) 'orquestador_sunafil_bronze' retrieved from /opt/airflow/dags/dag_sunafil_orquestador.py
[2026-05-24T16:37:00.931+0000] {logging_mixin.py:188} INFO - [2026-05-24T16:37:00.930+0000] {dag.py:3036} INFO - Sync 1 DAGs
[2026-05-24T16:37:00.952+0000] {logging_mixin.py:188} INFO - [2026-05-24T16:37:00.952+0000] {dag.py:3823} INFO - Setting next_dagrun for orquestador_sunafil_bronze to None, run_after=None
[2026-05-24T16:37:01.003+0000] {processor.py:183} INFO - Processing /opt/airflow/dags/dag_sunafil_orquestador.py took 0.149 seconds
[2026-05-24T16:37:31.341+0000] {processor.py:161} INFO - Started process (PID=401) to work on /opt/airflow/dags/dag_sunafil_orquestador.py
[2026-05-24T16:37:31.343+0000] {processor.py:830} INFO - Processing file /opt/airflow/dags/dag_sunafil_orquestador.py for tasks to queue
[2026-05-24T16:37:31.344+0000] {logging_mixin.py:188} INFO - [2026-05-24T16:37:31.344+0000] {dagbag.py:538} INFO - Filling up the DagBag from /opt/airflow/dags/dag_sunafil_orquestador.py
[2026-05-24T16:37:31.370+0000] {processor.py:840} INFO - DAG(s) 'orquestador_sunafil_bronze' retrieved from /opt/airflow/dags/dag_sunafil_orquestador.py
[2026-05-24T16:37:31.414+0000] {logging_mixin.py:188} INFO - [2026-05-24T16:37:31.414+0000] {dag.py:3036} INFO - Sync 1 DAGs
[2026-05-24T16:37:31.439+0000] {logging_mixin.py:188} INFO - [2026-05-24T16:37:31.439+0000] {dag.py:3823} INFO - Setting next_dagrun for orquestador_sunafil_bronze to None, run_after=None
[2026-05-24T16:37:31.477+0000] {processor.py:183} INFO - Processing /opt/airflow/dags/dag_sunafil_orquestador.py took 0.140 seconds
[2026-05-24T16:38:01.744+0000] {processor.py:161} INFO - Started process (PID=406) to work on /opt/airflow/dags/dag_sunafil_orquestador.py
[2026-05-24T16:38:01.747+0000] {processor.py:830} INFO - Processing file /opt/airflow/dags/dag_sunafil_orquestador.py for tasks to queue
[2026-05-24T16:38:01.749+0000] {logging_mixin.py:188} INFO - [2026-05-24T16:38:01.748+0000] {dagbag.py:538} INFO - Filling up the DagBag from /opt/airflow/dags/dag_sunafil_orquestador.py
[2026-05-24T16:38:01.789+0000] {processor.py:840} INFO - DAG(s) 'orquestador_sunafil_bronze' retrieved from /opt/airflow/dags/dag_sunafil_orquestador.py
[2026-05-24T16:38:01.856+0000] {logging_mixin.py:188} INFO - [2026-05-24T16:38:01.855+0000] {dag.py:3036} INFO - Sync 1 DAGs
[2026-05-24T16:38:01.877+0000] {logging_mixin.py:188} INFO - [2026-05-24T16:38:01.877+0000] {dag.py:3823} INFO - Setting next_dagrun for orquestador_sunafil_bronze to None, run_after=None
[2026-05-24T16:38:01.910+0000] {processor.py:183} INFO - Processing /opt/airflow/dags/dag_sunafil_orquestador.py took 0.172 seconds
[2026-05-24T16:38:32.336+0000] {processor.py:161} INFO - Started process (PID=411) to work on /opt/airflow/dags/dag_sunafil_orquestador.py
[2026-05-24T16:38:32.338+0000] {processor.py:830} INFO - Processing file /opt/airflow/dags/dag_sunafil_orquestador.py for tasks to queue
[2026-05-24T16:38:32.340+0000] {logging_mixin.py:188} INFO - [2026-05-24T16:38:32.339+0000] {dagbag.py:538} INFO - Filling up the DagBag from /opt/airflow/dags/dag_sunafil_orquestador.py
[2026-05-24T16:38:32.372+0000] {processor.py:840} INFO - DAG(s) 'orquestador_sunafil_bronze' retrieved from /opt/airflow/dags/dag_sunafil_orquestador.py
[2026-05-24T16:38:32.427+0000] {logging_mixin.py:188} INFO - [2026-05-24T16:38:32.427+0000] {dag.py:3036} INFO - Sync 1 DAGs
[2026-05-24T16:38:32.455+0000] {logging_mixin.py:188} INFO - [2026-05-24T16:38:32.454+0000] {dag.py:3823} INFO - Setting next_dagrun for orquestador_sunafil_bronze to None, run_after=None
[2026-05-24T16:38:32.517+0000] {processor.py:183} INFO - Processing /opt/airflow/dags/dag_sunafil_orquestador.py took 0.186 seconds
[2026-05-24T16:39:02.752+0000] {processor.py:161} INFO - Started process (PID=416) to work on /opt/airflow/dags/dag_sunafil_orquestador.py
[2026-05-24T16:39:02.753+0000] {processor.py:830} INFO - Processing file /opt/airflow/dags/dag_sunafil_orquestador.py for tasks to queue
[2026-05-24T16:39:02.755+0000] {logging_mixin.py:188} INFO - [2026-05-24T16:39:02.755+0000] {dagbag.py:538} INFO - Filling up the DagBag from /opt/airflow/dags/dag_sunafil_orquestador.py
[2026-05-24T16:39:02.781+0000] {processor.py:840} INFO - DAG(s) 'orquestador_sunafil_bronze' retrieved from /opt/airflow/dags/dag_sunafil_orquestador.py
[2026-05-24T16:39:02.831+0000] {logging_mixin.py:188} INFO - [2026-05-24T16:39:02.831+0000] {dag.py:3036} INFO - Sync 1 DAGs
[2026-05-24T16:39:02.850+0000] {logging_mixin.py:188} INFO - [2026-05-24T16:39:02.850+0000] {dag.py:3823} INFO - Setting next_dagrun for orquestador_sunafil_bronze to None, run_after=None
[2026-05-24T16:39:02.882+0000] {processor.py:183} INFO - Processing /opt/airflow/dags/dag_sunafil_orquestador.py took 0.134 seconds
[2026-05-24T16:39:33.295+0000] {processor.py:161} INFO - Started process (PID=421) to work on /opt/airflow/dags/dag_sunafil_orquestador.py
[2026-05-24T16:39:33.297+0000] {processor.py:830} INFO - Processing file /opt/airflow/dags/dag_sunafil_orquestador.py for tasks to queue
[2026-05-24T16:39:33.299+0000] {logging_mixin.py:188} INFO - [2026-05-24T16:39:33.298+0000] {dagbag.py:538} INFO - Filling up the DagBag from /opt/airflow/dags/dag_sunafil_orquestador.py
[2026-05-24T16:39:33.337+0000] {processor.py:840} INFO - DAG(s) 'orquestador_sunafil_bronze' retrieved from /opt/airflow/dags/dag_sunafil_orquestador.py
[2026-05-24T16:39:33.405+0000] {logging_mixin.py:188} INFO - [2026-05-24T16:39:33.405+0000] {dag.py:3036} INFO - Sync 1 DAGs
[2026-05-24T16:39:33.535+0000] {logging_mixin.py:188} INFO - [2026-05-24T16:39:33.533+0000] {dag.py:3823} INFO - Setting next_dagrun for orquestador_sunafil_bronze to None, run_after=None
[2026-05-24T16:39:33.665+0000] {processor.py:183} INFO - Processing /opt/airflow/dags/dag_sunafil_orquestador.py took 0.377 seconds
[2026-05-24T16:40:03.754+0000] {processor.py:161} INFO - Started process (PID=426) to work on /opt/airflow/dags/dag_sunafil_orquestador.py
[2026-05-24T16:40:03.756+0000] {processor.py:830} INFO - Processing file /opt/airflow/dags/dag_sunafil_orquestador.py for tasks to queue
[2026-05-24T16:40:03.757+0000] {logging_mixin.py:188} INFO - [2026-05-24T16:40:03.757+0000] {dagbag.py:538} INFO - Filling up the DagBag from /opt/airflow/dags/dag_sunafil_orquestador.py
[2026-05-24T16:40:03.815+0000] {processor.py:840} INFO - DAG(s) 'orquestador_sunafil_bronze' retrieved from /opt/airflow/dags/dag_sunafil_orquestador.py
[2026-05-24T16:40:03.883+0000] {logging_mixin.py:188} INFO - [2026-05-24T16:40:03.882+0000] {dag.py:3036} INFO - Sync 1 DAGs
[2026-05-24T16:40:03.916+0000] {logging_mixin.py:188} INFO - [2026-05-24T16:40:03.916+0000] {dag.py:3823} INFO - Setting next_dagrun for orquestador_sunafil_bronze to None, run_after=None
[2026-05-24T16:40:03.968+0000] {processor.py:183} INFO - Processing /opt/airflow/dags/dag_sunafil_orquestador.py took 0.217 seconds
[2026-05-24T16:40:34.139+0000] {processor.py:161} INFO - Started process (PID=431) to work on /opt/airflow/dags/dag_sunafil_orquestador.py
[2026-05-24T16:40:34.141+0000] {processor.py:830} INFO - Processing file /opt/airflow/dags/dag_sunafil_orquestador.py for tasks to queue
[2026-05-24T16:40:34.142+0000] {logging_mixin.py:188} INFO - [2026-05-24T16:40:34.142+0000] {dagbag.py:538} INFO - Filling up the DagBag from /opt/airflow/dags/dag_sunafil_orquestador.py
[2026-05-24T16:40:34.163+0000] {processor.py:840} INFO - DAG(s) 'orquestador_sunafil_bronze' retrieved from /opt/airflow/dags/dag_sunafil_orquestador.py
[2026-05-24T16:40:34.288+0000] {logging_mixin.py:188} INFO - [2026-05-24T16:40:34.288+0000] {dag.py:3036} INFO - Sync 1 DAGs
[2026-05-24T16:40:34.307+0000] {logging_mixin.py:188} INFO - [2026-05-24T16:40:34.307+0000] {dag.py:3823} INFO - Setting next_dagrun for orquestador_sunafil_bronze to None, run_after=None
[2026-05-24T16:40:34.344+0000] {processor.py:183} INFO - Processing /opt/airflow/dags/dag_sunafil_orquestador.py took 0.209 seconds
[2026-05-24T16:41:04.791+0000] {processor.py:161} INFO - Started process (PID=436) to work on /opt/airflow/dags/dag_sunafil_orquestador.py
[2026-05-24T16:41:04.793+0000] {processor.py:830} INFO - Processing file /opt/airflow/dags/dag_sunafil_orquestador.py for tasks to queue
[2026-05-24T16:41:04.796+0000] {logging_mixin.py:188} INFO - [2026-05-24T16:41:04.795+0000] {dagbag.py:538} INFO - Filling up the DagBag from /opt/airflow/dags/dag_sunafil_orquestador.py
[2026-05-24T16:41:04.834+0000] {processor.py:840} INFO - DAG(s) 'orquestador_sunafil_bronze' retrieved from /opt/airflow/dags/dag_sunafil_orquestador.py
[2026-05-24T16:41:04.879+0000] {logging_mixin.py:188} INFO - [2026-05-24T16:41:04.879+0000] {dag.py:3036} INFO - Sync 1 DAGs
[2026-05-24T16:41:04.900+0000] {logging_mixin.py:188} INFO - [2026-05-24T16:41:04.899+0000] {dag.py:3823} INFO - Setting next_dagrun for orquestador_sunafil_bronze to None, run_after=None
[2026-05-24T16:41:04.966+0000] {processor.py:183} INFO - Processing /opt/airflow/dags/dag_sunafil_orquestador.py took 0.182 seconds
[2026-05-24T16:41:35.226+0000] {processor.py:161} INFO - Started process (PID=441) to work on /opt/airflow/dags/dag_sunafil_orquestador.py
[2026-05-24T16:41:35.229+0000] {processor.py:830} INFO - Processing file /opt/airflow/dags/dag_sunafil_orquestador.py for tasks to queue
[2026-05-24T16:41:35.231+0000] {logging_mixin.py:188} INFO - [2026-05-24T16:41:35.230+0000] {dagbag.py:538} INFO - Filling up the DagBag from /opt/airflow/dags/dag_sunafil_orquestador.py
[2026-05-24T16:41:35.263+0000] {processor.py:840} INFO - DAG(s) 'orquestador_sunafil_bronze' retrieved from /opt/airflow/dags/dag_sunafil_orquestador.py
[2026-05-24T16:41:35.311+0000] {logging_mixin.py:188} INFO - [2026-05-24T16:41:35.311+0000] {dag.py:3036} INFO - Sync 1 DAGs
[2026-05-24T16:41:35.338+0000] {logging_mixin.py:188} INFO - [2026-05-24T16:41:35.337+0000] {dag.py:3823} INFO - Setting next_dagrun for orquestador_sunafil_bronze to None, run_after=None
[2026-05-24T16:41:35.389+0000] {processor.py:183} INFO - Processing /opt/airflow/dags/dag_sunafil_orquestador.py took 0.173 seconds
[2026-05-24T16:42:05.961+0000] {processor.py:161} INFO - Started process (PID=446) to work on /opt/airflow/dags/dag_sunafil_orquestador.py
[2026-05-24T16:42:05.965+0000] {processor.py:830} INFO - Processing file /opt/airflow/dags/dag_sunafil_orquestador.py for tasks to queue
[2026-05-24T16:42:05.971+0000] {logging_mixin.py:188} INFO - [2026-05-24T16:42:05.969+0000] {dagbag.py:538} INFO - Filling up the DagBag from /opt/airflow/dags/dag_sunafil_orquestador.py
[2026-05-24T16:42:06.100+0000] {processor.py:840} INFO - DAG(s) 'orquestador_sunafil_bronze' retrieved from /opt/airflow/dags/dag_sunafil_orquestador.py
[2026-05-24T16:42:06.199+0000] {logging_mixin.py:188} INFO - [2026-05-24T16:42:06.198+0000] {dag.py:3036} INFO - Sync 1 DAGs
[2026-05-24T16:42:06.222+0000] {logging_mixin.py:188} INFO - [2026-05-24T16:42:06.222+0000] {dag.py:3823} INFO - Setting next_dagrun for orquestador_sunafil_bronze to None, run_after=None
[2026-05-24T16:42:06.255+0000] {processor.py:183} INFO - Processing /opt/airflow/dags/dag_sunafil_orquestador.py took 0.311 seconds
[2026-05-24T16:42:36.790+0000] {processor.py:161} INFO - Started process (PID=451) to work on /opt/airflow/dags/dag_sunafil_orquestador.py
[2026-05-24T16:42:36.793+0000] {processor.py:830} INFO - Processing file /opt/airflow/dags/dag_sunafil_orquestador.py for tasks to queue
[2026-05-24T16:42:36.796+0000] {logging_mixin.py:188} INFO - [2026-05-24T16:42:36.795+0000] {dagbag.py:538} INFO - Filling up the DagBag from /opt/airflow/dags/dag_sunafil_orquestador.py
[2026-05-24T16:42:36.834+0000] {processor.py:840} INFO - DAG(s) 'orquestador_sunafil_bronze' retrieved from /opt/airflow/dags/dag_sunafil_orquestador.py
[2026-05-24T16:42:36.881+0000] {logging_mixin.py:188} INFO - [2026-05-24T16:42:36.881+0000] {dag.py:3036} INFO - Sync 1 DAGs
[2026-05-24T16:42:36.900+0000] {logging_mixin.py:188} INFO - [2026-05-24T16:42:36.899+0000] {dag.py:3823} INFO - Setting next_dagrun for orquestador_sunafil_bronze to None, run_after=None
[2026-05-24T16:42:36.932+0000] {processor.py:183} INFO - Processing /opt/airflow/dags/dag_sunafil_orquestador.py took 0.153 seconds
[2026-05-24T16:43:07.217+0000] {processor.py:161} INFO - Started process (PID=456) to work on /opt/airflow/dags/dag_sunafil_orquestador.py
[2026-05-24T16:43:07.219+0000] {processor.py:830} INFO - Processing file /opt/airflow/dags/dag_sunafil_orquestador.py for tasks to queue
[2026-05-24T16:43:07.221+0000] {logging_mixin.py:188} INFO - [2026-05-24T16:43:07.220+0000] {dagbag.py:538} INFO - Filling up the DagBag from /opt/airflow/dags/dag_sunafil_orquestador.py
[2026-05-24T16:43:07.253+0000] {processor.py:840} INFO - DAG(s) 'orquestador_sunafil_bronze' retrieved from /opt/airflow/dags/dag_sunafil_orquestador.py
[2026-05-24T16:43:07.302+0000] {logging_mixin.py:188} INFO - [2026-05-24T16:43:07.301+0000] {dag.py:3036} INFO - Sync 1 DAGs
[2026-05-24T16:43:07.326+0000] {logging_mixin.py:188} INFO - [2026-05-24T16:43:07.326+0000] {dag.py:3823} INFO - Setting next_dagrun for orquestador_sunafil_bronze to None, run_after=None
[2026-05-24T16:43:07.358+0000] {processor.py:183} INFO - Processing /opt/airflow/dags/dag_sunafil_orquestador.py took 0.148 seconds
[2026-05-24T16:43:37.740+0000] {processor.py:161} INFO - Started process (PID=461) to work on /opt/airflow/dags/dag_sunafil_orquestador.py
[2026-05-24T16:43:37.742+0000] {processor.py:830} INFO - Processing file /opt/airflow/dags/dag_sunafil_orquestador.py for tasks to queue
[2026-05-24T16:43:37.743+0000] {logging_mixin.py:188} INFO - [2026-05-24T16:43:37.743+0000] {dagbag.py:538} INFO - Filling up the DagBag from /opt/airflow/dags/dag_sunafil_orquestador.py
[2026-05-24T16:43:37.811+0000] {processor.py:840} INFO - DAG(s) 'orquestador_sunafil_bronze' retrieved from /opt/airflow/dags/dag_sunafil_orquestador.py
[2026-05-24T16:43:37.850+0000] {logging_mixin.py:188} INFO - [2026-05-24T16:43:37.850+0000] {dag.py:3036} INFO - Sync 1 DAGs
[2026-05-24T16:43:37.869+0000] {logging_mixin.py:188} INFO - [2026-05-24T16:43:37.869+0000] {dag.py:3823} INFO - Setting next_dagrun for orquestador_sunafil_bronze to None, run_after=None
[2026-05-24T16:43:37.921+0000] {processor.py:183} INFO - Processing /opt/airflow/dags/dag_sunafil_orquestador.py took 0.184 seconds
[2026-05-24T16:44:08.175+0000] {processor.py:161} INFO - Started process (PID=466) to work on /opt/airflow/dags/dag_sunafil_orquestador.py
[2026-05-24T16:44:08.176+0000] {processor.py:830} INFO - Processing file /opt/airflow/dags/dag_sunafil_orquestador.py for tasks to queue
[2026-05-24T16:44:08.178+0000] {logging_mixin.py:188} INFO - [2026-05-24T16:44:08.178+0000] {dagbag.py:538} INFO - Filling up the DagBag from /opt/airflow/dags/dag_sunafil_orquestador.py
[2026-05-24T16:44:08.206+0000] {processor.py:840} INFO - DAG(s) 'orquestador_sunafil_bronze' retrieved from /opt/airflow/dags/dag_sunafil_orquestador.py
[2026-05-24T16:44:08.251+0000] {logging_mixin.py:188} INFO - [2026-05-24T16:44:08.251+0000] {dag.py:3036} INFO - Sync 1 DAGs
[2026-05-24T16:44:08.274+0000] {logging_mixin.py:188} INFO - [2026-05-24T16:44:08.274+0000] {dag.py:3823} INFO - Setting next_dagrun for orquestador_sunafil_bronze to None, run_after=None
[2026-05-24T16:44:08.311+0000] {processor.py:183} INFO - Processing /opt/airflow/dags/dag_sunafil_orquestador.py took 0.140 seconds
[2026-05-24T16:44:38.621+0000] {processor.py:161} INFO - Started process (PID=471) to work on /opt/airflow/dags/dag_sunafil_orquestador.py
[2026-05-24T16:44:38.623+0000] {processor.py:830} INFO - Processing file /opt/airflow/dags/dag_sunafil_orquestador.py for tasks to queue
[2026-05-24T16:44:38.625+0000] {logging_mixin.py:188} INFO - [2026-05-24T16:44:38.624+0000] {dagbag.py:538} INFO - Filling up the DagBag from /opt/airflow/dags/dag_sunafil_orquestador.py
[2026-05-24T16:44:38.648+0000] {processor.py:840} INFO - DAG(s) 'orquestador_sunafil_bronze' retrieved from /opt/airflow/dags/dag_sunafil_orquestador.py
[2026-05-24T16:44:38.688+0000] {logging_mixin.py:188} INFO - [2026-05-24T16:44:38.687+0000] {dag.py:3036} INFO - Sync 1 DAGs
[2026-05-24T16:44:38.711+0000] {logging_mixin.py:188} INFO - [2026-05-24T16:44:38.711+0000] {dag.py:3823} INFO - Setting next_dagrun for orquestador_sunafil_bronze to None, run_after=None
[2026-05-24T16:44:38.754+0000] {processor.py:183} INFO - Processing /opt/airflow/dags/dag_sunafil_orquestador.py took 0.137 seconds
[2026-05-24T16:45:09.095+0000] {processor.py:161} INFO - Started process (PID=476) to work on /opt/airflow/dags/dag_sunafil_orquestador.py
[2026-05-24T16:45:09.098+0000] {processor.py:830} INFO - Processing file /opt/airflow/dags/dag_sunafil_orquestador.py for tasks to queue
[2026-05-24T16:45:09.100+0000] {logging_mixin.py:188} INFO - [2026-05-24T16:45:09.099+0000] {dagbag.py:538} INFO - Filling up the DagBag from /opt/airflow/dags/dag_sunafil_orquestador.py
[2026-05-24T16:45:09.131+0000] {processor.py:840} INFO - DAG(s) 'orquestador_sunafil_bronze' retrieved from /opt/airflow/dags/dag_sunafil_orquestador.py
[2026-05-24T16:45:09.176+0000] {logging_mixin.py:188} INFO - [2026-05-24T16:45:09.175+0000] {dag.py:3036} INFO - Sync 1 DAGs
[2026-05-24T16:45:09.197+0000] {logging_mixin.py:188} INFO - [2026-05-24T16:45:09.196+0000] {dag.py:3823} INFO - Setting next_dagrun for orquestador_sunafil_bronze to None, run_after=None
[2026-05-24T16:45:09.239+0000] {processor.py:183} INFO - Processing /opt/airflow/dags/dag_sunafil_orquestador.py took 0.150 seconds
[2026-05-24T16:45:39.691+0000] {processor.py:161} INFO - Started process (PID=481) to work on /opt/airflow/dags/dag_sunafil_orquestador.py
[2026-05-24T16:45:39.693+0000] {processor.py:830} INFO - Processing file /opt/airflow/dags/dag_sunafil_orquestador.py for tasks to queue
[2026-05-24T16:45:39.696+0000] {logging_mixin.py:188} INFO - [2026-05-24T16:45:39.695+0000] {dagbag.py:538} INFO - Filling up the DagBag from /opt/airflow/dags/dag_sunafil_orquestador.py
[2026-05-24T16:45:39.741+0000] {processor.py:840} INFO - DAG(s) 'orquestador_sunafil_bronze' retrieved from /opt/airflow/dags/dag_sunafil_orquestador.py
[2026-05-24T16:45:40.300+0000] {logging_mixin.py:188} INFO - [2026-05-24T16:45:40.299+0000] {dag.py:3036} INFO - Sync 1 DAGs
[2026-05-24T16:45:42.055+0000] {logging_mixin.py:188} INFO - [2026-05-24T16:45:42.054+0000] {dag.py:3823} INFO - Setting next_dagrun for orquestador_sunafil_bronze to None, run_after=None
[2026-05-24T16:45:42.134+0000] {processor.py:183} INFO - Processing /opt/airflow/dags/dag_sunafil_orquestador.py took 2.450 seconds
[2026-05-24T16:46:12.534+0000] {processor.py:161} INFO - Started process (PID=486) to work on /opt/airflow/dags/dag_sunafil_orquestador.py
[2026-05-24T16:46:12.537+0000] {processor.py:830} INFO - Processing file /opt/airflow/dags/dag_sunafil_orquestador.py for tasks to queue
[2026-05-24T16:46:12.540+0000] {logging_mixin.py:188} INFO - [2026-05-24T16:46:12.539+0000] {dagbag.py:538} INFO - Filling up the DagBag from /opt/airflow/dags/dag_sunafil_orquestador.py
[2026-05-24T16:46:12.603+0000] {processor.py:840} INFO - DAG(s) 'orquestador_sunafil_bronze' retrieved from /opt/airflow/dags/dag_sunafil_orquestador.py
[2026-05-24T16:46:12.779+0000] {logging_mixin.py:188} INFO - [2026-05-24T16:46:12.779+0000] {dag.py:3036} INFO - Sync 1 DAGs
[2026-05-24T16:46:12.817+0000] {logging_mixin.py:188} INFO - [2026-05-24T16:46:12.817+0000] {dag.py:3823} INFO - Setting next_dagrun for orquestador_sunafil_bronze to None, run_after=None
[2026-05-24T16:46:12.850+0000] {processor.py:183} INFO - Processing /opt/airflow/dags/dag_sunafil_orquestador.py took 0.326 seconds
[2026-05-24T19:02:35.393+0000] {processor.py:161} INFO - Started process (PID=184) to work on /opt/airflow/dags/dag_sunafil_orquestador.py
[2026-05-24T19:02:38.952+0000] {processor.py:830} INFO - Processing file /opt/airflow/dags/dag_sunafil_orquestador.py for tasks to queue
[2026-05-24T19:02:39.201+0000] {logging_mixin.py:188} INFO - [2026-05-24T19:02:39.201+0000] {dagbag.py:538} INFO - Filling up the DagBag from /opt/airflow/dags/dag_sunafil_orquestador.py
[2026-05-24T19:02:49.621+0000] {processor.py:840} INFO - DAG(s) 'orquestador_sunafil_bronze' retrieved from /opt/airflow/dags/dag_sunafil_orquestador.py
[2026-05-24T19:02:57.671+0000] {logging_mixin.py:188} INFO - [2026-05-24T19:02:57.671+0000] {dag.py:3036} INFO - Sync 1 DAGs
[2026-05-24T19:02:57.941+0000] {logging_mixin.py:188} INFO - [2026-05-24T19:02:57.941+0000] {dag.py:3823} INFO - Setting next_dagrun for orquestador_sunafil_bronze to None, run_after=None
[2026-05-24T19:02:57.993+0000] {processor.py:183} INFO - Processing /opt/airflow/dags/dag_sunafil_orquestador.py took 33.844 seconds
[2026-05-24T19:03:30.009+0000] {processor.py:161} INFO - Started process (PID=190) to work on /opt/airflow/dags/dag_sunafil_orquestador.py
[2026-05-24T19:03:30.024+0000] {processor.py:830} INFO - Processing file /opt/airflow/dags/dag_sunafil_orquestador.py for tasks to queue
[2026-05-24T19:03:30.025+0000] {logging_mixin.py:188} INFO - [2026-05-24T19:03:30.025+0000] {dagbag.py:538} INFO - Filling up the DagBag from /opt/airflow/dags/dag_sunafil_orquestador.py
[2026-05-24T19:03:30.061+0000] {processor.py:840} INFO - DAG(s) 'orquestador_sunafil_bronze' retrieved from /opt/airflow/dags/dag_sunafil_orquestador.py
[2026-05-24T19:03:30.102+0000] {logging_mixin.py:188} INFO - [2026-05-24T19:03:30.102+0000] {dag.py:3036} INFO - Sync 1 DAGs
[2026-05-24T19:03:30.122+0000] {logging_mixin.py:188} INFO - [2026-05-24T19:03:30.122+0000] {dag.py:3823} INFO - Setting next_dagrun for orquestador_sunafil_bronze to None, run_after=None
[2026-05-24T19:03:30.156+0000] {processor.py:183} INFO - Processing /opt/airflow/dags/dag_sunafil_orquestador.py took 0.462 seconds
[2026-05-24T19:04:00.550+0000] {processor.py:161} INFO - Started process (PID=195) to work on /opt/airflow/dags/dag_sunafil_orquestador.py
[2026-05-24T19:04:00.552+0000] {processor.py:830} INFO - Processing file /opt/airflow/dags/dag_sunafil_orquestador.py for tasks to queue
[2026-05-24T19:04:00.553+0000] {logging_mixin.py:188} INFO - [2026-05-24T19:04:00.553+0000] {dagbag.py:538} INFO - Filling up the DagBag from /opt/airflow/dags/dag_sunafil_orquestador.py
[2026-05-24T19:04:00.575+0000] {processor.py:840} INFO - DAG(s) 'orquestador_sunafil_bronze' retrieved from /opt/airflow/dags/dag_sunafil_orquestador.py
[2026-05-24T19:04:00.619+0000] {logging_mixin.py:188} INFO - [2026-05-24T19:04:00.619+0000] {dag.py:3036} INFO - Sync 1 DAGs
[2026-05-24T19:04:00.639+0000] {logging_mixin.py:188} INFO - [2026-05-24T19:04:00.638+0000] {dag.py:3823} INFO - Setting next_dagrun for orquestador_sunafil_bronze to None, run_after=None
[2026-05-24T19:04:00.677+0000] {processor.py:183} INFO - Processing /opt/airflow/dags/dag_sunafil_orquestador.py took 0.131 seconds
[2026-05-24T19:04:30.938+0000] {processor.py:161} INFO - Started process (PID=200) to work on /opt/airflow/dags/dag_sunafil_orquestador.py
[2026-05-24T19:04:30.940+0000] {processor.py:830} INFO - Processing file /opt/airflow/dags/dag_sunafil_orquestador.py for tasks to queue
[2026-05-24T19:04:30.941+0000] {logging_mixin.py:188} INFO - [2026-05-24T19:04:30.941+0000] {dagbag.py:538} INFO - Filling up the DagBag from /opt/airflow/dags/dag_sunafil_orquestador.py
[2026-05-24T19:04:30.967+0000] {processor.py:840} INFO - DAG(s) 'orquestador_sunafil_bronze' retrieved from /opt/airflow/dags/dag_sunafil_orquestador.py
[2026-05-24T19:04:31.011+0000] {logging_mixin.py:188} INFO - [2026-05-24T19:04:31.011+0000] {dag.py:3036} INFO - Sync 1 DAGs
[2026-05-24T19:04:31.031+0000] {logging_mixin.py:188} INFO - [2026-05-24T19:04:31.031+0000] {dag.py:3823} INFO - Setting next_dagrun for orquestador_sunafil_bronze to None, run_after=None
[2026-05-24T19:04:31.062+0000] {processor.py:183} INFO - Processing /opt/airflow/dags/dag_sunafil_orquestador.py took 0.130 seconds
[2026-05-24T19:05:01.453+0000] {processor.py:161} INFO - Started process (PID=205) to work on /opt/airflow/dags/dag_sunafil_orquestador.py
[2026-05-24T19:05:01.454+0000] {processor.py:830} INFO - Processing file /opt/airflow/dags/dag_sunafil_orquestador.py for tasks to queue
[2026-05-24T19:05:01.456+0000] {logging_mixin.py:188} INFO - [2026-05-24T19:05:01.455+0000] {dagbag.py:538} INFO - Filling up the DagBag from /opt/airflow/dags/dag_sunafil_orquestador.py
[2026-05-24T19:05:01.481+0000] {processor.py:840} INFO - DAG(s) 'orquestador_sunafil_bronze' retrieved from /opt/airflow/dags/dag_sunafil_orquestador.py
[2026-05-24T19:05:01.525+0000] {logging_mixin.py:188} INFO - [2026-05-24T19:05:01.525+0000] {dag.py:3036} INFO - Sync 1 DAGs
[2026-05-24T19:05:01.545+0000] {logging_mixin.py:188} INFO - [2026-05-24T19:05:01.545+0000] {dag.py:3823} INFO - Setting next_dagrun for orquestador_sunafil_bronze to None, run_after=None
[2026-05-24T19:05:01.579+0000] {processor.py:183} INFO - Processing /opt/airflow/dags/dag_sunafil_orquestador.py took 0.132 seconds
[2026-05-24T19:05:31.771+0000] {processor.py:161} INFO - Started process (PID=210) to work on /opt/airflow/dags/dag_sunafil_orquestador.py
[2026-05-24T19:05:31.773+0000] {processor.py:830} INFO - Processing file /opt/airflow/dags/dag_sunafil_orquestador.py for tasks to queue
[2026-05-24T19:05:31.774+0000] {logging_mixin.py:188} INFO - [2026-05-24T19:05:31.774+0000] {dagbag.py:538} INFO - Filling up the DagBag from /opt/airflow/dags/dag_sunafil_orquestador.py
[2026-05-24T19:05:31.821+0000] {processor.py:840} INFO - DAG(s) 'orquestador_sunafil_bronze' retrieved from /opt/airflow/dags/dag_sunafil_orquestador.py
[2026-05-24T19:05:31.863+0000] {logging_mixin.py:188} INFO - [2026-05-24T19:05:31.863+0000] {dag.py:3036} INFO - Sync 1 DAGs
[2026-05-24T19:05:31.883+0000] {logging_mixin.py:188} INFO - [2026-05-24T19:05:31.882+0000] {dag.py:3823} INFO - Setting next_dagrun for orquestador_sunafil_bronze to None, run_after=None
[2026-05-24T19:05:31.915+0000] {processor.py:183} INFO - Processing /opt/airflow/dags/dag_sunafil_orquestador.py took 0.148 seconds
[2026-05-24T19:06:02.236+0000] {processor.py:161} INFO - Started process (PID=215) to work on /opt/airflow/dags/dag_sunafil_orquestador.py
[2026-05-24T19:06:02.237+0000] {processor.py:830} INFO - Processing file /opt/airflow/dags/dag_sunafil_orquestador.py for tasks to queue
[2026-05-24T19:06:02.238+0000] {logging_mixin.py:188} INFO - [2026-05-24T19:06:02.238+0000] {dagbag.py:538} INFO - Filling up the DagBag from /opt/airflow/dags/dag_sunafil_orquestador.py
[2026-05-24T19:06:02.258+0000] {processor.py:840} INFO - DAG(s) 'orquestador_sunafil_bronze' retrieved from /opt/airflow/dags/dag_sunafil_orquestador.py
[2026-05-24T19:06:02.298+0000] {logging_mixin.py:188} INFO - [2026-05-24T19:06:02.298+0000] {dag.py:3036} INFO - Sync 1 DAGs
[2026-05-24T19:06:02.318+0000] {logging_mixin.py:188} INFO - [2026-05-24T19:06:02.318+0000] {dag.py:3823} INFO - Setting next_dagrun for orquestador_sunafil_bronze to None, run_after=None
[2026-05-24T19:06:02.349+0000] {processor.py:183} INFO - Processing /opt/airflow/dags/dag_sunafil_orquestador.py took 0.118 seconds
[2026-05-24T19:06:32.607+0000] {processor.py:161} INFO - Started process (PID=220) to work on /opt/airflow/dags/dag_sunafil_orquestador.py
[2026-05-24T19:06:32.608+0000] {processor.py:830} INFO - Processing file /opt/airflow/dags/dag_sunafil_orquestador.py for tasks to queue
[2026-05-24T19:06:32.609+0000] {logging_mixin.py:188} INFO - [2026-05-24T19:06:32.609+0000] {dagbag.py:538} INFO - Filling up the DagBag from /opt/airflow/dags/dag_sunafil_orquestador.py
[2026-05-24T19:06:32.629+0000] {processor.py:840} INFO - DAG(s) 'orquestador_sunafil_bronze' retrieved from /opt/airflow/dags/dag_sunafil_orquestador.py
[2026-05-24T19:06:32.674+0000] {logging_mixin.py:188} INFO - [2026-05-24T19:06:32.674+0000] {dag.py:3036} INFO - Sync 1 DAGs
[2026-05-24T19:06:32.695+0000] {logging_mixin.py:188} INFO - [2026-05-24T19:06:32.695+0000] {dag.py:3823} INFO - Setting next_dagrun for orquestador_sunafil_bronze to None, run_after=None
[2026-05-24T19:06:32.727+0000] {processor.py:183} INFO - Processing /opt/airflow/dags/dag_sunafil_orquestador.py took 0.124 seconds
[2026-05-24T19:07:03.104+0000] {processor.py:161} INFO - Started process (PID=225) to work on /opt/airflow/dags/dag_sunafil_orquestador.py
[2026-05-24T19:07:03.106+0000] {processor.py:830} INFO - Processing file /opt/airflow/dags/dag_sunafil_orquestador.py for tasks to queue
[2026-05-24T19:07:03.107+0000] {logging_mixin.py:188} INFO - [2026-05-24T19:07:03.106+0000] {dagbag.py:538} INFO - Filling up the DagBag from /opt/airflow/dags/dag_sunafil_orquestador.py
[2026-05-24T19:07:03.128+0000] {processor.py:840} INFO - DAG(s) 'orquestador_sunafil_bronze' retrieved from /opt/airflow/dags/dag_sunafil_orquestador.py
[2026-05-24T19:07:03.173+0000] {logging_mixin.py:188} INFO - [2026-05-24T19:07:03.172+0000] {dag.py:3036} INFO - Sync 1 DAGs
[2026-05-24T19:07:03.194+0000] {logging_mixin.py:188} INFO - [2026-05-24T19:07:03.194+0000] {dag.py:3823} INFO - Setting next_dagrun for orquestador_sunafil_bronze to None, run_after=None
[2026-05-24T19:07:03.227+0000] {processor.py:183} INFO - Processing /opt/airflow/dags/dag_sunafil_orquestador.py took 0.126 seconds
[2026-05-24T19:07:33.558+0000] {processor.py:161} INFO - Started process (PID=230) to work on /opt/airflow/dags/dag_sunafil_orquestador.py
[2026-05-24T19:07:33.559+0000] {processor.py:830} INFO - Processing file /opt/airflow/dags/dag_sunafil_orquestador.py for tasks to queue
[2026-05-24T19:07:33.561+0000] {logging_mixin.py:188} INFO - [2026-05-24T19:07:33.560+0000] {dagbag.py:538} INFO - Filling up the DagBag from /opt/airflow/dags/dag_sunafil_orquestador.py
[2026-05-24T19:07:33.580+0000] {processor.py:840} INFO - DAG(s) 'orquestador_sunafil_bronze' retrieved from /opt/airflow/dags/dag_sunafil_orquestador.py
[2026-05-24T19:07:33.618+0000] {logging_mixin.py:188} INFO - [2026-05-24T19:07:33.618+0000] {dag.py:3036} INFO - Sync 1 DAGs
[2026-05-24T19:07:33.638+0000] {logging_mixin.py:188} INFO - [2026-05-24T19:07:33.638+0000] {dag.py:3823} INFO - Setting next_dagrun for orquestador_sunafil_bronze to None, run_after=None
[2026-05-24T19:07:33.670+0000] {processor.py:183} INFO - Processing /opt/airflow/dags/dag_sunafil_orquestador.py took 0.116 seconds
[2026-05-24T19:08:03.916+0000] {processor.py:161} INFO - Started process (PID=235) to work on /opt/airflow/dags/dag_sunafil_orquestador.py
[2026-05-24T19:08:03.918+0000] {processor.py:830} INFO - Processing file /opt/airflow/dags/dag_sunafil_orquestador.py for tasks to queue
[2026-05-24T19:08:03.919+0000] {logging_mixin.py:188} INFO - [2026-05-24T19:08:03.919+0000] {dagbag.py:538} INFO - Filling up the DagBag from /opt/airflow/dags/dag_sunafil_orquestador.py
[2026-05-24T19:08:03.940+0000] {processor.py:840} INFO - DAG(s) 'orquestador_sunafil_bronze' retrieved from /opt/airflow/dags/dag_sunafil_orquestador.py
[2026-05-24T19:08:03.985+0000] {logging_mixin.py:188} INFO - [2026-05-24T19:08:03.984+0000] {dag.py:3036} INFO - Sync 1 DAGs
[2026-05-24T19:08:04.004+0000] {logging_mixin.py:188} INFO - [2026-05-24T19:08:04.004+0000] {dag.py:3823} INFO - Setting next_dagrun for orquestador_sunafil_bronze to None, run_after=None
[2026-05-24T19:08:04.035+0000] {processor.py:183} INFO - Processing /opt/airflow/dags/dag_sunafil_orquestador.py took 0.124 seconds
[2026-05-24T19:08:34.359+0000] {processor.py:161} INFO - Started process (PID=240) to work on /opt/airflow/dags/dag_sunafil_orquestador.py
[2026-05-24T19:08:34.361+0000] {processor.py:830} INFO - Processing file /opt/airflow/dags/dag_sunafil_orquestador.py for tasks to queue
[2026-05-24T19:08:34.362+0000] {logging_mixin.py:188} INFO - [2026-05-24T19:08:34.361+0000] {dagbag.py:538} INFO - Filling up the DagBag from /opt/airflow/dags/dag_sunafil_orquestador.py
[2026-05-24T19:08:34.382+0000] {processor.py:840} INFO - DAG(s) 'orquestador_sunafil_bronze' retrieved from /opt/airflow/dags/dag_sunafil_orquestador.py
[2026-05-24T19:08:34.425+0000] {logging_mixin.py:188} INFO - [2026-05-24T19:08:34.424+0000] {dag.py:3036} INFO - Sync 1 DAGs
[2026-05-24T19:08:34.444+0000] {logging_mixin.py:188} INFO - [2026-05-24T19:08:34.444+0000] {dag.py:3823} INFO - Setting next_dagrun for orquestador_sunafil_bronze to None, run_after=None
[2026-05-24T19:08:34.475+0000] {processor.py:183} INFO - Processing /opt/airflow/dags/dag_sunafil_orquestador.py took 0.120 seconds
[2026-05-24T19:09:04.747+0000] {processor.py:161} INFO - Started process (PID=245) to work on /opt/airflow/dags/dag_sunafil_orquestador.py
[2026-05-24T19:09:04.748+0000] {processor.py:830} INFO - Processing file /opt/airflow/dags/dag_sunafil_orquestador.py for tasks to queue
[2026-05-24T19:09:04.749+0000] {logging_mixin.py:188} INFO - [2026-05-24T19:09:04.749+0000] {dagbag.py:538} INFO - Filling up the DagBag from /opt/airflow/dags/dag_sunafil_orquestador.py
[2026-05-24T19:09:04.770+0000] {processor.py:840} INFO - DAG(s) 'orquestador_sunafil_bronze' retrieved from /opt/airflow/dags/dag_sunafil_orquestador.py
[2026-05-24T19:09:04.813+0000] {logging_mixin.py:188} INFO - [2026-05-24T19:09:04.813+0000] {dag.py:3036} INFO - Sync 1 DAGs
[2026-05-24T19:09:04.835+0000] {logging_mixin.py:188} INFO - [2026-05-24T19:09:04.835+0000] {dag.py:3823} INFO - Setting next_dagrun for orquestador_sunafil_bronze to None, run_after=None
[2026-05-24T19:09:07.630+0000] {processor.py:183} INFO - Processing /opt/airflow/dags/dag_sunafil_orquestador.py took 2.887 seconds
[2026-05-24T19:09:38.228+0000] {processor.py:161} INFO - Started process (PID=250) to work on /opt/airflow/dags/dag_sunafil_orquestador.py
[2026-05-24T19:09:38.230+0000] {processor.py:830} INFO - Processing file /opt/airflow/dags/dag_sunafil_orquestador.py for tasks to queue
[2026-05-24T19:09:38.231+0000] {logging_mixin.py:188} INFO - [2026-05-24T19:09:38.231+0000] {dagbag.py:538} INFO - Filling up the DagBag from /opt/airflow/dags/dag_sunafil_orquestador.py
[2026-05-24T19:09:38.250+0000] {processor.py:840} INFO - DAG(s) 'orquestador_sunafil_bronze' retrieved from /opt/airflow/dags/dag_sunafil_orquestador.py
[2026-05-24T19:09:38.291+0000] {logging_mixin.py:188} INFO - [2026-05-24T19:09:38.291+0000] {dag.py:3036} INFO - Sync 1 DAGs
[2026-05-24T19:09:38.311+0000] {logging_mixin.py:188} INFO - [2026-05-24T19:09:38.311+0000] {dag.py:3823} INFO - Setting next_dagrun for orquestador_sunafil_bronze to None, run_after=None
[2026-05-24T19:09:38.455+0000] {processor.py:183} INFO - Processing /opt/airflow/dags/dag_sunafil_orquestador.py took 0.231 seconds
[2026-05-24T19:10:08.512+0000] {processor.py:161} INFO - Started process (PID=255) to work on /opt/airflow/dags/dag_sunafil_orquestador.py
[2026-05-24T19:10:08.513+0000] {processor.py:830} INFO - Processing file /opt/airflow/dags/dag_sunafil_orquestador.py for tasks to queue
[2026-05-24T19:10:08.514+0000] {logging_mixin.py:188} INFO - [2026-05-24T19:10:08.514+0000] {dagbag.py:538} INFO - Filling up the DagBag from /opt/airflow/dags/dag_sunafil_orquestador.py
[2026-05-24T19:10:08.543+0000] {processor.py:840} INFO - DAG(s) 'orquestador_sunafil_bronze' retrieved from /opt/airflow/dags/dag_sunafil_orquestador.py
[2026-05-24T19:10:09.749+0000] {logging_mixin.py:188} INFO - [2026-05-24T19:10:09.748+0000] {dag.py:3036} INFO - Sync 1 DAGs
[2026-05-24T19:10:09.801+0000] {logging_mixin.py:188} INFO - [2026-05-24T19:10:09.801+0000] {dag.py:3823} INFO - Setting next_dagrun for orquestador_sunafil_bronze to None, run_after=None
[2026-05-24T19:10:09.832+0000] {processor.py:183} INFO - Processing /opt/airflow/dags/dag_sunafil_orquestador.py took 1.325 seconds
[2026-05-24T19:10:40.197+0000] {processor.py:161} INFO - Started process (PID=260) to work on /opt/airflow/dags/dag_sunafil_orquestador.py
[2026-05-24T19:10:40.199+0000] {processor.py:830} INFO - Processing file /opt/airflow/dags/dag_sunafil_orquestador.py for tasks to queue
[2026-05-24T19:10:40.200+0000] {logging_mixin.py:188} INFO - [2026-05-24T19:10:40.200+0000] {dagbag.py:538} INFO - Filling up the DagBag from /opt/airflow/dags/dag_sunafil_orquestador.py
[2026-05-24T19:10:40.219+0000] {processor.py:840} INFO - DAG(s) 'orquestador_sunafil_bronze' retrieved from /opt/airflow/dags/dag_sunafil_orquestador.py
[2026-05-24T19:10:40.262+0000] {logging_mixin.py:188} INFO - [2026-05-24T19:10:40.262+0000] {dag.py:3036} INFO - Sync 1 DAGs
[2026-05-24T19:10:40.283+0000] {logging_mixin.py:188} INFO - [2026-05-24T19:10:40.283+0000] {dag.py:3823} INFO - Setting next_dagrun for orquestador_sunafil_bronze to None, run_after=None
[2026-05-24T19:10:40.317+0000] {processor.py:183} INFO - Processing /opt/airflow/dags/dag_sunafil_orquestador.py took 0.125 seconds
[2026-05-24T19:11:10.581+0000] {processor.py:161} INFO - Started process (PID=265) to work on /opt/airflow/dags/dag_sunafil_orquestador.py
[2026-05-24T19:11:10.582+0000] {processor.py:830} INFO - Processing file /opt/airflow/dags/dag_sunafil_orquestador.py for tasks to queue
[2026-05-24T19:11:10.584+0000] {logging_mixin.py:188} INFO - [2026-05-24T19:11:10.583+0000] {dagbag.py:538} INFO - Filling up the DagBag from /opt/airflow/dags/dag_sunafil_orquestador.py
[2026-05-24T19:11:10.604+0000] {processor.py:840} INFO - DAG(s) 'orquestador_sunafil_bronze' retrieved from /opt/airflow/dags/dag_sunafil_orquestador.py
[2026-05-24T19:11:10.645+0000] {logging_mixin.py:188} INFO - [2026-05-24T19:11:10.645+0000] {dag.py:3036} INFO - Sync 1 DAGs
[2026-05-24T19:11:10.665+0000] {logging_mixin.py:188} INFO - [2026-05-24T19:11:10.665+0000] {dag.py:3823} INFO - Setting next_dagrun for orquestador_sunafil_bronze to None, run_after=None
[2026-05-24T19:11:10.698+0000] {processor.py:183} INFO - Processing /opt/airflow/dags/dag_sunafil_orquestador.py took 0.122 seconds
[2026-05-24T19:11:41.027+0000] {processor.py:161} INFO - Started process (PID=270) to work on /opt/airflow/dags/dag_sunafil_orquestador.py
[2026-05-24T19:11:41.028+0000] {processor.py:830} INFO - Processing file /opt/airflow/dags/dag_sunafil_orquestador.py for tasks to queue
[2026-05-24T19:11:41.030+0000] {logging_mixin.py:188} INFO - [2026-05-24T19:11:41.029+0000] {dagbag.py:538} INFO - Filling up the DagBag from /opt/airflow/dags/dag_sunafil_orquestador.py
[2026-05-24T19:11:41.049+0000] {processor.py:840} INFO - DAG(s) 'orquestador_sunafil_bronze' retrieved from /opt/airflow/dags/dag_sunafil_orquestador.py
[2026-05-24T19:11:41.089+0000] {logging_mixin.py:188} INFO - [2026-05-24T19:11:41.089+0000] {dag.py:3036} INFO - Sync 1 DAGs
[2026-05-24T19:11:41.122+0000] {logging_mixin.py:188} INFO - [2026-05-24T19:11:41.122+0000] {dag.py:3823} INFO - Setting next_dagrun for orquestador_sunafil_bronze to None, run_after=None
[2026-05-24T19:11:41.156+0000] {processor.py:183} INFO - Processing /opt/airflow/dags/dag_sunafil_orquestador.py took 0.133 seconds
[2026-05-24T19:12:11.404+0000] {processor.py:161} INFO - Started process (PID=275) to work on /opt/airflow/dags/dag_sunafil_orquestador.py
[2026-05-24T19:12:11.406+0000] {processor.py:830} INFO - Processing file /opt/airflow/dags/dag_sunafil_orquestador.py for tasks to queue
[2026-05-24T19:12:11.408+0000] {logging_mixin.py:188} INFO - [2026-05-24T19:12:11.407+0000] {dagbag.py:538} INFO - Filling up the DagBag from /opt/airflow/dags/dag_sunafil_orquestador.py
[2026-05-24T19:12:11.806+0000] {processor.py:840} INFO - DAG(s) 'orquestador_sunafil_bronze' retrieved from /opt/airflow/dags/dag_sunafil_orquestador.py
[2026-05-24T19:12:11.868+0000] {logging_mixin.py:188} INFO - [2026-05-24T19:12:11.867+0000] {dag.py:3036} INFO - Sync 1 DAGs
[2026-05-24T19:12:11.899+0000] {logging_mixin.py:188} INFO - [2026-05-24T19:12:11.898+0000] {dag.py:3823} INFO - Setting next_dagrun for orquestador_sunafil_bronze to None, run_after=None
[2026-05-24T19:12:11.936+0000] {processor.py:183} INFO - Processing /opt/airflow/dags/dag_sunafil_orquestador.py took 0.538 seconds
[2026-05-24T19:12:42.389+0000] {processor.py:161} INFO - Started process (PID=280) to work on /opt/airflow/dags/dag_sunafil_orquestador.py
[2026-05-24T19:12:42.391+0000] {processor.py:830} INFO - Processing file /opt/airflow/dags/dag_sunafil_orquestador.py for tasks to queue
[2026-05-24T19:12:42.392+0000] {logging_mixin.py:188} INFO - [2026-05-24T19:12:42.392+0000] {dagbag.py:538} INFO - Filling up the DagBag from /opt/airflow/dags/dag_sunafil_orquestador.py
[2026-05-24T19:12:42.413+0000] {processor.py:840} INFO - DAG(s) 'orquestador_sunafil_bronze' retrieved from /opt/airflow/dags/dag_sunafil_orquestador.py
[2026-05-24T19:12:42.452+0000] {logging_mixin.py:188} INFO - [2026-05-24T19:12:42.452+0000] {dag.py:3036} INFO - Sync 1 DAGs
[2026-05-24T19:12:42.471+0000] {logging_mixin.py:188} INFO - [2026-05-24T19:12:42.471+0000] {dag.py:3823} INFO - Setting next_dagrun for orquestador_sunafil_bronze to None, run_after=None
[2026-05-24T19:12:42.501+0000] {processor.py:183} INFO - Processing /opt/airflow/dags/dag_sunafil_orquestador.py took 0.117 seconds
[2026-05-24T19:13:12.790+0000] {processor.py:161} INFO - Started process (PID=285) to work on /opt/airflow/dags/dag_sunafil_orquestador.py
[2026-05-24T19:13:12.792+0000] {processor.py:830} INFO - Processing file /opt/airflow/dags/dag_sunafil_orquestador.py for tasks to queue
[2026-05-24T19:13:12.793+0000] {logging_mixin.py:188} INFO - [2026-05-24T19:13:12.793+0000] {dagbag.py:538} INFO - Filling up the DagBag from /opt/airflow/dags/dag_sunafil_orquestador.py
[2026-05-24T19:13:12.817+0000] {processor.py:840} INFO - DAG(s) 'orquestador_sunafil_bronze' retrieved from /opt/airflow/dags/dag_sunafil_orquestador.py
[2026-05-24T19:13:12.858+0000] {logging_mixin.py:188} INFO - [2026-05-24T19:13:12.858+0000] {dag.py:3036} INFO - Sync 1 DAGs
[2026-05-24T19:13:12.876+0000] {logging_mixin.py:188} INFO - [2026-05-24T19:13:12.876+0000] {dag.py:3823} INFO - Setting next_dagrun for orquestador_sunafil_bronze to None, run_after=None
[2026-05-24T19:13:12.906+0000] {processor.py:183} INFO - Processing /opt/airflow/dags/dag_sunafil_orquestador.py took 0.121 seconds
[2026-05-24T19:13:43.244+0000] {processor.py:161} INFO - Started process (PID=290) to work on /opt/airflow/dags/dag_sunafil_orquestador.py
[2026-05-24T19:13:43.246+0000] {processor.py:830} INFO - Processing file /opt/airflow/dags/dag_sunafil_orquestador.py for tasks to queue
[2026-05-24T19:13:43.247+0000] {logging_mixin.py:188} INFO - [2026-05-24T19:13:43.247+0000] {dagbag.py:538} INFO - Filling up the DagBag from /opt/airflow/dags/dag_sunafil_orquestador.py
[2026-05-24T19:13:43.271+0000] {processor.py:840} INFO - DAG(s) 'orquestador_sunafil_bronze' retrieved from /opt/airflow/dags/dag_sunafil_orquestador.py
[2026-05-24T19:13:43.318+0000] {logging_mixin.py:188} INFO - [2026-05-24T19:13:43.318+0000] {dag.py:3036} INFO - Sync 1 DAGs
[2026-05-24T19:13:43.339+0000] {logging_mixin.py:188} INFO - [2026-05-24T19:13:43.339+0000] {dag.py:3823} INFO - Setting next_dagrun for orquestador_sunafil_bronze to None, run_after=None
[2026-05-24T19:13:43.373+0000] {processor.py:183} INFO - Processing /opt/airflow/dags/dag_sunafil_orquestador.py took 0.134 seconds
[2026-05-24T19:14:13.628+0000] {processor.py:161} INFO - Started process (PID=295) to work on /opt/airflow/dags/dag_sunafil_orquestador.py
[2026-05-24T19:14:13.629+0000] {processor.py:830} INFO - Processing file /opt/airflow/dags/dag_sunafil_orquestador.py for tasks to queue
[2026-05-24T19:14:13.630+0000] {logging_mixin.py:188} INFO - [2026-05-24T19:14:13.630+0000] {dagbag.py:538} INFO - Filling up the DagBag from /opt/airflow/dags/dag_sunafil_orquestador.py
[2026-05-24T19:14:13.650+0000] {processor.py:840} INFO - DAG(s) 'orquestador_sunafil_bronze' retrieved from /opt/airflow/dags/dag_sunafil_orquestador.py
[2026-05-24T19:14:13.690+0000] {logging_mixin.py:188} INFO - [2026-05-24T19:14:13.690+0000] {dag.py:3036} INFO - Sync 1 DAGs
[2026-05-24T19:14:13.707+0000] {logging_mixin.py:188} INFO - [2026-05-24T19:14:13.707+0000] {dag.py:3823} INFO - Setting next_dagrun for orquestador_sunafil_bronze to None, run_after=None
[2026-05-24T19:14:13.743+0000] {processor.py:183} INFO - Processing /opt/airflow/dags/dag_sunafil_orquestador.py took 0.119 seconds
[2026-05-24T19:14:44.348+0000] {processor.py:161} INFO - Started process (PID=300) to work on /opt/airflow/dags/dag_sunafil_orquestador.py
[2026-05-24T19:14:44.350+0000] {processor.py:830} INFO - Processing file /opt/airflow/dags/dag_sunafil_orquestador.py for tasks to queue
[2026-05-24T19:14:44.352+0000] {logging_mixin.py:188} INFO - [2026-05-24T19:14:44.351+0000] {dagbag.py:538} INFO - Filling up the DagBag from /opt/airflow/dags/dag_sunafil_orquestador.py
[2026-05-24T19:14:44.386+0000] {processor.py:840} INFO - DAG(s) 'orquestador_sunafil_bronze' retrieved from /opt/airflow/dags/dag_sunafil_orquestador.py
[2026-05-24T19:14:44.434+0000] {logging_mixin.py:188} INFO - [2026-05-24T19:14:44.434+0000] {dag.py:3036} INFO - Sync 1 DAGs
[2026-05-24T19:14:45.947+0000] {logging_mixin.py:188} INFO - [2026-05-24T19:14:45.946+0000] {dag.py:3823} INFO - Setting next_dagrun for orquestador_sunafil_bronze to None, run_after=None
[2026-05-24T19:14:46.025+0000] {processor.py:183} INFO - Processing /opt/airflow/dags/dag_sunafil_orquestador.py took 1.681 seconds
[2026-05-24T19:15:16.374+0000] {processor.py:161} INFO - Started process (PID=305) to work on /opt/airflow/dags/dag_sunafil_orquestador.py
[2026-05-24T19:15:16.375+0000] {processor.py:830} INFO - Processing file /opt/airflow/dags/dag_sunafil_orquestador.py for tasks to queue
[2026-05-24T19:15:16.376+0000] {logging_mixin.py:188} INFO - [2026-05-24T19:15:16.376+0000] {dagbag.py:538} INFO - Filling up the DagBag from /opt/airflow/dags/dag_sunafil_orquestador.py
[2026-05-24T19:15:16.417+0000] {processor.py:840} INFO - DAG(s) 'orquestador_sunafil_bronze' retrieved from /opt/airflow/dags/dag_sunafil_orquestador.py
[2026-05-24T19:15:16.463+0000] {logging_mixin.py:188} INFO - [2026-05-24T19:15:16.462+0000] {dag.py:3036} INFO - Sync 1 DAGs
[2026-05-24T19:15:16.483+0000] {logging_mixin.py:188} INFO - [2026-05-24T19:15:16.483+0000] {dag.py:3823} INFO - Setting next_dagrun for orquestador_sunafil_bronze to None, run_after=None
[2026-05-24T19:15:16.513+0000] {processor.py:183} INFO - Processing /opt/airflow/dags/dag_sunafil_orquestador.py took 0.143 seconds
[2026-05-24T19:15:46.823+0000] {processor.py:161} INFO - Started process (PID=310) to work on /opt/airflow/dags/dag_sunafil_orquestador.py
[2026-05-24T19:15:46.824+0000] {processor.py:830} INFO - Processing file /opt/airflow/dags/dag_sunafil_orquestador.py for tasks to queue
[2026-05-24T19:15:46.825+0000] {logging_mixin.py:188} INFO - [2026-05-24T19:15:46.825+0000] {dagbag.py:538} INFO - Filling up the DagBag from /opt/airflow/dags/dag_sunafil_orquestador.py
[2026-05-24T19:15:46.848+0000] {processor.py:840} INFO - DAG(s) 'orquestador_sunafil_bronze' retrieved from /opt/airflow/dags/dag_sunafil_orquestador.py
[2026-05-24T19:15:46.911+0000] {logging_mixin.py:188} INFO - [2026-05-24T19:15:46.910+0000] {dag.py:3036} INFO - Sync 1 DAGs
[2026-05-24T19:15:46.944+0000] {logging_mixin.py:188} INFO - [2026-05-24T19:15:46.943+0000] {dag.py:3823} INFO - Setting next_dagrun for orquestador_sunafil_bronze to None, run_after=None
[2026-05-24T19:15:46.977+0000] {processor.py:183} INFO - Processing /opt/airflow/dags/dag_sunafil_orquestador.py took 0.159 seconds
[2026-05-24T19:16:17.186+0000] {processor.py:161} INFO - Started process (PID=315) to work on /opt/airflow/dags/dag_sunafil_orquestador.py
[2026-05-24T19:16:17.187+0000] {processor.py:830} INFO - Processing file /opt/airflow/dags/dag_sunafil_orquestador.py for tasks to queue
[2026-05-24T19:16:17.188+0000] {logging_mixin.py:188} INFO - [2026-05-24T19:16:17.188+0000] {dagbag.py:538} INFO - Filling up the DagBag from /opt/airflow/dags/dag_sunafil_orquestador.py
[2026-05-24T19:16:17.211+0000] {processor.py:840} INFO - DAG(s) 'orquestador_sunafil_bronze' retrieved from /opt/airflow/dags/dag_sunafil_orquestador.py
[2026-05-24T19:16:17.258+0000] {logging_mixin.py:188} INFO - [2026-05-24T19:16:17.257+0000] {dag.py:3036} INFO - Sync 1 DAGs
[2026-05-24T19:16:17.278+0000] {logging_mixin.py:188} INFO - [2026-05-24T19:16:17.277+0000] {dag.py:3823} INFO - Setting next_dagrun for orquestador_sunafil_bronze to None, run_after=None
[2026-05-24T19:16:17.307+0000] {processor.py:183} INFO - Processing /opt/airflow/dags/dag_sunafil_orquestador.py took 0.126 seconds
[2026-05-24T19:16:47.546+0000] {processor.py:161} INFO - Started process (PID=320) to work on /opt/airflow/dags/dag_sunafil_orquestador.py
[2026-05-24T19:16:47.548+0000] {processor.py:830} INFO - Processing file /opt/airflow/dags/dag_sunafil_orquestador.py for tasks to queue
[2026-05-24T19:16:47.549+0000] {logging_mixin.py:188} INFO - [2026-05-24T19:16:47.549+0000] {dagbag.py:538} INFO - Filling up the DagBag from /opt/airflow/dags/dag_sunafil_orquestador.py
[2026-05-24T19:16:47.572+0000] {processor.py:840} INFO - DAG(s) 'orquestador_sunafil_bronze' retrieved from /opt/airflow/dags/dag_sunafil_orquestador.py
[2026-05-24T19:16:47.617+0000] {logging_mixin.py:188} INFO - [2026-05-24T19:16:47.617+0000] {dag.py:3036} INFO - Sync 1 DAGs
[2026-05-24T19:16:47.637+0000] {logging_mixin.py:188} INFO - [2026-05-24T19:16:47.637+0000] {dag.py:3823} INFO - Setting next_dagrun for orquestador_sunafil_bronze to None, run_after=None
[2026-05-24T19:16:47.677+0000] {processor.py:183} INFO - Processing /opt/airflow/dags/dag_sunafil_orquestador.py took 0.134 seconds
[2026-05-24T19:17:17.837+0000] {processor.py:161} INFO - Started process (PID=325) to work on /opt/airflow/dags/dag_sunafil_orquestador.py
[2026-05-24T19:17:17.838+0000] {processor.py:830} INFO - Processing file /opt/airflow/dags/dag_sunafil_orquestador.py for tasks to queue
[2026-05-24T19:17:17.839+0000] {logging_mixin.py:188} INFO - [2026-05-24T19:17:17.839+0000] {dagbag.py:538} INFO - Filling up the DagBag from /opt/airflow/dags/dag_sunafil_orquestador.py
[2026-05-24T19:17:17.860+0000] {processor.py:840} INFO - DAG(s) 'orquestador_sunafil_bronze' retrieved from /opt/airflow/dags/dag_sunafil_orquestador.py
[2026-05-24T19:17:17.904+0000] {logging_mixin.py:188} INFO - [2026-05-24T19:17:17.904+0000] {dag.py:3036} INFO - Sync 1 DAGs
[2026-05-24T19:17:17.924+0000] {logging_mixin.py:188} INFO - [2026-05-24T19:17:17.924+0000] {dag.py:3823} INFO - Setting next_dagrun for orquestador_sunafil_bronze to None, run_after=None
[2026-05-24T19:17:17.957+0000] {processor.py:183} INFO - Processing /opt/airflow/dags/dag_sunafil_orquestador.py took 0.124 seconds
[2026-05-24T19:17:48.286+0000] {processor.py:161} INFO - Started process (PID=330) to work on /opt/airflow/dags/dag_sunafil_orquestador.py
[2026-05-24T19:17:48.287+0000] {processor.py:830} INFO - Processing file /opt/airflow/dags/dag_sunafil_orquestador.py for tasks to queue
[2026-05-24T19:17:48.289+0000] {logging_mixin.py:188} INFO - [2026-05-24T19:17:48.288+0000] {dagbag.py:538} INFO - Filling up the DagBag from /opt/airflow/dags/dag_sunafil_orquestador.py
[2026-05-24T19:17:48.310+0000] {processor.py:840} INFO - DAG(s) 'orquestador_sunafil_bronze' retrieved from /opt/airflow/dags/dag_sunafil_orquestador.py
[2026-05-24T19:17:48.349+0000] {logging_mixin.py:188} INFO - [2026-05-24T19:17:48.349+0000] {dag.py:3036} INFO - Sync 1 DAGs
[2026-05-24T19:17:48.368+0000] {logging_mixin.py:188} INFO - [2026-05-24T19:17:48.368+0000] {dag.py:3823} INFO - Setting next_dagrun for orquestador_sunafil_bronze to None, run_after=None
[2026-05-24T19:17:48.398+0000] {processor.py:183} INFO - Processing /opt/airflow/dags/dag_sunafil_orquestador.py took 0.116 seconds
[2026-05-24T19:18:18.596+0000] {processor.py:161} INFO - Started process (PID=335) to work on /opt/airflow/dags/dag_sunafil_orquestador.py
[2026-05-24T19:18:18.597+0000] {processor.py:830} INFO - Processing file /opt/airflow/dags/dag_sunafil_orquestador.py for tasks to queue
[2026-05-24T19:18:18.598+0000] {logging_mixin.py:188} INFO - [2026-05-24T19:18:18.598+0000] {dagbag.py:538} INFO - Filling up the DagBag from /opt/airflow/dags/dag_sunafil_orquestador.py
[2026-05-24T19:18:18.619+0000] {processor.py:840} INFO - DAG(s) 'orquestador_sunafil_bronze' retrieved from /opt/airflow/dags/dag_sunafil_orquestador.py
[2026-05-24T19:18:18.664+0000] {logging_mixin.py:188} INFO - [2026-05-24T19:18:18.664+0000] {dag.py:3036} INFO - Sync 1 DAGs
[2026-05-24T19:18:18.685+0000] {logging_mixin.py:188} INFO - [2026-05-24T19:18:18.684+0000] {dag.py:3823} INFO - Setting next_dagrun for orquestador_sunafil_bronze to None, run_after=None
[2026-05-24T19:18:18.722+0000] {processor.py:183} INFO - Processing /opt/airflow/dags/dag_sunafil_orquestador.py took 0.131 seconds
[2026-05-24T19:18:49.053+0000] {processor.py:161} INFO - Started process (PID=340) to work on /opt/airflow/dags/dag_sunafil_orquestador.py
[2026-05-24T19:18:49.054+0000] {processor.py:830} INFO - Processing file /opt/airflow/dags/dag_sunafil_orquestador.py for tasks to queue
[2026-05-24T19:18:49.055+0000] {logging_mixin.py:188} INFO - [2026-05-24T19:18:49.055+0000] {dagbag.py:538} INFO - Filling up the DagBag from /opt/airflow/dags/dag_sunafil_orquestador.py
[2026-05-24T19:18:49.075+0000] {processor.py:840} INFO - DAG(s) 'orquestador_sunafil_bronze' retrieved from /opt/airflow/dags/dag_sunafil_orquestador.py
[2026-05-24T19:18:49.119+0000] {logging_mixin.py:188} INFO - [2026-05-24T19:18:49.118+0000] {dag.py:3036} INFO - Sync 1 DAGs
[2026-05-24T19:18:49.139+0000] {logging_mixin.py:188} INFO - [2026-05-24T19:18:49.139+0000] {dag.py:3823} INFO - Setting next_dagrun for orquestador_sunafil_bronze to None, run_after=None
[2026-05-24T19:18:49.180+0000] {processor.py:183} INFO - Processing /opt/airflow/dags/dag_sunafil_orquestador.py took 0.131 seconds
[2026-05-24T19:19:19.304+0000] {processor.py:161} INFO - Started process (PID=345) to work on /opt/airflow/dags/dag_sunafil_orquestador.py
[2026-05-24T19:19:19.306+0000] {processor.py:830} INFO - Processing file /opt/airflow/dags/dag_sunafil_orquestador.py for tasks to queue
[2026-05-24T19:19:19.308+0000] {logging_mixin.py:188} INFO - [2026-05-24T19:19:19.307+0000] {dagbag.py:538} INFO - Filling up the DagBag from /opt/airflow/dags/dag_sunafil_orquestador.py
[2026-05-24T19:19:19.327+0000] {processor.py:840} INFO - DAG(s) 'orquestador_sunafil_bronze' retrieved from /opt/airflow/dags/dag_sunafil_orquestador.py
[2026-05-24T19:19:19.371+0000] {logging_mixin.py:188} INFO - [2026-05-24T19:19:19.371+0000] {dag.py:3036} INFO - Sync 1 DAGs
[2026-05-24T19:19:19.391+0000] {logging_mixin.py:188} INFO - [2026-05-24T19:19:19.391+0000] {dag.py:3823} INFO - Setting next_dagrun for orquestador_sunafil_bronze to None, run_after=None
[2026-05-24T19:19:19.424+0000] {processor.py:183} INFO - Processing /opt/airflow/dags/dag_sunafil_orquestador.py took 0.124 seconds
[2026-05-24T19:19:49.804+0000] {processor.py:161} INFO - Started process (PID=350) to work on /opt/airflow/dags/dag_sunafil_orquestador.py
[2026-05-24T19:19:49.806+0000] {processor.py:830} INFO - Processing file /opt/airflow/dags/dag_sunafil_orquestador.py for tasks to queue
[2026-05-24T19:19:49.807+0000] {logging_mixin.py:188} INFO - [2026-05-24T19:19:49.807+0000] {dagbag.py:538} INFO - Filling up the DagBag from /opt/airflow/dags/dag_sunafil_orquestador.py
[2026-05-24T19:19:49.835+0000] {processor.py:840} INFO - DAG(s) 'orquestador_sunafil_bronze' retrieved from /opt/airflow/dags/dag_sunafil_orquestador.py
[2026-05-24T19:19:49.881+0000] {logging_mixin.py:188} INFO - [2026-05-24T19:19:49.881+0000] {dag.py:3036} INFO - Sync 1 DAGs
[2026-05-24T19:19:49.903+0000] {logging_mixin.py:188} INFO - [2026-05-24T19:19:49.903+0000] {dag.py:3823} INFO - Setting next_dagrun for orquestador_sunafil_bronze to None, run_after=None
[2026-05-24T19:19:50.632+0000] {processor.py:183} INFO - Processing /opt/airflow/dags/dag_sunafil_orquestador.py took 0.832 seconds
[2026-05-24T19:20:21.441+0000] {processor.py:161} INFO - Started process (PID=355) to work on /opt/airflow/dags/dag_sunafil_orquestador.py
[2026-05-24T19:20:21.442+0000] {processor.py:830} INFO - Processing file /opt/airflow/dags/dag_sunafil_orquestador.py for tasks to queue
[2026-05-24T19:20:21.443+0000] {logging_mixin.py:188} INFO - [2026-05-24T19:20:21.443+0000] {dagbag.py:538} INFO - Filling up the DagBag from /opt/airflow/dags/dag_sunafil_orquestador.py
[2026-05-24T19:20:21.465+0000] {processor.py:840} INFO - DAG(s) 'orquestador_sunafil_bronze' retrieved from /opt/airflow/dags/dag_sunafil_orquestador.py
[2026-05-24T19:20:21.929+0000] {logging_mixin.py:188} INFO - [2026-05-24T19:20:21.929+0000] {dag.py:3036} INFO - Sync 1 DAGs
[2026-05-24T19:20:21.953+0000] {logging_mixin.py:188} INFO - [2026-05-24T19:20:21.953+0000] {dag.py:3823} INFO - Setting next_dagrun for orquestador_sunafil_bronze to None, run_after=None
[2026-05-24T19:20:21.986+0000] {processor.py:183} INFO - Processing /opt/airflow/dags/dag_sunafil_orquestador.py took 0.548 seconds
[2026-05-24T19:20:52.370+0000] {processor.py:161} INFO - Started process (PID=360) to work on /opt/airflow/dags/dag_sunafil_orquestador.py
[2026-05-24T19:20:52.371+0000] {processor.py:830} INFO - Processing file /opt/airflow/dags/dag_sunafil_orquestador.py for tasks to queue
[2026-05-24T19:20:52.373+0000] {logging_mixin.py:188} INFO - [2026-05-24T19:20:52.373+0000] {dagbag.py:538} INFO - Filling up the DagBag from /opt/airflow/dags/dag_sunafil_orquestador.py
[2026-05-24T19:20:52.391+0000] {processor.py:840} INFO - DAG(s) 'orquestador_sunafil_bronze' retrieved from /opt/airflow/dags/dag_sunafil_orquestador.py
[2026-05-24T19:20:52.430+0000] {logging_mixin.py:188} INFO - [2026-05-24T19:20:52.430+0000] {dag.py:3036} INFO - Sync 1 DAGs
[2026-05-24T19:20:52.451+0000] {logging_mixin.py:188} INFO - [2026-05-24T19:20:52.451+0000] {dag.py:3823} INFO - Setting next_dagrun for orquestador_sunafil_bronze to None, run_after=None
[2026-05-24T19:20:52.482+0000] {processor.py:183} INFO - Processing /opt/airflow/dags/dag_sunafil_orquestador.py took 0.117 seconds
[2026-05-24T19:21:22.730+0000] {processor.py:161} INFO - Started process (PID=365) to work on /opt/airflow/dags/dag_sunafil_orquestador.py
[2026-05-24T19:21:22.732+0000] {processor.py:830} INFO - Processing file /opt/airflow/dags/dag_sunafil_orquestador.py for tasks to queue
[2026-05-24T19:21:22.733+0000] {logging_mixin.py:188} INFO - [2026-05-24T19:21:22.732+0000] {dagbag.py:538} INFO - Filling up the DagBag from /opt/airflow/dags/dag_sunafil_orquestador.py
[2026-05-24T19:21:22.753+0000] {processor.py:840} INFO - DAG(s) 'orquestador_sunafil_bronze' retrieved from /opt/airflow/dags/dag_sunafil_orquestador.py
[2026-05-24T19:21:22.791+0000] {logging_mixin.py:188} INFO - [2026-05-24T19:21:22.791+0000] {dag.py:3036} INFO - Sync 1 DAGs
[2026-05-24T19:21:22.821+0000] {logging_mixin.py:188} INFO - [2026-05-24T19:21:22.821+0000] {dag.py:3823} INFO - Setting next_dagrun for orquestador_sunafil_bronze to None, run_after=None
[2026-05-24T19:21:22.854+0000] {processor.py:183} INFO - Processing /opt/airflow/dags/dag_sunafil_orquestador.py took 0.128 seconds
[2026-05-24T19:21:53.188+0000] {processor.py:161} INFO - Started process (PID=370) to work on /opt/airflow/dags/dag_sunafil_orquestador.py
[2026-05-24T19:21:53.189+0000] {processor.py:830} INFO - Processing file /opt/airflow/dags/dag_sunafil_orquestador.py for tasks to queue
[2026-05-24T19:21:53.191+0000] {logging_mixin.py:188} INFO - [2026-05-24T19:21:53.190+0000] {dagbag.py:538} INFO - Filling up the DagBag from /opt/airflow/dags/dag_sunafil_orquestador.py
[2026-05-24T19:21:53.212+0000] {processor.py:840} INFO - DAG(s) 'orquestador_sunafil_bronze' retrieved from /opt/airflow/dags/dag_sunafil_orquestador.py
[2026-05-24T19:21:53.252+0000] {logging_mixin.py:188} INFO - [2026-05-24T19:21:53.251+0000] {dag.py:3036} INFO - Sync 1 DAGs
[2026-05-24T19:21:53.272+0000] {logging_mixin.py:188} INFO - [2026-05-24T19:21:53.272+0000] {dag.py:3823} INFO - Setting next_dagrun for orquestador_sunafil_bronze to None, run_after=None
[2026-05-24T19:21:53.303+0000] {processor.py:183} INFO - Processing /opt/airflow/dags/dag_sunafil_orquestador.py took 0.119 seconds
[2026-05-24T19:22:23.772+0000] {processor.py:161} INFO - Started process (PID=375) to work on /opt/airflow/dags/dag_sunafil_orquestador.py
[2026-05-24T19:22:23.773+0000] {processor.py:830} INFO - Processing file /opt/airflow/dags/dag_sunafil_orquestador.py for tasks to queue
[2026-05-24T19:22:23.774+0000] {logging_mixin.py:188} INFO - [2026-05-24T19:22:23.774+0000] {dagbag.py:538} INFO - Filling up the DagBag from /opt/airflow/dags/dag_sunafil_orquestador.py
[2026-05-24T19:22:23.793+0000] {processor.py:840} INFO - DAG(s) 'orquestador_sunafil_bronze' retrieved from /opt/airflow/dags/dag_sunafil_orquestador.py
[2026-05-24T19:22:23.837+0000] {logging_mixin.py:188} INFO - [2026-05-24T19:22:23.836+0000] {dag.py:3036} INFO - Sync 1 DAGs
[2026-05-24T19:22:23.857+0000] {logging_mixin.py:188} INFO - [2026-05-24T19:22:23.856+0000] {dag.py:3823} INFO - Setting next_dagrun for orquestador_sunafil_bronze to None, run_after=None
[2026-05-24T19:22:23.890+0000] {processor.py:183} INFO - Processing /opt/airflow/dags/dag_sunafil_orquestador.py took 0.121 seconds
[2026-05-24T19:22:54.399+0000] {processor.py:161} INFO - Started process (PID=380) to work on /opt/airflow/dags/dag_sunafil_orquestador.py
[2026-05-24T19:22:54.401+0000] {processor.py:830} INFO - Processing file /opt/airflow/dags/dag_sunafil_orquestador.py for tasks to queue
[2026-05-24T19:22:54.402+0000] {logging_mixin.py:188} INFO - [2026-05-24T19:22:54.402+0000] {dagbag.py:538} INFO - Filling up the DagBag from /opt/airflow/dags/dag_sunafil_orquestador.py
[2026-05-24T19:22:54.423+0000] {processor.py:840} INFO - DAG(s) 'orquestador_sunafil_bronze' retrieved from /opt/airflow/dags/dag_sunafil_orquestador.py
[2026-05-24T19:22:54.460+0000] {logging_mixin.py:188} INFO - [2026-05-24T19:22:54.459+0000] {dag.py:3036} INFO - Sync 1 DAGs
[2026-05-24T19:22:54.479+0000] {logging_mixin.py:188} INFO - [2026-05-24T19:22:54.478+0000] {dag.py:3823} INFO - Setting next_dagrun for orquestador_sunafil_bronze to None, run_after=None
[2026-05-24T19:22:54.510+0000] {processor.py:183} INFO - Processing /opt/airflow/dags/dag_sunafil_orquestador.py took 0.115 seconds
[2026-05-24T19:23:25.290+0000] {processor.py:161} INFO - Started process (PID=385) to work on /opt/airflow/dags/dag_sunafil_orquestador.py
[2026-05-24T19:23:25.291+0000] {processor.py:830} INFO - Processing file /opt/airflow/dags/dag_sunafil_orquestador.py for tasks to queue
[2026-05-24T19:23:25.293+0000] {logging_mixin.py:188} INFO - [2026-05-24T19:23:25.292+0000] {dagbag.py:538} INFO - Filling up the DagBag from /opt/airflow/dags/dag_sunafil_orquestador.py
[2026-05-24T19:23:25.313+0000] {processor.py:840} INFO - DAG(s) 'orquestador_sunafil_bronze' retrieved from /opt/airflow/dags/dag_sunafil_orquestador.py
[2026-05-24T19:23:25.353+0000] {logging_mixin.py:188} INFO - [2026-05-24T19:23:25.353+0000] {dag.py:3036} INFO - Sync 1 DAGs
[2026-05-24T19:23:25.372+0000] {logging_mixin.py:188} INFO - [2026-05-24T19:23:25.371+0000] {dag.py:3823} INFO - Setting next_dagrun for orquestador_sunafil_bronze to None, run_after=None
[2026-05-24T19:23:25.402+0000] {processor.py:183} INFO - Processing /opt/airflow/dags/dag_sunafil_orquestador.py took 0.116 seconds
[2026-05-24T19:23:55.689+0000] {processor.py:161} INFO - Started process (PID=390) to work on /opt/airflow/dags/dag_sunafil_orquestador.py
[2026-05-24T19:23:55.691+0000] {processor.py:830} INFO - Processing file /opt/airflow/dags/dag_sunafil_orquestador.py for tasks to queue
[2026-05-24T19:23:55.692+0000] {logging_mixin.py:188} INFO - [2026-05-24T19:23:55.692+0000] {dagbag.py:538} INFO - Filling up the DagBag from /opt/airflow/dags/dag_sunafil_orquestador.py
[2026-05-24T19:23:55.714+0000] {processor.py:840} INFO - DAG(s) 'orquestador_sunafil_bronze' retrieved from /opt/airflow/dags/dag_sunafil_orquestador.py
[2026-05-24T19:23:55.754+0000] {logging_mixin.py:188} INFO - [2026-05-24T19:23:55.754+0000] {dag.py:3036} INFO - Sync 1 DAGs
[2026-05-24T19:23:55.773+0000] {logging_mixin.py:188} INFO - [2026-05-24T19:23:55.773+0000] {dag.py:3823} INFO - Setting next_dagrun for orquestador_sunafil_bronze to None, run_after=None
[2026-05-24T19:23:55.801+0000] {processor.py:183} INFO - Processing /opt/airflow/dags/dag_sunafil_orquestador.py took 0.117 seconds
[2026-05-24T19:24:26.047+0000] {processor.py:161} INFO - Started process (PID=395) to work on /opt/airflow/dags/dag_sunafil_orquestador.py
[2026-05-24T19:24:26.048+0000] {processor.py:830} INFO - Processing file /opt/airflow/dags/dag_sunafil_orquestador.py for tasks to queue
[2026-05-24T19:24:26.049+0000] {logging_mixin.py:188} INFO - [2026-05-24T19:24:26.049+0000] {dagbag.py:538} INFO - Filling up the DagBag from /opt/airflow/dags/dag_sunafil_orquestador.py
[2026-05-24T19:24:26.070+0000] {processor.py:840} INFO - DAG(s) 'orquestador_sunafil_bronze' retrieved from /opt/airflow/dags/dag_sunafil_orquestador.py
[2026-05-24T19:24:26.110+0000] {logging_mixin.py:188} INFO - [2026-05-24T19:24:26.110+0000] {dag.py:3036} INFO - Sync 1 DAGs
[2026-05-24T19:24:26.129+0000] {logging_mixin.py:188} INFO - [2026-05-24T19:24:26.129+0000] {dag.py:3823} INFO - Setting next_dagrun for orquestador_sunafil_bronze to None, run_after=None
[2026-05-24T19:24:26.313+0000] {processor.py:183} INFO - Processing /opt/airflow/dags/dag_sunafil_orquestador.py took 0.270 seconds
[2026-05-24T19:24:56.457+0000] {processor.py:161} INFO - Started process (PID=400) to work on /opt/airflow/dags/dag_sunafil_orquestador.py
[2026-05-24T19:24:56.458+0000] {processor.py:830} INFO - Processing file /opt/airflow/dags/dag_sunafil_orquestador.py for tasks to queue
[2026-05-24T19:24:56.459+0000] {logging_mixin.py:188} INFO - [2026-05-24T19:24:56.459+0000] {dagbag.py:538} INFO - Filling up the DagBag from /opt/airflow/dags/dag_sunafil_orquestador.py
[2026-05-24T19:24:56.481+0000] {processor.py:840} INFO - DAG(s) 'orquestador_sunafil_bronze' retrieved from /opt/airflow/dags/dag_sunafil_orquestador.py
[2026-05-24T19:24:56.521+0000] {logging_mixin.py:188} INFO - [2026-05-24T19:24:56.520+0000] {dag.py:3036} INFO - Sync 1 DAGs
[2026-05-24T19:24:57.206+0000] {logging_mixin.py:188} INFO - [2026-05-24T19:24:57.204+0000] {dag.py:3823} INFO - Setting next_dagrun for orquestador_sunafil_bronze to None, run_after=None
[2026-05-24T19:24:57.494+0000] {processor.py:183} INFO - Processing /opt/airflow/dags/dag_sunafil_orquestador.py took 1.042 seconds
[2026-05-24T19:25:27.819+0000] {processor.py:161} INFO - Started process (PID=405) to work on /opt/airflow/dags/dag_sunafil_orquestador.py
[2026-05-24T19:25:27.820+0000] {processor.py:830} INFO - Processing file /opt/airflow/dags/dag_sunafil_orquestador.py for tasks to queue
[2026-05-24T19:25:27.822+0000] {logging_mixin.py:188} INFO - [2026-05-24T19:25:27.821+0000] {dagbag.py:538} INFO - Filling up the DagBag from /opt/airflow/dags/dag_sunafil_orquestador.py
[2026-05-24T19:25:27.846+0000] {processor.py:840} INFO - DAG(s) 'orquestador_sunafil_bronze' retrieved from /opt/airflow/dags/dag_sunafil_orquestador.py
[2026-05-24T19:25:27.890+0000] {logging_mixin.py:188} INFO - [2026-05-24T19:25:27.889+0000] {dag.py:3036} INFO - Sync 1 DAGs
[2026-05-24T19:25:27.908+0000] {logging_mixin.py:188} INFO - [2026-05-24T19:25:27.907+0000] {dag.py:3823} INFO - Setting next_dagrun for orquestador_sunafil_bronze to None, run_after=None
[2026-05-24T19:25:27.940+0000] {processor.py:183} INFO - Processing /opt/airflow/dags/dag_sunafil_orquestador.py took 0.126 seconds
[2026-05-24T19:25:58.203+0000] {processor.py:161} INFO - Started process (PID=410) to work on /opt/airflow/dags/dag_sunafil_orquestador.py
[2026-05-24T19:25:58.204+0000] {processor.py:830} INFO - Processing file /opt/airflow/dags/dag_sunafil_orquestador.py for tasks to queue
[2026-05-24T19:25:58.205+0000] {logging_mixin.py:188} INFO - [2026-05-24T19:25:58.205+0000] {dagbag.py:538} INFO - Filling up the DagBag from /opt/airflow/dags/dag_sunafil_orquestador.py
[2026-05-24T19:25:58.226+0000] {processor.py:840} INFO - DAG(s) 'orquestador_sunafil_bronze' retrieved from /opt/airflow/dags/dag_sunafil_orquestador.py
[2026-05-24T19:25:58.578+0000] {logging_mixin.py:188} INFO - [2026-05-24T19:25:58.577+0000] {dag.py:3036} INFO - Sync 1 DAGs
[2026-05-24T19:25:58.637+0000] {logging_mixin.py:188} INFO - [2026-05-24T19:25:58.636+0000] {dag.py:3823} INFO - Setting next_dagrun for orquestador_sunafil_bronze to None, run_after=None
[2026-05-24T19:25:58.667+0000] {processor.py:183} INFO - Processing /opt/airflow/dags/dag_sunafil_orquestador.py took 0.469 seconds
[2026-05-24T19:26:28.811+0000] {processor.py:161} INFO - Started process (PID=415) to work on /opt/airflow/dags/dag_sunafil_orquestador.py
[2026-05-24T19:26:28.813+0000] {processor.py:830} INFO - Processing file /opt/airflow/dags/dag_sunafil_orquestador.py for tasks to queue
[2026-05-24T19:26:28.815+0000] {logging_mixin.py:188} INFO - [2026-05-24T19:26:28.814+0000] {dagbag.py:538} INFO - Filling up the DagBag from /opt/airflow/dags/dag_sunafil_orquestador.py
[2026-05-24T19:26:28.840+0000] {processor.py:840} INFO - DAG(s) 'orquestador_sunafil_bronze' retrieved from /opt/airflow/dags/dag_sunafil_orquestador.py
[2026-05-24T19:26:28.887+0000] {logging_mixin.py:188} INFO - [2026-05-24T19:26:28.887+0000] {dag.py:3036} INFO - Sync 1 DAGs
[2026-05-24T19:26:28.910+0000] {logging_mixin.py:188} INFO - [2026-05-24T19:26:28.910+0000] {dag.py:3823} INFO - Setting next_dagrun for orquestador_sunafil_bronze to None, run_after=None
[2026-05-24T19:26:28.941+0000] {processor.py:183} INFO - Processing /opt/airflow/dags/dag_sunafil_orquestador.py took 0.136 seconds
[2026-05-24T19:26:59.152+0000] {processor.py:161} INFO - Started process (PID=420) to work on /opt/airflow/dags/dag_sunafil_orquestador.py
[2026-05-24T19:26:59.153+0000] {processor.py:830} INFO - Processing file /opt/airflow/dags/dag_sunafil_orquestador.py for tasks to queue
[2026-05-24T19:26:59.154+0000] {logging_mixin.py:188} INFO - [2026-05-24T19:26:59.154+0000] {dagbag.py:538} INFO - Filling up the DagBag from /opt/airflow/dags/dag_sunafil_orquestador.py
[2026-05-24T19:26:59.176+0000] {processor.py:840} INFO - DAG(s) 'orquestador_sunafil_bronze' retrieved from /opt/airflow/dags/dag_sunafil_orquestador.py
[2026-05-24T19:26:59.228+0000] {logging_mixin.py:188} INFO - [2026-05-24T19:26:59.228+0000] {dag.py:3036} INFO - Sync 1 DAGs
[2026-05-24T19:26:59.250+0000] {logging_mixin.py:188} INFO - [2026-05-24T19:26:59.250+0000] {dag.py:3823} INFO - Setting next_dagrun for orquestador_sunafil_bronze to None, run_after=None
[2026-05-24T19:26:59.285+0000] {processor.py:183} INFO - Processing /opt/airflow/dags/dag_sunafil_orquestador.py took 0.137 seconds
[2026-05-24T19:27:29.685+0000] {processor.py:161} INFO - Started process (PID=425) to work on /opt/airflow/dags/dag_sunafil_orquestador.py
[2026-05-24T19:27:29.686+0000] {processor.py:830} INFO - Processing file /opt/airflow/dags/dag_sunafil_orquestador.py for tasks to queue
[2026-05-24T19:27:29.688+0000] {logging_mixin.py:188} INFO - [2026-05-24T19:27:29.687+0000] {dagbag.py:538} INFO - Filling up the DagBag from /opt/airflow/dags/dag_sunafil_orquestador.py
[2026-05-24T19:27:29.711+0000] {processor.py:840} INFO - DAG(s) 'orquestador_sunafil_bronze' retrieved from /opt/airflow/dags/dag_sunafil_orquestador.py
[2026-05-24T19:27:29.756+0000] {logging_mixin.py:188} INFO - [2026-05-24T19:27:29.756+0000] {dag.py:3036} INFO - Sync 1 DAGs
[2026-05-24T19:27:29.777+0000] {logging_mixin.py:188} INFO - [2026-05-24T19:27:29.777+0000] {dag.py:3823} INFO - Setting next_dagrun for orquestador_sunafil_bronze to None, run_after=None
[2026-05-24T19:27:29.813+0000] {processor.py:183} INFO - Processing /opt/airflow/dags/dag_sunafil_orquestador.py took 0.133 seconds
[2026-05-24T19:28:00.058+0000] {processor.py:161} INFO - Started process (PID=430) to work on /opt/airflow/dags/dag_sunafil_orquestador.py
[2026-05-24T19:28:00.059+0000] {processor.py:830} INFO - Processing file /opt/airflow/dags/dag_sunafil_orquestador.py for tasks to queue
[2026-05-24T19:28:00.060+0000] {logging_mixin.py:188} INFO - [2026-05-24T19:28:00.060+0000] {dagbag.py:538} INFO - Filling up the DagBag from /opt/airflow/dags/dag_sunafil_orquestador.py
[2026-05-24T19:28:00.082+0000] {processor.py:840} INFO - DAG(s) 'orquestador_sunafil_bronze' retrieved from /opt/airflow/dags/dag_sunafil_orquestador.py
[2026-05-24T19:28:00.125+0000] {logging_mixin.py:188} INFO - [2026-05-24T19:28:00.125+0000] {dag.py:3036} INFO - Sync 1 DAGs
[2026-05-24T19:28:00.156+0000] {logging_mixin.py:188} INFO - [2026-05-24T19:28:00.155+0000] {dag.py:3823} INFO - Setting next_dagrun for orquestador_sunafil_bronze to None, run_after=None
[2026-05-24T19:28:00.193+0000] {processor.py:183} INFO - Processing /opt/airflow/dags/dag_sunafil_orquestador.py took 0.140 seconds
[2026-05-24T19:28:30.473+0000] {processor.py:161} INFO - Started process (PID=435) to work on /opt/airflow/dags/dag_sunafil_orquestador.py
[2026-05-24T19:28:30.475+0000] {processor.py:830} INFO - Processing file /opt/airflow/dags/dag_sunafil_orquestador.py for tasks to queue
[2026-05-24T19:28:30.476+0000] {logging_mixin.py:188} INFO - [2026-05-24T19:28:30.475+0000] {dagbag.py:538} INFO - Filling up the DagBag from /opt/airflow/dags/dag_sunafil_orquestador.py
[2026-05-24T19:28:30.498+0000] {processor.py:840} INFO - DAG(s) 'orquestador_sunafil_bronze' retrieved from /opt/airflow/dags/dag_sunafil_orquestador.py
[2026-05-24T19:28:30.547+0000] {logging_mixin.py:188} INFO - [2026-05-24T19:28:30.547+0000] {dag.py:3036} INFO - Sync 1 DAGs
[2026-05-24T19:28:30.568+0000] {logging_mixin.py:188} INFO - [2026-05-24T19:28:30.568+0000] {dag.py:3823} INFO - Setting next_dagrun for orquestador_sunafil_bronze to None, run_after=None
[2026-05-24T19:28:30.606+0000] {processor.py:183} INFO - Processing /opt/airflow/dags/dag_sunafil_orquestador.py took 0.136 seconds
[2026-05-24T19:29:00.838+0000] {processor.py:161} INFO - Started process (PID=440) to work on /opt/airflow/dags/dag_sunafil_orquestador.py
[2026-05-24T19:29:00.840+0000] {processor.py:830} INFO - Processing file /opt/airflow/dags/dag_sunafil_orquestador.py for tasks to queue
[2026-05-24T19:29:00.841+0000] {logging_mixin.py:188} INFO - [2026-05-24T19:29:00.841+0000] {dagbag.py:538} INFO - Filling up the DagBag from /opt/airflow/dags/dag_sunafil_orquestador.py
[2026-05-24T19:29:00.862+0000] {processor.py:840} INFO - DAG(s) 'orquestador_sunafil_bronze' retrieved from /opt/airflow/dags/dag_sunafil_orquestador.py
[2026-05-24T19:29:00.903+0000] {logging_mixin.py:188} INFO - [2026-05-24T19:29:00.902+0000] {dag.py:3036} INFO - Sync 1 DAGs
[2026-05-24T19:29:00.921+0000] {logging_mixin.py:188} INFO - [2026-05-24T19:29:00.921+0000] {dag.py:3823} INFO - Setting next_dagrun for orquestador_sunafil_bronze to None, run_after=None
[2026-05-24T19:29:00.954+0000] {processor.py:183} INFO - Processing /opt/airflow/dags/dag_sunafil_orquestador.py took 0.120 seconds
[2026-05-24T19:29:31.304+0000] {processor.py:161} INFO - Started process (PID=445) to work on /opt/airflow/dags/dag_sunafil_orquestador.py
[2026-05-24T19:29:31.306+0000] {processor.py:830} INFO - Processing file /opt/airflow/dags/dag_sunafil_orquestador.py for tasks to queue
[2026-05-24T19:29:31.307+0000] {logging_mixin.py:188} INFO - [2026-05-24T19:29:31.307+0000] {dagbag.py:538} INFO - Filling up the DagBag from /opt/airflow/dags/dag_sunafil_orquestador.py
[2026-05-24T19:29:31.326+0000] {processor.py:840} INFO - DAG(s) 'orquestador_sunafil_bronze' retrieved from /opt/airflow/dags/dag_sunafil_orquestador.py
[2026-05-24T19:29:31.365+0000] {logging_mixin.py:188} INFO - [2026-05-24T19:29:31.365+0000] {dag.py:3036} INFO - Sync 1 DAGs
[2026-05-24T19:29:31.384+0000] {logging_mixin.py:188} INFO - [2026-05-24T19:29:31.383+0000] {dag.py:3823} INFO - Setting next_dagrun for orquestador_sunafil_bronze to None, run_after=None
[2026-05-24T19:29:31.414+0000] {processor.py:183} INFO - Processing /opt/airflow/dags/dag_sunafil_orquestador.py took 0.113 seconds
[2026-05-24T19:30:01.743+0000] {processor.py:161} INFO - Started process (PID=450) to work on /opt/airflow/dags/dag_sunafil_orquestador.py
[2026-05-24T19:30:01.745+0000] {processor.py:830} INFO - Processing file /opt/airflow/dags/dag_sunafil_orquestador.py for tasks to queue
[2026-05-24T19:30:01.746+0000] {logging_mixin.py:188} INFO - [2026-05-24T19:30:01.745+0000] {dagbag.py:538} INFO - Filling up the DagBag from /opt/airflow/dags/dag_sunafil_orquestador.py
[2026-05-24T19:30:01.766+0000] {processor.py:840} INFO - DAG(s) 'orquestador_sunafil_bronze' retrieved from /opt/airflow/dags/dag_sunafil_orquestador.py
[2026-05-24T19:30:01.805+0000] {logging_mixin.py:188} INFO - [2026-05-24T19:30:01.805+0000] {dag.py:3036} INFO - Sync 1 DAGs
[2026-05-24T19:30:01.825+0000] {logging_mixin.py:188} INFO - [2026-05-24T19:30:01.825+0000] {dag.py:3823} INFO - Setting next_dagrun for orquestador_sunafil_bronze to None, run_after=None
[2026-05-24T19:30:01.859+0000] {processor.py:183} INFO - Processing /opt/airflow/dags/dag_sunafil_orquestador.py took 0.120 seconds
[2026-05-24T19:30:32.146+0000] {processor.py:161} INFO - Started process (PID=455) to work on /opt/airflow/dags/dag_sunafil_orquestador.py
[2026-05-24T19:30:32.147+0000] {processor.py:830} INFO - Processing file /opt/airflow/dags/dag_sunafil_orquestador.py for tasks to queue
[2026-05-24T19:30:32.149+0000] {logging_mixin.py:188} INFO - [2026-05-24T19:30:32.148+0000] {dagbag.py:538} INFO - Filling up the DagBag from /opt/airflow/dags/dag_sunafil_orquestador.py
[2026-05-24T19:30:32.169+0000] {processor.py:840} INFO - DAG(s) 'orquestador_sunafil_bronze' retrieved from /opt/airflow/dags/dag_sunafil_orquestador.py
[2026-05-24T19:30:32.207+0000] {logging_mixin.py:188} INFO - [2026-05-24T19:30:32.206+0000] {dag.py:3036} INFO - Sync 1 DAGs
[2026-05-24T19:30:32.226+0000] {logging_mixin.py:188} INFO - [2026-05-24T19:30:32.225+0000] {dag.py:3823} INFO - Setting next_dagrun for orquestador_sunafil_bronze to None, run_after=None
[2026-05-24T19:30:32.256+0000] {processor.py:183} INFO - Processing /opt/airflow/dags/dag_sunafil_orquestador.py took 0.115 seconds
[2026-05-24T19:31:02.582+0000] {processor.py:161} INFO - Started process (PID=460) to work on /opt/airflow/dags/dag_sunafil_orquestador.py
[2026-05-24T19:31:02.584+0000] {processor.py:830} INFO - Processing file /opt/airflow/dags/dag_sunafil_orquestador.py for tasks to queue
[2026-05-24T19:31:02.585+0000] {logging_mixin.py:188} INFO - [2026-05-24T19:31:02.584+0000] {dagbag.py:538} INFO - Filling up the DagBag from /opt/airflow/dags/dag_sunafil_orquestador.py
[2026-05-24T19:31:02.606+0000] {processor.py:840} INFO - DAG(s) 'orquestador_sunafil_bronze' retrieved from /opt/airflow/dags/dag_sunafil_orquestador.py
[2026-05-24T19:31:02.663+0000] {logging_mixin.py:188} INFO - [2026-05-24T19:31:02.663+0000] {dag.py:3036} INFO - Sync 1 DAGs
[2026-05-24T19:31:02.683+0000] {logging_mixin.py:188} INFO - [2026-05-24T19:31:02.683+0000] {dag.py:3823} INFO - Setting next_dagrun for orquestador_sunafil_bronze to None, run_after=None
[2026-05-24T19:31:02.732+0000] {processor.py:183} INFO - Processing /opt/airflow/dags/dag_sunafil_orquestador.py took 0.154 seconds
[2026-05-24T19:31:33.024+0000] {processor.py:161} INFO - Started process (PID=465) to work on /opt/airflow/dags/dag_sunafil_orquestador.py
[2026-05-24T19:31:33.026+0000] {processor.py:830} INFO - Processing file /opt/airflow/dags/dag_sunafil_orquestador.py for tasks to queue
[2026-05-24T19:31:33.027+0000] {logging_mixin.py:188} INFO - [2026-05-24T19:31:33.027+0000] {dagbag.py:538} INFO - Filling up the DagBag from /opt/airflow/dags/dag_sunafil_orquestador.py
[2026-05-24T19:31:33.054+0000] {processor.py:840} INFO - DAG(s) 'orquestador_sunafil_bronze' retrieved from /opt/airflow/dags/dag_sunafil_orquestador.py
[2026-05-24T19:31:33.107+0000] {logging_mixin.py:188} INFO - [2026-05-24T19:31:33.107+0000] {dag.py:3036} INFO - Sync 1 DAGs
[2026-05-24T19:31:33.131+0000] {logging_mixin.py:188} INFO - [2026-05-24T19:31:33.131+0000] {dag.py:3823} INFO - Setting next_dagrun for orquestador_sunafil_bronze to None, run_after=None
[2026-05-24T19:31:33.207+0000] {processor.py:183} INFO - Processing /opt/airflow/dags/dag_sunafil_orquestador.py took 0.190 seconds
[2026-05-24T19:32:03.450+0000] {processor.py:161} INFO - Started process (PID=470) to work on /opt/airflow/dags/dag_sunafil_orquestador.py
[2026-05-24T19:32:03.452+0000] {processor.py:830} INFO - Processing file /opt/airflow/dags/dag_sunafil_orquestador.py for tasks to queue
[2026-05-24T19:32:03.453+0000] {logging_mixin.py:188} INFO - [2026-05-24T19:32:03.453+0000] {dagbag.py:538} INFO - Filling up the DagBag from /opt/airflow/dags/dag_sunafil_orquestador.py
[2026-05-24T19:32:03.473+0000] {processor.py:840} INFO - DAG(s) 'orquestador_sunafil_bronze' retrieved from /opt/airflow/dags/dag_sunafil_orquestador.py
[2026-05-24T19:32:03.510+0000] {logging_mixin.py:188} INFO - [2026-05-24T19:32:03.510+0000] {dag.py:3036} INFO - Sync 1 DAGs
[2026-05-24T19:32:03.529+0000] {logging_mixin.py:188} INFO - [2026-05-24T19:32:03.528+0000] {dag.py:3823} INFO - Setting next_dagrun for orquestador_sunafil_bronze to None, run_after=None
[2026-05-24T19:32:03.558+0000] {processor.py:183} INFO - Processing /opt/airflow/dags/dag_sunafil_orquestador.py took 0.113 seconds
[2026-05-24T19:32:33.864+0000] {processor.py:161} INFO - Started process (PID=475) to work on /opt/airflow/dags/dag_sunafil_orquestador.py
[2026-05-24T19:32:33.866+0000] {processor.py:830} INFO - Processing file /opt/airflow/dags/dag_sunafil_orquestador.py for tasks to queue
[2026-05-24T19:32:33.867+0000] {logging_mixin.py:188} INFO - [2026-05-24T19:32:33.867+0000] {dagbag.py:538} INFO - Filling up the DagBag from /opt/airflow/dags/dag_sunafil_orquestador.py
[2026-05-24T19:32:33.885+0000] {processor.py:840} INFO - DAG(s) 'orquestador_sunafil_bronze' retrieved from /opt/airflow/dags/dag_sunafil_orquestador.py
[2026-05-24T19:32:33.926+0000] {logging_mixin.py:188} INFO - [2026-05-24T19:32:33.925+0000] {dag.py:3036} INFO - Sync 1 DAGs
[2026-05-24T19:32:33.944+0000] {logging_mixin.py:188} INFO - [2026-05-24T19:32:33.944+0000] {dag.py:3823} INFO - Setting next_dagrun for orquestador_sunafil_bronze to None, run_after=None
[2026-05-24T19:32:33.975+0000] {processor.py:183} INFO - Processing /opt/airflow/dags/dag_sunafil_orquestador.py took 0.114 seconds
[2026-05-24T19:33:04.297+0000] {processor.py:161} INFO - Started process (PID=480) to work on /opt/airflow/dags/dag_sunafil_orquestador.py
[2026-05-24T19:33:04.299+0000] {processor.py:830} INFO - Processing file /opt/airflow/dags/dag_sunafil_orquestador.py for tasks to queue
[2026-05-24T19:33:04.300+0000] {logging_mixin.py:188} INFO - [2026-05-24T19:33:04.299+0000] {dagbag.py:538} INFO - Filling up the DagBag from /opt/airflow/dags/dag_sunafil_orquestador.py
[2026-05-24T19:33:04.320+0000] {processor.py:840} INFO - DAG(s) 'orquestador_sunafil_bronze' retrieved from /opt/airflow/dags/dag_sunafil_orquestador.py
[2026-05-24T19:33:04.362+0000] {logging_mixin.py:188} INFO - [2026-05-24T19:33:04.361+0000] {dag.py:3036} INFO - Sync 1 DAGs
[2026-05-24T19:33:04.380+0000] {logging_mixin.py:188} INFO - [2026-05-24T19:33:04.379+0000] {dag.py:3823} INFO - Setting next_dagrun for orquestador_sunafil_bronze to None, run_after=None
[2026-05-24T19:33:04.466+0000] {processor.py:183} INFO - Processing /opt/airflow/dags/dag_sunafil_orquestador.py took 0.174 seconds
[2026-05-24T19:33:34.773+0000] {processor.py:161} INFO - Started process (PID=485) to work on /opt/airflow/dags/dag_sunafil_orquestador.py
[2026-05-24T19:33:34.774+0000] {processor.py:830} INFO - Processing file /opt/airflow/dags/dag_sunafil_orquestador.py for tasks to queue
[2026-05-24T19:33:34.776+0000] {logging_mixin.py:188} INFO - [2026-05-24T19:33:34.776+0000] {dagbag.py:538} INFO - Filling up the DagBag from /opt/airflow/dags/dag_sunafil_orquestador.py
[2026-05-24T19:33:34.799+0000] {processor.py:840} INFO - DAG(s) 'orquestador_sunafil_bronze' retrieved from /opt/airflow/dags/dag_sunafil_orquestador.py
[2026-05-24T19:33:34.838+0000] {logging_mixin.py:188} INFO - [2026-05-24T19:33:34.838+0000] {dag.py:3036} INFO - Sync 1 DAGs
[2026-05-24T19:33:34.857+0000] {logging_mixin.py:188} INFO - [2026-05-24T19:33:34.857+0000] {dag.py:3823} INFO - Setting next_dagrun for orquestador_sunafil_bronze to None, run_after=None
[2026-05-24T19:33:34.887+0000] {processor.py:183} INFO - Processing /opt/airflow/dags/dag_sunafil_orquestador.py took 0.119 seconds
[2026-05-24T19:34:05.157+0000] {processor.py:161} INFO - Started process (PID=490) to work on /opt/airflow/dags/dag_sunafil_orquestador.py
[2026-05-24T19:34:05.158+0000] {processor.py:830} INFO - Processing file /opt/airflow/dags/dag_sunafil_orquestador.py for tasks to queue
[2026-05-24T19:34:05.160+0000] {logging_mixin.py:188} INFO - [2026-05-24T19:34:05.159+0000] {dagbag.py:538} INFO - Filling up the DagBag from /opt/airflow/dags/dag_sunafil_orquestador.py
[2026-05-24T19:34:05.184+0000] {processor.py:840} INFO - DAG(s) 'orquestador_sunafil_bronze' retrieved from /opt/airflow/dags/dag_sunafil_orquestador.py
[2026-05-24T19:34:05.227+0000] {logging_mixin.py:188} INFO - [2026-05-24T19:34:05.227+0000] {dag.py:3036} INFO - Sync 1 DAGs
[2026-05-24T19:34:05.249+0000] {logging_mixin.py:188} INFO - [2026-05-24T19:34:05.248+0000] {dag.py:3823} INFO - Setting next_dagrun for orquestador_sunafil_bronze to None, run_after=None
[2026-05-24T19:34:05.283+0000] {processor.py:183} INFO - Processing /opt/airflow/dags/dag_sunafil_orquestador.py took 0.132 seconds
[2026-05-24T19:34:35.579+0000] {processor.py:161} INFO - Started process (PID=495) to work on /opt/airflow/dags/dag_sunafil_orquestador.py
[2026-05-24T19:34:35.580+0000] {processor.py:830} INFO - Processing file /opt/airflow/dags/dag_sunafil_orquestador.py for tasks to queue
[2026-05-24T19:34:35.582+0000] {logging_mixin.py:188} INFO - [2026-05-24T19:34:35.581+0000] {dagbag.py:538} INFO - Filling up the DagBag from /opt/airflow/dags/dag_sunafil_orquestador.py
[2026-05-24T19:34:35.603+0000] {processor.py:840} INFO - DAG(s) 'orquestador_sunafil_bronze' retrieved from /opt/airflow/dags/dag_sunafil_orquestador.py
[2026-05-24T19:34:35.641+0000] {logging_mixin.py:188} INFO - [2026-05-24T19:34:35.641+0000] {dag.py:3036} INFO - Sync 1 DAGs
[2026-05-24T19:34:35.658+0000] {logging_mixin.py:188} INFO - [2026-05-24T19:34:35.658+0000] {dag.py:3823} INFO - Setting next_dagrun for orquestador_sunafil_bronze to None, run_after=None
[2026-05-24T19:34:35.688+0000] {processor.py:183} INFO - Processing /opt/airflow/dags/dag_sunafil_orquestador.py took 0.114 seconds
[2026-05-24T19:35:06.024+0000] {processor.py:161} INFO - Started process (PID=500) to work on /opt/airflow/dags/dag_sunafil_orquestador.py
[2026-05-24T19:35:06.026+0000] {processor.py:830} INFO - Processing file /opt/airflow/dags/dag_sunafil_orquestador.py for tasks to queue
[2026-05-24T19:35:06.027+0000] {logging_mixin.py:188} INFO - [2026-05-24T19:35:06.027+0000] {dagbag.py:538} INFO - Filling up the DagBag from /opt/airflow/dags/dag_sunafil_orquestador.py
[2026-05-24T19:35:06.049+0000] {processor.py:840} INFO - DAG(s) 'orquestador_sunafil_bronze' retrieved from /opt/airflow/dags/dag_sunafil_orquestador.py
[2026-05-24T19:35:06.092+0000] {logging_mixin.py:188} INFO - [2026-05-24T19:35:06.091+0000] {dag.py:3036} INFO - Sync 1 DAGs
[2026-05-24T19:35:06.111+0000] {logging_mixin.py:188} INFO - [2026-05-24T19:35:06.110+0000] {dag.py:3823} INFO - Setting next_dagrun for orquestador_sunafil_bronze to None, run_after=None
[2026-05-24T19:35:06.140+0000] {processor.py:183} INFO - Processing /opt/airflow/dags/dag_sunafil_orquestador.py took 0.120 seconds
[2026-05-24T19:35:36.445+0000] {processor.py:161} INFO - Started process (PID=505) to work on /opt/airflow/dags/dag_sunafil_orquestador.py
[2026-05-24T19:35:36.447+0000] {processor.py:830} INFO - Processing file /opt/airflow/dags/dag_sunafil_orquestador.py for tasks to queue
[2026-05-24T19:35:36.448+0000] {logging_mixin.py:188} INFO - [2026-05-24T19:35:36.448+0000] {dagbag.py:538} INFO - Filling up the DagBag from /opt/airflow/dags/dag_sunafil_orquestador.py
[2026-05-24T19:35:36.470+0000] {processor.py:840} INFO - DAG(s) 'orquestador_sunafil_bronze' retrieved from /opt/airflow/dags/dag_sunafil_orquestador.py
[2026-05-24T19:35:36.511+0000] {logging_mixin.py:188} INFO - [2026-05-24T19:35:36.510+0000] {dag.py:3036} INFO - Sync 1 DAGs
[2026-05-24T19:35:36.530+0000] {logging_mixin.py:188} INFO - [2026-05-24T19:35:36.529+0000] {dag.py:3823} INFO - Setting next_dagrun for orquestador_sunafil_bronze to None, run_after=None
[2026-05-24T19:35:36.561+0000] {processor.py:183} INFO - Processing /opt/airflow/dags/dag_sunafil_orquestador.py took 0.119 seconds
[2026-05-24T19:36:06.832+0000] {processor.py:161} INFO - Started process (PID=510) to work on /opt/airflow/dags/dag_sunafil_orquestador.py
[2026-05-24T19:36:06.833+0000] {processor.py:830} INFO - Processing file /opt/airflow/dags/dag_sunafil_orquestador.py for tasks to queue
[2026-05-24T19:36:06.835+0000] {logging_mixin.py:188} INFO - [2026-05-24T19:36:06.834+0000] {dagbag.py:538} INFO - Filling up the DagBag from /opt/airflow/dags/dag_sunafil_orquestador.py
[2026-05-24T19:36:06.856+0000] {processor.py:840} INFO - DAG(s) 'orquestador_sunafil_bronze' retrieved from /opt/airflow/dags/dag_sunafil_orquestador.py
[2026-05-24T19:36:06.895+0000] {logging_mixin.py:188} INFO - [2026-05-24T19:36:06.895+0000] {dag.py:3036} INFO - Sync 1 DAGs
[2026-05-24T19:36:06.914+0000] {logging_mixin.py:188} INFO - [2026-05-24T19:36:06.913+0000] {dag.py:3823} INFO - Setting next_dagrun for orquestador_sunafil_bronze to None, run_after=None
[2026-05-24T19:36:06.946+0000] {processor.py:183} INFO - Processing /opt/airflow/dags/dag_sunafil_orquestador.py took 0.119 seconds
[2026-05-24T19:36:37.230+0000] {processor.py:161} INFO - Started process (PID=515) to work on /opt/airflow/dags/dag_sunafil_orquestador.py
[2026-05-24T19:36:37.231+0000] {processor.py:830} INFO - Processing file /opt/airflow/dags/dag_sunafil_orquestador.py for tasks to queue
[2026-05-24T19:36:37.232+0000] {logging_mixin.py:188} INFO - [2026-05-24T19:36:37.232+0000] {dagbag.py:538} INFO - Filling up the DagBag from /opt/airflow/dags/dag_sunafil_orquestador.py
[2026-05-24T19:36:37.251+0000] {processor.py:840} INFO - DAG(s) 'orquestador_sunafil_bronze' retrieved from /opt/airflow/dags/dag_sunafil_orquestador.py
[2026-05-24T19:36:37.290+0000] {logging_mixin.py:188} INFO - [2026-05-24T19:36:37.289+0000] {dag.py:3036} INFO - Sync 1 DAGs
[2026-05-24T19:36:37.308+0000] {logging_mixin.py:188} INFO - [2026-05-24T19:36:37.308+0000] {dag.py:3823} INFO - Setting next_dagrun for orquestador_sunafil_bronze to None, run_after=None
[2026-05-24T19:36:37.336+0000] {processor.py:183} INFO - Processing /opt/airflow/dags/dag_sunafil_orquestador.py took 0.110 seconds
[2026-05-24T19:37:07.623+0000] {processor.py:161} INFO - Started process (PID=520) to work on /opt/airflow/dags/dag_sunafil_orquestador.py
[2026-05-24T19:37:07.625+0000] {processor.py:830} INFO - Processing file /opt/airflow/dags/dag_sunafil_orquestador.py for tasks to queue
[2026-05-24T19:37:07.626+0000] {logging_mixin.py:188} INFO - [2026-05-24T19:37:07.625+0000] {dagbag.py:538} INFO - Filling up the DagBag from /opt/airflow/dags/dag_sunafil_orquestador.py
[2026-05-24T19:37:07.646+0000] {processor.py:840} INFO - DAG(s) 'orquestador_sunafil_bronze' retrieved from /opt/airflow/dags/dag_sunafil_orquestador.py
[2026-05-24T19:37:07.685+0000] {logging_mixin.py:188} INFO - [2026-05-24T19:37:07.685+0000] {dag.py:3036} INFO - Sync 1 DAGs
[2026-05-24T19:37:07.704+0000] {logging_mixin.py:188} INFO - [2026-05-24T19:37:07.704+0000] {dag.py:3823} INFO - Setting next_dagrun for orquestador_sunafil_bronze to None, run_after=None
[2026-05-24T19:37:07.737+0000] {processor.py:183} INFO - Processing /opt/airflow/dags/dag_sunafil_orquestador.py took 0.118 seconds
[2026-05-24T19:37:37.984+0000] {processor.py:161} INFO - Started process (PID=525) to work on /opt/airflow/dags/dag_sunafil_orquestador.py
[2026-05-24T19:37:37.986+0000] {processor.py:830} INFO - Processing file /opt/airflow/dags/dag_sunafil_orquestador.py for tasks to queue
[2026-05-24T19:37:37.988+0000] {logging_mixin.py:188} INFO - [2026-05-24T19:37:37.987+0000] {dagbag.py:538} INFO - Filling up the DagBag from /opt/airflow/dags/dag_sunafil_orquestador.py
[2026-05-24T19:37:38.009+0000] {processor.py:840} INFO - DAG(s) 'orquestador_sunafil_bronze' retrieved from /opt/airflow/dags/dag_sunafil_orquestador.py
[2026-05-24T19:37:38.053+0000] {logging_mixin.py:188} INFO - [2026-05-24T19:37:38.053+0000] {dag.py:3036} INFO - Sync 1 DAGs
[2026-05-24T19:37:38.074+0000] {logging_mixin.py:188} INFO - [2026-05-24T19:37:38.073+0000] {dag.py:3823} INFO - Setting next_dagrun for orquestador_sunafil_bronze to None, run_after=None
[2026-05-24T19:37:38.106+0000] {processor.py:183} INFO - Processing /opt/airflow/dags/dag_sunafil_orquestador.py took 0.128 seconds
[2026-05-24T19:38:08.420+0000] {processor.py:161} INFO - Started process (PID=530) to work on /opt/airflow/dags/dag_sunafil_orquestador.py
[2026-05-24T19:38:08.422+0000] {processor.py:830} INFO - Processing file /opt/airflow/dags/dag_sunafil_orquestador.py for tasks to queue
[2026-05-24T19:38:08.424+0000] {logging_mixin.py:188} INFO - [2026-05-24T19:38:08.423+0000] {dagbag.py:538} INFO - Filling up the DagBag from /opt/airflow/dags/dag_sunafil_orquestador.py
[2026-05-24T19:38:08.445+0000] {processor.py:840} INFO - DAG(s) 'orquestador_sunafil_bronze' retrieved from /opt/airflow/dags/dag_sunafil_orquestador.py
[2026-05-24T19:38:08.487+0000] {logging_mixin.py:188} INFO - [2026-05-24T19:38:08.486+0000] {dag.py:3036} INFO - Sync 1 DAGs
[2026-05-24T19:38:08.507+0000] {logging_mixin.py:188} INFO - [2026-05-24T19:38:08.507+0000] {dag.py:3823} INFO - Setting next_dagrun for orquestador_sunafil_bronze to None, run_after=None
[2026-05-24T19:38:08.541+0000] {processor.py:183} INFO - Processing /opt/airflow/dags/dag_sunafil_orquestador.py took 0.125 seconds
[2026-05-24T19:44:55.638+0000] {processor.py:161} INFO - Started process (PID=193) to work on /opt/airflow/dags/dag_sunafil_orquestador.py
[2026-05-24T19:44:56.284+0000] {processor.py:830} INFO - Processing file /opt/airflow/dags/dag_sunafil_orquestador.py for tasks to queue
[2026-05-24T19:44:56.287+0000] {logging_mixin.py:188} INFO - [2026-05-24T19:44:56.286+0000] {dagbag.py:538} INFO - Filling up the DagBag from /opt/airflow/dags/dag_sunafil_orquestador.py
[2026-05-24T19:44:59.258+0000] {processor.py:840} INFO - DAG(s) 'orquestador_sunafil_bronze' retrieved from /opt/airflow/dags/dag_sunafil_orquestador.py
[2026-05-24T19:44:59.303+0000] {logging_mixin.py:188} INFO - [2026-05-24T19:44:59.303+0000] {dag.py:3036} INFO - Sync 1 DAGs
[2026-05-24T19:44:59.321+0000] {logging_mixin.py:188} INFO - [2026-05-24T19:44:59.320+0000] {dag.py:3823} INFO - Setting next_dagrun for orquestador_sunafil_bronze to None, run_after=None
[2026-05-24T19:44:59.612+0000] {processor.py:183} INFO - Processing /opt/airflow/dags/dag_sunafil_orquestador.py took 3.980 seconds
[2026-05-24T19:45:40.384+0000] {processor.py:161} INFO - Started process (PID=198) to work on /opt/airflow/dags/dag_sunafil_orquestador.py
[2026-05-24T19:45:41.105+0000] {processor.py:830} INFO - Processing file /opt/airflow/dags/dag_sunafil_orquestador.py for tasks to queue
[2026-05-24T19:45:41.106+0000] {logging_mixin.py:188} INFO - [2026-05-24T19:45:41.106+0000] {dagbag.py:538} INFO - Filling up the DagBag from /opt/airflow/dags/dag_sunafil_orquestador.py
[2026-05-24T19:45:41.878+0000] {processor.py:840} INFO - DAG(s) 'orquestador_sunafil_bronze' retrieved from /opt/airflow/dags/dag_sunafil_orquestador.py
[2026-05-24T19:45:48.796+0000] {logging_mixin.py:188} INFO - [2026-05-24T19:45:48.795+0000] {dag.py:3036} INFO - Sync 1 DAGs
[2026-05-24T19:45:48.816+0000] {logging_mixin.py:188} INFO - [2026-05-24T19:45:48.816+0000] {dag.py:3823} INFO - Setting next_dagrun for orquestador_sunafil_bronze to None, run_after=None
[2026-05-24T19:45:48.850+0000] {processor.py:183} INFO - Processing /opt/airflow/dags/dag_sunafil_orquestador.py took 8.471 seconds
[2026-05-24T19:46:19.802+0000] {processor.py:161} INFO - Started process (PID=203) to work on /opt/airflow/dags/dag_sunafil_orquestador.py
[2026-05-24T19:46:19.803+0000] {processor.py:830} INFO - Processing file /opt/airflow/dags/dag_sunafil_orquestador.py for tasks to queue
[2026-05-24T19:46:19.805+0000] {logging_mixin.py:188} INFO - [2026-05-24T19:46:19.804+0000] {dagbag.py:538} INFO - Filling up the DagBag from /opt/airflow/dags/dag_sunafil_orquestador.py
[2026-05-24T19:46:19.828+0000] {processor.py:840} INFO - DAG(s) 'orquestador_sunafil_bronze' retrieved from /opt/airflow/dags/dag_sunafil_orquestador.py
[2026-05-24T19:46:19.869+0000] {logging_mixin.py:188} INFO - [2026-05-24T19:46:19.868+0000] {dag.py:3036} INFO - Sync 1 DAGs
[2026-05-24T19:46:19.889+0000] {logging_mixin.py:188} INFO - [2026-05-24T19:46:19.889+0000] {dag.py:3823} INFO - Setting next_dagrun for orquestador_sunafil_bronze to None, run_after=None
[2026-05-24T19:46:20.703+0000] {processor.py:183} INFO - Processing /opt/airflow/dags/dag_sunafil_orquestador.py took 0.906 seconds
[2026-05-24T19:46:51.342+0000] {processor.py:161} INFO - Started process (PID=208) to work on /opt/airflow/dags/dag_sunafil_orquestador.py
[2026-05-24T19:46:51.344+0000] {processor.py:830} INFO - Processing file /opt/airflow/dags/dag_sunafil_orquestador.py for tasks to queue
[2026-05-24T19:46:51.345+0000] {logging_mixin.py:188} INFO - [2026-05-24T19:46:51.345+0000] {dagbag.py:538} INFO - Filling up the DagBag from /opt/airflow/dags/dag_sunafil_orquestador.py
[2026-05-24T19:46:54.671+0000] {processor.py:840} INFO - DAG(s) 'orquestador_sunafil_bronze' retrieved from /opt/airflow/dags/dag_sunafil_orquestador.py
[2026-05-24T19:46:56.557+0000] {logging_mixin.py:188} INFO - [2026-05-24T19:46:56.556+0000] {dag.py:3036} INFO - Sync 1 DAGs
[2026-05-24T19:46:56.946+0000] {logging_mixin.py:188} INFO - [2026-05-24T19:46:56.946+0000] {dag.py:3823} INFO - Setting next_dagrun for orquestador_sunafil_bronze to None, run_after=None
[2026-05-24T19:46:59.046+0000] {processor.py:183} INFO - Processing /opt/airflow/dags/dag_sunafil_orquestador.py took 7.710 seconds
[2026-05-24T19:47:29.321+0000] {processor.py:161} INFO - Started process (PID=213) to work on /opt/airflow/dags/dag_sunafil_orquestador.py
[2026-05-24T19:47:29.341+0000] {processor.py:830} INFO - Processing file /opt/airflow/dags/dag_sunafil_orquestador.py for tasks to queue
[2026-05-24T19:47:29.343+0000] {logging_mixin.py:188} INFO - [2026-05-24T19:47:29.342+0000] {dagbag.py:538} INFO - Filling up the DagBag from /opt/airflow/dags/dag_sunafil_orquestador.py
[2026-05-24T19:47:29.977+0000] {processor.py:840} INFO - DAG(s) 'orquestador_sunafil_bronze' retrieved from /opt/airflow/dags/dag_sunafil_orquestador.py
[2026-05-24T19:47:30.896+0000] {logging_mixin.py:188} INFO - [2026-05-24T19:47:30.895+0000] {dag.py:3036} INFO - Sync 1 DAGs
[2026-05-24T19:47:30.916+0000] {logging_mixin.py:188} INFO - [2026-05-24T19:47:30.916+0000] {dag.py:3823} INFO - Setting next_dagrun for orquestador_sunafil_bronze to None, run_after=None
[2026-05-24T19:47:30.946+0000] {processor.py:183} INFO - Processing /opt/airflow/dags/dag_sunafil_orquestador.py took 1.629 seconds
[2026-05-24T19:48:04.518+0000] {processor.py:161} INFO - Started process (PID=218) to work on /opt/airflow/dags/dag_sunafil_orquestador.py
[2026-05-24T19:48:05.233+0000] {processor.py:830} INFO - Processing file /opt/airflow/dags/dag_sunafil_orquestador.py for tasks to queue
[2026-05-24T19:48:05.235+0000] {logging_mixin.py:188} INFO - [2026-05-24T19:48:05.234+0000] {dagbag.py:538} INFO - Filling up the DagBag from /opt/airflow/dags/dag_sunafil_orquestador.py
[2026-05-24T19:48:05.604+0000] {processor.py:840} INFO - DAG(s) 'orquestador_sunafil_bronze' retrieved from /opt/airflow/dags/dag_sunafil_orquestador.py
[2026-05-24T19:48:05.637+0000] {logging_mixin.py:188} INFO - [2026-05-24T19:48:05.637+0000] {dag.py:3036} INFO - Sync 1 DAGs
[2026-05-24T19:48:05.656+0000] {logging_mixin.py:188} INFO - [2026-05-24T19:48:05.656+0000] {dag.py:3823} INFO - Setting next_dagrun for orquestador_sunafil_bronze to None, run_after=None
[2026-05-24T19:48:05.687+0000] {processor.py:183} INFO - Processing /opt/airflow/dags/dag_sunafil_orquestador.py took 1.186 seconds
[2026-05-24T19:48:36.120+0000] {processor.py:161} INFO - Started process (PID=223) to work on /opt/airflow/dags/dag_sunafil_orquestador.py
[2026-05-24T19:48:36.122+0000] {processor.py:830} INFO - Processing file /opt/airflow/dags/dag_sunafil_orquestador.py for tasks to queue
[2026-05-24T19:48:36.124+0000] {logging_mixin.py:188} INFO - [2026-05-24T19:48:36.123+0000] {dagbag.py:538} INFO - Filling up the DagBag from /opt/airflow/dags/dag_sunafil_orquestador.py
[2026-05-24T19:48:36.162+0000] {processor.py:840} INFO - DAG(s) 'orquestador_sunafil_bronze' retrieved from /opt/airflow/dags/dag_sunafil_orquestador.py
[2026-05-24T19:48:36.237+0000] {logging_mixin.py:188} INFO - [2026-05-24T19:48:36.237+0000] {dag.py:3036} INFO - Sync 1 DAGs
[2026-05-24T19:48:36.263+0000] {logging_mixin.py:188} INFO - [2026-05-24T19:48:36.263+0000] {dag.py:3823} INFO - Setting next_dagrun for orquestador_sunafil_bronze to None, run_after=None
[2026-05-24T19:48:36.318+0000] {processor.py:183} INFO - Processing /opt/airflow/dags/dag_sunafil_orquestador.py took 0.206 seconds
[2026-05-24T19:49:09.457+0000] {processor.py:161} INFO - Started process (PID=228) to work on /opt/airflow/dags/dag_sunafil_orquestador.py
[2026-05-24T19:49:09.696+0000] {processor.py:830} INFO - Processing file /opt/airflow/dags/dag_sunafil_orquestador.py for tasks to queue
[2026-05-24T19:49:09.697+0000] {logging_mixin.py:188} INFO - [2026-05-24T19:49:09.696+0000] {dagbag.py:538} INFO - Filling up the DagBag from /opt/airflow/dags/dag_sunafil_orquestador.py
[2026-05-24T19:49:09.874+0000] {processor.py:840} INFO - DAG(s) 'orquestador_sunafil_bronze' retrieved from /opt/airflow/dags/dag_sunafil_orquestador.py
[2026-05-24T19:49:09.916+0000] {logging_mixin.py:188} INFO - [2026-05-24T19:49:09.915+0000] {dag.py:3036} INFO - Sync 1 DAGs
[2026-05-24T19:49:09.985+0000] {logging_mixin.py:188} INFO - [2026-05-24T19:49:09.985+0000] {dag.py:3823} INFO - Setting next_dagrun for orquestador_sunafil_bronze to None, run_after=None
[2026-05-24T19:49:10.053+0000] {processor.py:183} INFO - Processing /opt/airflow/dags/dag_sunafil_orquestador.py took 0.607 seconds
[2026-05-24T19:49:40.144+0000] {processor.py:161} INFO - Started process (PID=233) to work on /opt/airflow/dags/dag_sunafil_orquestador.py
[2026-05-24T19:49:40.145+0000] {processor.py:830} INFO - Processing file /opt/airflow/dags/dag_sunafil_orquestador.py for tasks to queue
[2026-05-24T19:49:40.147+0000] {logging_mixin.py:188} INFO - [2026-05-24T19:49:40.146+0000] {dagbag.py:538} INFO - Filling up the DagBag from /opt/airflow/dags/dag_sunafil_orquestador.py
[2026-05-24T19:49:40.169+0000] {processor.py:840} INFO - DAG(s) 'orquestador_sunafil_bronze' retrieved from /opt/airflow/dags/dag_sunafil_orquestador.py
[2026-05-24T19:49:40.238+0000] {logging_mixin.py:188} INFO - [2026-05-24T19:49:40.238+0000] {dag.py:3036} INFO - Sync 1 DAGs
[2026-05-24T19:49:40.480+0000] {logging_mixin.py:188} INFO - [2026-05-24T19:49:40.480+0000] {dag.py:3823} INFO - Setting next_dagrun for orquestador_sunafil_bronze to None, run_after=None
[2026-05-24T19:49:40.526+0000] {processor.py:183} INFO - Processing /opt/airflow/dags/dag_sunafil_orquestador.py took 0.388 seconds
[2026-05-24T19:50:11.255+0000] {processor.py:161} INFO - Started process (PID=238) to work on /opt/airflow/dags/dag_sunafil_orquestador.py
[2026-05-24T19:50:11.256+0000] {processor.py:830} INFO - Processing file /opt/airflow/dags/dag_sunafil_orquestador.py for tasks to queue
[2026-05-24T19:50:11.257+0000] {logging_mixin.py:188} INFO - [2026-05-24T19:50:11.257+0000] {dagbag.py:538} INFO - Filling up the DagBag from /opt/airflow/dags/dag_sunafil_orquestador.py
[2026-05-24T19:50:11.280+0000] {processor.py:840} INFO - DAG(s) 'orquestador_sunafil_bronze' retrieved from /opt/airflow/dags/dag_sunafil_orquestador.py
[2026-05-24T19:50:11.317+0000] {logging_mixin.py:188} INFO - [2026-05-24T19:50:11.317+0000] {dag.py:3036} INFO - Sync 1 DAGs
[2026-05-24T19:50:11.338+0000] {logging_mixin.py:188} INFO - [2026-05-24T19:50:11.338+0000] {dag.py:3823} INFO - Setting next_dagrun for orquestador_sunafil_bronze to None, run_after=None
[2026-05-24T19:50:11.431+0000] {processor.py:183} INFO - Processing /opt/airflow/dags/dag_sunafil_orquestador.py took 0.180 seconds
[2026-05-24T19:50:42.044+0000] {processor.py:161} INFO - Started process (PID=243) to work on /opt/airflow/dags/dag_sunafil_orquestador.py
[2026-05-24T19:50:42.046+0000] {processor.py:830} INFO - Processing file /opt/airflow/dags/dag_sunafil_orquestador.py for tasks to queue
[2026-05-24T19:50:42.047+0000] {logging_mixin.py:188} INFO - [2026-05-24T19:50:42.047+0000] {dagbag.py:538} INFO - Filling up the DagBag from /opt/airflow/dags/dag_sunafil_orquestador.py
[2026-05-24T19:50:42.088+0000] {processor.py:840} INFO - DAG(s) 'orquestador_sunafil_bronze' retrieved from /opt/airflow/dags/dag_sunafil_orquestador.py
[2026-05-24T19:50:42.166+0000] {logging_mixin.py:188} INFO - [2026-05-24T19:50:42.166+0000] {dag.py:3036} INFO - Sync 1 DAGs
[2026-05-24T19:50:42.200+0000] {logging_mixin.py:188} INFO - [2026-05-24T19:50:42.199+0000] {dag.py:3823} INFO - Setting next_dagrun for orquestador_sunafil_bronze to None, run_after=None
[2026-05-24T19:50:42.246+0000] {processor.py:183} INFO - Processing /opt/airflow/dags/dag_sunafil_orquestador.py took 0.209 seconds
[2026-05-24T19:51:13.674+0000] {processor.py:161} INFO - Started process (PID=248) to work on /opt/airflow/dags/dag_sunafil_orquestador.py
[2026-05-24T19:51:13.676+0000] {processor.py:830} INFO - Processing file /opt/airflow/dags/dag_sunafil_orquestador.py for tasks to queue
[2026-05-24T19:51:13.677+0000] {logging_mixin.py:188} INFO - [2026-05-24T19:51:13.677+0000] {dagbag.py:538} INFO - Filling up the DagBag from /opt/airflow/dags/dag_sunafil_orquestador.py
[2026-05-24T19:51:13.705+0000] {processor.py:840} INFO - DAG(s) 'orquestador_sunafil_bronze' retrieved from /opt/airflow/dags/dag_sunafil_orquestador.py
[2026-05-24T19:51:13.761+0000] {logging_mixin.py:188} INFO - [2026-05-24T19:51:13.761+0000] {dag.py:3036} INFO - Sync 1 DAGs
[2026-05-24T19:51:13.787+0000] {logging_mixin.py:188} INFO - [2026-05-24T19:51:13.787+0000] {dag.py:3823} INFO - Setting next_dagrun for orquestador_sunafil_bronze to None, run_after=None
[2026-05-24T19:51:13.817+0000] {processor.py:183} INFO - Processing /opt/airflow/dags/dag_sunafil_orquestador.py took 0.147 seconds
[2026-05-24T19:51:59.393+0000] {processor.py:161} INFO - Started process (PID=253) to work on /opt/airflow/dags/dag_sunafil_orquestador.py
[2026-05-24T19:52:01.849+0000] {processor.py:830} INFO - Processing file /opt/airflow/dags/dag_sunafil_orquestador.py for tasks to queue
[2026-05-24T19:52:03.156+0000] {logging_mixin.py:188} INFO - [2026-05-24T19:52:03.155+0000] {dagbag.py:538} INFO - Filling up the DagBag from /opt/airflow/dags/dag_sunafil_orquestador.py
[2026-05-24T19:52:09.081+0000] {processor.py:840} INFO - DAG(s) 'orquestador_sunafil_bronze' retrieved from /opt/airflow/dags/dag_sunafil_orquestador.py
[2026-05-24T19:52:17.088+0000] {logging_mixin.py:188} INFO - [2026-05-24T19:52:17.088+0000] {dag.py:3036} INFO - Sync 1 DAGs
[2026-05-24T19:52:20.289+0000] {logging_mixin.py:188} INFO - [2026-05-24T19:52:20.289+0000] {dag.py:3823} INFO - Setting next_dagrun for orquestador_sunafil_bronze to None, run_after=None
[2026-05-24T19:52:22.453+0000] {processor.py:183} INFO - Processing /opt/airflow/dags/dag_sunafil_orquestador.py took 29.005 seconds
[2026-05-24T19:52:56.348+0000] {processor.py:161} INFO - Started process (PID=258) to work on /opt/airflow/dags/dag_sunafil_orquestador.py
[2026-05-24T19:52:56.349+0000] {processor.py:830} INFO - Processing file /opt/airflow/dags/dag_sunafil_orquestador.py for tasks to queue
[2026-05-24T19:52:56.350+0000] {logging_mixin.py:188} INFO - [2026-05-24T19:52:56.350+0000] {dagbag.py:538} INFO - Filling up the DagBag from /opt/airflow/dags/dag_sunafil_orquestador.py
[2026-05-24T19:52:56.374+0000] {processor.py:840} INFO - DAG(s) 'orquestador_sunafil_bronze' retrieved from /opt/airflow/dags/dag_sunafil_orquestador.py
[2026-05-24T19:52:56.417+0000] {logging_mixin.py:188} INFO - [2026-05-24T19:52:56.417+0000] {dag.py:3036} INFO - Sync 1 DAGs
[2026-05-24T19:52:56.437+0000] {logging_mixin.py:188} INFO - [2026-05-24T19:52:56.436+0000] {dag.py:3823} INFO - Setting next_dagrun for orquestador_sunafil_bronze to None, run_after=None
[2026-05-24T19:52:56.473+0000] {processor.py:183} INFO - Processing /opt/airflow/dags/dag_sunafil_orquestador.py took 0.129 seconds
[2026-05-24T19:53:27.092+0000] {processor.py:161} INFO - Started process (PID=263) to work on /opt/airflow/dags/dag_sunafil_orquestador.py
[2026-05-24T19:53:27.093+0000] {processor.py:830} INFO - Processing file /opt/airflow/dags/dag_sunafil_orquestador.py for tasks to queue
[2026-05-24T19:53:27.095+0000] {logging_mixin.py:188} INFO - [2026-05-24T19:53:27.094+0000] {dagbag.py:538} INFO - Filling up the DagBag from /opt/airflow/dags/dag_sunafil_orquestador.py
[2026-05-24T19:53:27.189+0000] {processor.py:840} INFO - DAG(s) 'orquestador_sunafil_bronze' retrieved from /opt/airflow/dags/dag_sunafil_orquestador.py
[2026-05-24T19:53:27.227+0000] {logging_mixin.py:188} INFO - [2026-05-24T19:53:27.226+0000] {dag.py:3036} INFO - Sync 1 DAGs
[2026-05-24T19:53:27.245+0000] {logging_mixin.py:188} INFO - [2026-05-24T19:53:27.245+0000] {dag.py:3823} INFO - Setting next_dagrun for orquestador_sunafil_bronze to None, run_after=None
[2026-05-24T19:53:27.280+0000] {processor.py:183} INFO - Processing /opt/airflow/dags/dag_sunafil_orquestador.py took 0.192 seconds
[2026-05-24T19:54:01.603+0000] {processor.py:161} INFO - Started process (PID=268) to work on /opt/airflow/dags/dag_sunafil_orquestador.py
[2026-05-24T19:54:01.671+0000] {processor.py:830} INFO - Processing file /opt/airflow/dags/dag_sunafil_orquestador.py for tasks to queue
[2026-05-24T19:54:01.778+0000] {logging_mixin.py:188} INFO - [2026-05-24T19:54:01.673+0000] {dagbag.py:538} INFO - Filling up the DagBag from /opt/airflow/dags/dag_sunafil_orquestador.py
[2026-05-24T19:54:08.498+0000] {processor.py:840} INFO - DAG(s) 'orquestador_sunafil_bronze' retrieved from /opt/airflow/dags/dag_sunafil_orquestador.py
[2026-05-24T19:54:11.963+0000] {logging_mixin.py:188} INFO - [2026-05-24T19:54:11.962+0000] {dag.py:3036} INFO - Sync 1 DAGs
[2026-05-24T19:54:11.989+0000] {logging_mixin.py:188} INFO - [2026-05-24T19:54:11.988+0000] {dag.py:3823} INFO - Setting next_dagrun for orquestador_sunafil_bronze to None, run_after=None
[2026-05-24T19:54:12.022+0000] {processor.py:183} INFO - Processing /opt/airflow/dags/dag_sunafil_orquestador.py took 11.543 seconds
[2026-05-24T19:54:45.109+0000] {processor.py:161} INFO - Started process (PID=273) to work on /opt/airflow/dags/dag_sunafil_orquestador.py
[2026-05-24T19:54:45.110+0000] {processor.py:830} INFO - Processing file /opt/airflow/dags/dag_sunafil_orquestador.py for tasks to queue
[2026-05-24T19:54:45.112+0000] {logging_mixin.py:188} INFO - [2026-05-24T19:54:45.111+0000] {dagbag.py:538} INFO - Filling up the DagBag from /opt/airflow/dags/dag_sunafil_orquestador.py
[2026-05-24T19:54:46.991+0000] {processor.py:840} INFO - DAG(s) 'orquestador_sunafil_bronze' retrieved from /opt/airflow/dags/dag_sunafil_orquestador.py
[2026-05-24T19:54:47.959+0000] {logging_mixin.py:188} INFO - [2026-05-24T19:54:47.959+0000] {dag.py:3036} INFO - Sync 1 DAGs
[2026-05-24T19:54:48.015+0000] {logging_mixin.py:188} INFO - [2026-05-24T19:54:48.015+0000] {dag.py:3823} INFO - Setting next_dagrun for orquestador_sunafil_bronze to None, run_after=None
[2026-05-24T19:54:48.089+0000] {processor.py:183} INFO - Processing /opt/airflow/dags/dag_sunafil_orquestador.py took 2.983 seconds
[2026-05-24T19:55:18.930+0000] {processor.py:161} INFO - Started process (PID=278) to work on /opt/airflow/dags/dag_sunafil_orquestador.py
[2026-05-24T19:55:18.931+0000] {processor.py:830} INFO - Processing file /opt/airflow/dags/dag_sunafil_orquestador.py for tasks to queue
[2026-05-24T19:55:18.932+0000] {logging_mixin.py:188} INFO - [2026-05-24T19:55:18.932+0000] {dagbag.py:538} INFO - Filling up the DagBag from /opt/airflow/dags/dag_sunafil_orquestador.py
[2026-05-24T19:55:19.003+0000] {processor.py:840} INFO - DAG(s) 'orquestador_sunafil_bronze' retrieved from /opt/airflow/dags/dag_sunafil_orquestador.py
[2026-05-24T19:55:20.591+0000] {logging_mixin.py:188} INFO - [2026-05-24T19:55:20.590+0000] {dag.py:3036} INFO - Sync 1 DAGs
[2026-05-24T19:55:22.150+0000] {logging_mixin.py:188} INFO - [2026-05-24T19:55:22.149+0000] {dag.py:3823} INFO - Setting next_dagrun for orquestador_sunafil_bronze to None, run_after=None
[2026-05-24T19:55:24.498+0000] {processor.py:183} INFO - Processing /opt/airflow/dags/dag_sunafil_orquestador.py took 5.573 seconds
[2026-05-24T19:55:55.554+0000] {processor.py:161} INFO - Started process (PID=283) to work on /opt/airflow/dags/dag_sunafil_orquestador.py
[2026-05-24T19:55:55.556+0000] {processor.py:830} INFO - Processing file /opt/airflow/dags/dag_sunafil_orquestador.py for tasks to queue
[2026-05-24T19:55:55.557+0000] {logging_mixin.py:188} INFO - [2026-05-24T19:55:55.557+0000] {dagbag.py:538} INFO - Filling up the DagBag from /opt/airflow/dags/dag_sunafil_orquestador.py
[2026-05-24T19:55:55.579+0000] {processor.py:840} INFO - DAG(s) 'orquestador_sunafil_bronze' retrieved from /opt/airflow/dags/dag_sunafil_orquestador.py
[2026-05-24T19:55:56.322+0000] {logging_mixin.py:188} INFO - [2026-05-24T19:55:56.322+0000] {dag.py:3036} INFO - Sync 1 DAGs
[2026-05-24T19:55:56.521+0000] {logging_mixin.py:188} INFO - [2026-05-24T19:55:56.520+0000] {dag.py:3823} INFO - Setting next_dagrun for orquestador_sunafil_bronze to None, run_after=None
[2026-05-24T19:55:57.154+0000] {processor.py:183} INFO - Processing /opt/airflow/dags/dag_sunafil_orquestador.py took 1.604 seconds
[2026-05-24T19:56:28.753+0000] {processor.py:161} INFO - Started process (PID=288) to work on /opt/airflow/dags/dag_sunafil_orquestador.py
[2026-05-24T19:56:28.777+0000] {processor.py:830} INFO - Processing file /opt/airflow/dags/dag_sunafil_orquestador.py for tasks to queue
[2026-05-24T19:56:28.876+0000] {logging_mixin.py:188} INFO - [2026-05-24T19:56:28.875+0000] {dagbag.py:538} INFO - Filling up the DagBag from /opt/airflow/dags/dag_sunafil_orquestador.py
[2026-05-24T19:56:28.936+0000] {processor.py:840} INFO - DAG(s) 'orquestador_sunafil_bronze' retrieved from /opt/airflow/dags/dag_sunafil_orquestador.py
[2026-05-24T19:56:29.106+0000] {logging_mixin.py:188} INFO - [2026-05-24T19:56:29.106+0000] {dag.py:3036} INFO - Sync 1 DAGs
[2026-05-24T19:56:29.921+0000] {logging_mixin.py:188} INFO - [2026-05-24T19:56:29.921+0000] {dag.py:3823} INFO - Setting next_dagrun for orquestador_sunafil_bronze to None, run_after=None
[2026-05-24T19:56:29.972+0000] {processor.py:183} INFO - Processing /opt/airflow/dags/dag_sunafil_orquestador.py took 1.320 seconds
[2026-05-24T19:57:00.313+0000] {processor.py:161} INFO - Started process (PID=293) to work on /opt/airflow/dags/dag_sunafil_orquestador.py
[2026-05-24T19:57:00.315+0000] {processor.py:830} INFO - Processing file /opt/airflow/dags/dag_sunafil_orquestador.py for tasks to queue
[2026-05-24T19:57:00.317+0000] {logging_mixin.py:188} INFO - [2026-05-24T19:57:00.316+0000] {dagbag.py:538} INFO - Filling up the DagBag from /opt/airflow/dags/dag_sunafil_orquestador.py
[2026-05-24T19:57:00.640+0000] {processor.py:840} INFO - DAG(s) 'orquestador_sunafil_bronze' retrieved from /opt/airflow/dags/dag_sunafil_orquestador.py
[2026-05-24T19:57:00.697+0000] {logging_mixin.py:188} INFO - [2026-05-24T19:57:00.696+0000] {dag.py:3036} INFO - Sync 1 DAGs
[2026-05-24T19:57:00.721+0000] {logging_mixin.py:188} INFO - [2026-05-24T19:57:00.721+0000] {dag.py:3823} INFO - Setting next_dagrun for orquestador_sunafil_bronze to None, run_after=None
[2026-05-24T19:57:00.918+0000] {processor.py:183} INFO - Processing /opt/airflow/dags/dag_sunafil_orquestador.py took 0.608 seconds
[2026-05-24T19:57:31.199+0000] {processor.py:161} INFO - Started process (PID=298) to work on /opt/airflow/dags/dag_sunafil_orquestador.py
[2026-05-24T19:57:31.201+0000] {processor.py:830} INFO - Processing file /opt/airflow/dags/dag_sunafil_orquestador.py for tasks to queue
[2026-05-24T19:57:31.204+0000] {logging_mixin.py:188} INFO - [2026-05-24T19:57:31.203+0000] {dagbag.py:538} INFO - Filling up the DagBag from /opt/airflow/dags/dag_sunafil_orquestador.py
[2026-05-24T19:57:31.238+0000] {processor.py:840} INFO - DAG(s) 'orquestador_sunafil_bronze' retrieved from /opt/airflow/dags/dag_sunafil_orquestador.py
[2026-05-24T19:57:31.295+0000] {logging_mixin.py:188} INFO - [2026-05-24T19:57:31.295+0000] {dag.py:3036} INFO - Sync 1 DAGs
[2026-05-24T19:57:31.325+0000] {logging_mixin.py:188} INFO - [2026-05-24T19:57:31.325+0000] {dag.py:3823} INFO - Setting next_dagrun for orquestador_sunafil_bronze to None, run_after=None
[2026-05-24T19:57:31.367+0000] {processor.py:183} INFO - Processing /opt/airflow/dags/dag_sunafil_orquestador.py took 0.176 seconds
[2026-05-24T19:58:04.507+0000] {processor.py:161} INFO - Started process (PID=303) to work on /opt/airflow/dags/dag_sunafil_orquestador.py
[2026-05-24T19:58:05.141+0000] {processor.py:830} INFO - Processing file /opt/airflow/dags/dag_sunafil_orquestador.py for tasks to queue
[2026-05-24T19:58:05.406+0000] {logging_mixin.py:188} INFO - [2026-05-24T19:58:05.405+0000] {dagbag.py:538} INFO - Filling up the DagBag from /opt/airflow/dags/dag_sunafil_orquestador.py
[2026-05-24T19:58:08.357+0000] {processor.py:840} INFO - DAG(s) 'orquestador_sunafil_bronze' retrieved from /opt/airflow/dags/dag_sunafil_orquestador.py
[2026-05-24T19:58:08.435+0000] {logging_mixin.py:188} INFO - [2026-05-24T19:58:08.435+0000] {dag.py:3036} INFO - Sync 1 DAGs
[2026-05-24T19:58:08.540+0000] {logging_mixin.py:188} INFO - [2026-05-24T19:58:08.539+0000] {dag.py:3823} INFO - Setting next_dagrun for orquestador_sunafil_bronze to None, run_after=None
[2026-05-24T19:58:08.988+0000] {processor.py:183} INFO - Processing /opt/airflow/dags/dag_sunafil_orquestador.py took 5.452 seconds
[2026-05-24T19:58:39.629+0000] {processor.py:161} INFO - Started process (PID=308) to work on /opt/airflow/dags/dag_sunafil_orquestador.py
[2026-05-24T19:58:39.630+0000] {processor.py:830} INFO - Processing file /opt/airflow/dags/dag_sunafil_orquestador.py for tasks to queue
[2026-05-24T19:58:39.631+0000] {logging_mixin.py:188} INFO - [2026-05-24T19:58:39.631+0000] {dagbag.py:538} INFO - Filling up the DagBag from /opt/airflow/dags/dag_sunafil_orquestador.py
[2026-05-24T19:58:40.130+0000] {processor.py:840} INFO - DAG(s) 'orquestador_sunafil_bronze' retrieved from /opt/airflow/dags/dag_sunafil_orquestador.py
[2026-05-24T19:58:47.287+0000] {logging_mixin.py:188} INFO - [2026-05-24T19:58:47.287+0000] {dag.py:3036} INFO - Sync 1 DAGs
[2026-05-24T20:00:51.527+0000] {logging_mixin.py:188} INFO - [2026-05-24T20:00:51.527+0000] {dag.py:3823} INFO - Setting next_dagrun for orquestador_sunafil_bronze to None, run_after=None
[2026-05-24T20:31:14.473+0000] {processor.py:161} INFO - Started process (PID=201) to work on /opt/airflow/dags/dag_sunafil_orquestador.py
[2026-05-24T20:31:14.481+0000] {processor.py:830} INFO - Processing file /opt/airflow/dags/dag_sunafil_orquestador.py for tasks to queue
[2026-05-24T20:31:14.484+0000] {logging_mixin.py:188} INFO - [2026-05-24T20:31:14.483+0000] {dagbag.py:538} INFO - Filling up the DagBag from /opt/airflow/dags/dag_sunafil_orquestador.py
[2026-05-24T20:31:14.552+0000] {processor.py:840} INFO - DAG(s) 'orquestador_sunafil_bronze' retrieved from /opt/airflow/dags/dag_sunafil_orquestador.py
[2026-05-24T20:31:15.232+0000] {logging_mixin.py:188} INFO - [2026-05-24T20:31:15.232+0000] {dag.py:3036} INFO - Sync 1 DAGs
[2026-05-24T20:31:15.257+0000] {logging_mixin.py:188} INFO - [2026-05-24T20:31:15.257+0000] {dag.py:3823} INFO - Setting next_dagrun for orquestador_sunafil_bronze to None, run_after=None
[2026-05-24T20:31:15.306+0000] {processor.py:183} INFO - Processing /opt/airflow/dags/dag_sunafil_orquestador.py took 0.844 seconds
[2026-05-24T20:31:49.050+0000] {processor.py:161} INFO - Started process (PID=206) to work on /opt/airflow/dags/dag_sunafil_orquestador.py
[2026-05-24T20:31:49.064+0000] {processor.py:830} INFO - Processing file /opt/airflow/dags/dag_sunafil_orquestador.py for tasks to queue
[2026-05-24T20:31:49.066+0000] {logging_mixin.py:188} INFO - [2026-05-24T20:31:49.065+0000] {dagbag.py:538} INFO - Filling up the DagBag from /opt/airflow/dags/dag_sunafil_orquestador.py
[2026-05-24T20:31:56.596+0000] {processor.py:840} INFO - DAG(s) 'orquestador_sunafil_bronze' retrieved from /opt/airflow/dags/dag_sunafil_orquestador.py
[2026-05-24T20:32:02.108+0000] {logging_mixin.py:188} INFO - [2026-05-24T20:32:02.108+0000] {dag.py:3036} INFO - Sync 1 DAGs
[2026-05-24T20:32:03.961+0000] {logging_mixin.py:188} INFO - [2026-05-24T20:32:03.960+0000] {dag.py:3823} INFO - Setting next_dagrun for orquestador_sunafil_bronze to None, run_after=None
[2026-05-24T20:32:05.676+0000] {processor.py:183} INFO - Processing /opt/airflow/dags/dag_sunafil_orquestador.py took 16.632 seconds
[2026-05-24T20:32:39.940+0000] {processor.py:161} INFO - Started process (PID=211) to work on /opt/airflow/dags/dag_sunafil_orquestador.py
[2026-05-24T20:32:40.919+0000] {processor.py:830} INFO - Processing file /opt/airflow/dags/dag_sunafil_orquestador.py for tasks to queue
[2026-05-24T20:32:40.921+0000] {logging_mixin.py:188} INFO - [2026-05-24T20:32:40.921+0000] {dagbag.py:538} INFO - Filling up the DagBag from /opt/airflow/dags/dag_sunafil_orquestador.py
[2026-05-24T20:32:41.148+0000] {processor.py:840} INFO - DAG(s) 'orquestador_sunafil_bronze' retrieved from /opt/airflow/dags/dag_sunafil_orquestador.py
[2026-05-24T20:32:45.856+0000] {logging_mixin.py:188} INFO - [2026-05-24T20:32:45.855+0000] {dag.py:3036} INFO - Sync 1 DAGs
[2026-05-24T20:32:46.223+0000] {logging_mixin.py:188} INFO - [2026-05-24T20:32:46.221+0000] {dag.py:3823} INFO - Setting next_dagrun for orquestador_sunafil_bronze to None, run_after=None
[2026-05-24T20:32:47.658+0000] {processor.py:183} INFO - Processing /opt/airflow/dags/dag_sunafil_orquestador.py took 9.985 seconds
[2026-05-24T20:33:18.498+0000] {processor.py:161} INFO - Started process (PID=216) to work on /opt/airflow/dags/dag_sunafil_orquestador.py
[2026-05-24T20:33:18.500+0000] {processor.py:830} INFO - Processing file /opt/airflow/dags/dag_sunafil_orquestador.py for tasks to queue
[2026-05-24T20:33:18.502+0000] {logging_mixin.py:188} INFO - [2026-05-24T20:33:18.501+0000] {dagbag.py:538} INFO - Filling up the DagBag from /opt/airflow/dags/dag_sunafil_orquestador.py
[2026-05-24T20:33:18.535+0000] {processor.py:840} INFO - DAG(s) 'orquestador_sunafil_bronze' retrieved from /opt/airflow/dags/dag_sunafil_orquestador.py
[2026-05-24T20:33:18.583+0000] {logging_mixin.py:188} INFO - [2026-05-24T20:33:18.582+0000] {dag.py:3036} INFO - Sync 1 DAGs
[2026-05-24T20:33:18.609+0000] {logging_mixin.py:188} INFO - [2026-05-24T20:33:18.609+0000] {dag.py:3823} INFO - Setting next_dagrun for orquestador_sunafil_bronze to None, run_after=None
[2026-05-24T20:33:18.657+0000] {processor.py:183} INFO - Processing /opt/airflow/dags/dag_sunafil_orquestador.py took 0.164 seconds
[2026-05-24T20:33:49.378+0000] {processor.py:161} INFO - Started process (PID=221) to work on /opt/airflow/dags/dag_sunafil_orquestador.py
[2026-05-24T20:33:49.380+0000] {processor.py:830} INFO - Processing file /opt/airflow/dags/dag_sunafil_orquestador.py for tasks to queue
[2026-05-24T20:33:49.383+0000] {logging_mixin.py:188} INFO - [2026-05-24T20:33:49.382+0000] {dagbag.py:538} INFO - Filling up the DagBag from /opt/airflow/dags/dag_sunafil_orquestador.py
[2026-05-24T20:33:49.419+0000] {processor.py:840} INFO - DAG(s) 'orquestador_sunafil_bronze' retrieved from /opt/airflow/dags/dag_sunafil_orquestador.py
[2026-05-24T20:33:49.483+0000] {logging_mixin.py:188} INFO - [2026-05-24T20:33:49.483+0000] {dag.py:3036} INFO - Sync 1 DAGs
[2026-05-24T20:33:49.557+0000] {logging_mixin.py:188} INFO - [2026-05-24T20:33:49.556+0000] {dag.py:3823} INFO - Setting next_dagrun for orquestador_sunafil_bronze to None, run_after=None
[2026-05-24T20:33:49.600+0000] {processor.py:183} INFO - Processing /opt/airflow/dags/dag_sunafil_orquestador.py took 0.229 seconds
[2026-05-24T20:34:20.106+0000] {processor.py:161} INFO - Started process (PID=226) to work on /opt/airflow/dags/dag_sunafil_orquestador.py
[2026-05-24T20:34:20.108+0000] {processor.py:830} INFO - Processing file /opt/airflow/dags/dag_sunafil_orquestador.py for tasks to queue
[2026-05-24T20:34:20.110+0000] {logging_mixin.py:188} INFO - [2026-05-24T20:34:20.109+0000] {dagbag.py:538} INFO - Filling up the DagBag from /opt/airflow/dags/dag_sunafil_orquestador.py
[2026-05-24T20:34:20.137+0000] {processor.py:840} INFO - DAG(s) 'orquestador_sunafil_bronze' retrieved from /opt/airflow/dags/dag_sunafil_orquestador.py
[2026-05-24T20:34:21.853+0000] {logging_mixin.py:188} INFO - [2026-05-24T20:34:21.853+0000] {dag.py:3036} INFO - Sync 1 DAGs
[2026-05-24T20:34:22.467+0000] {logging_mixin.py:188} INFO - [2026-05-24T20:34:22.467+0000] {dag.py:3823} INFO - Setting next_dagrun for orquestador_sunafil_bronze to None, run_after=None
[2026-05-24T20:34:22.902+0000] {processor.py:183} INFO - Processing /opt/airflow/dags/dag_sunafil_orquestador.py took 2.801 seconds
[2026-05-24T20:34:53.212+0000] {processor.py:161} INFO - Started process (PID=231) to work on /opt/airflow/dags/dag_sunafil_orquestador.py
[2026-05-24T20:34:53.214+0000] {processor.py:830} INFO - Processing file /opt/airflow/dags/dag_sunafil_orquestador.py for tasks to queue
[2026-05-24T20:34:53.215+0000] {logging_mixin.py:188} INFO - [2026-05-24T20:34:53.215+0000] {dagbag.py:538} INFO - Filling up the DagBag from /opt/airflow/dags/dag_sunafil_orquestador.py
[2026-05-24T20:34:53.236+0000] {processor.py:840} INFO - DAG(s) 'orquestador_sunafil_bronze' retrieved from /opt/airflow/dags/dag_sunafil_orquestador.py
[2026-05-24T20:34:53.379+0000] {logging_mixin.py:188} INFO - [2026-05-24T20:34:53.378+0000] {dag.py:3036} INFO - Sync 1 DAGs
[2026-05-24T20:34:53.475+0000] {logging_mixin.py:188} INFO - [2026-05-24T20:34:53.474+0000] {dag.py:3823} INFO - Setting next_dagrun for orquestador_sunafil_bronze to None, run_after=None
[2026-05-24T20:34:53.508+0000] {processor.py:183} INFO - Processing /opt/airflow/dags/dag_sunafil_orquestador.py took 0.301 seconds
[2026-05-24T20:35:23.764+0000] {processor.py:161} INFO - Started process (PID=236) to work on /opt/airflow/dags/dag_sunafil_orquestador.py
[2026-05-24T20:35:23.766+0000] {processor.py:830} INFO - Processing file /opt/airflow/dags/dag_sunafil_orquestador.py for tasks to queue
[2026-05-24T20:35:23.768+0000] {logging_mixin.py:188} INFO - [2026-05-24T20:35:23.767+0000] {dagbag.py:538} INFO - Filling up the DagBag from /opt/airflow/dags/dag_sunafil_orquestador.py
[2026-05-24T20:35:24.199+0000] {processor.py:840} INFO - DAG(s) 'orquestador_sunafil_bronze' retrieved from /opt/airflow/dags/dag_sunafil_orquestador.py
[2026-05-24T20:35:24.750+0000] {logging_mixin.py:188} INFO - [2026-05-24T20:35:24.750+0000] {dag.py:3036} INFO - Sync 1 DAGs
[2026-05-24T20:35:24.993+0000] {logging_mixin.py:188} INFO - [2026-05-24T20:35:24.992+0000] {dag.py:3823} INFO - Setting next_dagrun for orquestador_sunafil_bronze to None, run_after=None
[2026-05-24T20:35:25.310+0000] {processor.py:183} INFO - Processing /opt/airflow/dags/dag_sunafil_orquestador.py took 1.558 seconds
[2026-05-24T20:35:55.562+0000] {processor.py:161} INFO - Started process (PID=241) to work on /opt/airflow/dags/dag_sunafil_orquestador.py
[2026-05-24T20:35:55.564+0000] {processor.py:830} INFO - Processing file /opt/airflow/dags/dag_sunafil_orquestador.py for tasks to queue
[2026-05-24T20:35:55.565+0000] {logging_mixin.py:188} INFO - [2026-05-24T20:35:55.564+0000] {dagbag.py:538} INFO - Filling up the DagBag from /opt/airflow/dags/dag_sunafil_orquestador.py
[2026-05-24T20:35:55.588+0000] {processor.py:840} INFO - DAG(s) 'orquestador_sunafil_bronze' retrieved from /opt/airflow/dags/dag_sunafil_orquestador.py
[2026-05-24T20:35:55.746+0000] {logging_mixin.py:188} INFO - [2026-05-24T20:35:55.746+0000] {dag.py:3036} INFO - Sync 1 DAGs
[2026-05-24T20:35:55.769+0000] {logging_mixin.py:188} INFO - [2026-05-24T20:35:55.769+0000] {dag.py:3823} INFO - Setting next_dagrun for orquestador_sunafil_bronze to None, run_after=None
[2026-05-24T20:35:55.851+0000] {processor.py:183} INFO - Processing /opt/airflow/dags/dag_sunafil_orquestador.py took 0.294 seconds
[2026-05-24T20:36:25.949+0000] {processor.py:161} INFO - Started process (PID=246) to work on /opt/airflow/dags/dag_sunafil_orquestador.py
[2026-05-24T20:36:25.950+0000] {processor.py:830} INFO - Processing file /opt/airflow/dags/dag_sunafil_orquestador.py for tasks to queue
[2026-05-24T20:36:25.952+0000] {logging_mixin.py:188} INFO - [2026-05-24T20:36:25.951+0000] {dagbag.py:538} INFO - Filling up the DagBag from /opt/airflow/dags/dag_sunafil_orquestador.py
[2026-05-24T20:36:25.972+0000] {processor.py:840} INFO - DAG(s) 'orquestador_sunafil_bronze' retrieved from /opt/airflow/dags/dag_sunafil_orquestador.py
[2026-05-24T20:36:26.019+0000] {logging_mixin.py:188} INFO - [2026-05-24T20:36:26.019+0000] {dag.py:3036} INFO - Sync 1 DAGs
[2026-05-24T20:36:26.040+0000] {logging_mixin.py:188} INFO - [2026-05-24T20:36:26.040+0000] {dag.py:3823} INFO - Setting next_dagrun for orquestador_sunafil_bronze to None, run_after=None
[2026-05-24T20:36:26.071+0000] {processor.py:183} INFO - Processing /opt/airflow/dags/dag_sunafil_orquestador.py took 0.128 seconds
[2026-05-24T20:36:56.421+0000] {processor.py:161} INFO - Started process (PID=251) to work on /opt/airflow/dags/dag_sunafil_orquestador.py
[2026-05-24T20:36:56.423+0000] {processor.py:830} INFO - Processing file /opt/airflow/dags/dag_sunafil_orquestador.py for tasks to queue
[2026-05-24T20:36:56.424+0000] {logging_mixin.py:188} INFO - [2026-05-24T20:36:56.423+0000] {dagbag.py:538} INFO - Filling up the DagBag from /opt/airflow/dags/dag_sunafil_orquestador.py
[2026-05-24T20:36:56.443+0000] {processor.py:840} INFO - DAG(s) 'orquestador_sunafil_bronze' retrieved from /opt/airflow/dags/dag_sunafil_orquestador.py
[2026-05-24T20:36:56.490+0000] {logging_mixin.py:188} INFO - [2026-05-24T20:36:56.490+0000] {dag.py:3036} INFO - Sync 1 DAGs
[2026-05-24T20:36:56.508+0000] {logging_mixin.py:188} INFO - [2026-05-24T20:36:56.507+0000] {dag.py:3823} INFO - Setting next_dagrun for orquestador_sunafil_bronze to None, run_after=None
[2026-05-24T20:36:56.539+0000] {processor.py:183} INFO - Processing /opt/airflow/dags/dag_sunafil_orquestador.py took 0.122 seconds
[2026-05-24T20:37:27.077+0000] {processor.py:161} INFO - Started process (PID=256) to work on /opt/airflow/dags/dag_sunafil_orquestador.py
[2026-05-24T20:37:27.078+0000] {processor.py:830} INFO - Processing file /opt/airflow/dags/dag_sunafil_orquestador.py for tasks to queue
[2026-05-24T20:37:27.079+0000] {logging_mixin.py:188} INFO - [2026-05-24T20:37:27.079+0000] {dagbag.py:538} INFO - Filling up the DagBag from /opt/airflow/dags/dag_sunafil_orquestador.py
[2026-05-24T20:37:27.099+0000] {processor.py:840} INFO - DAG(s) 'orquestador_sunafil_bronze' retrieved from /opt/airflow/dags/dag_sunafil_orquestador.py
[2026-05-24T20:37:27.138+0000] {logging_mixin.py:188} INFO - [2026-05-24T20:37:27.138+0000] {dag.py:3036} INFO - Sync 1 DAGs
[2026-05-24T20:37:27.156+0000] {logging_mixin.py:188} INFO - [2026-05-24T20:37:27.156+0000] {dag.py:3823} INFO - Setting next_dagrun for orquestador_sunafil_bronze to None, run_after=None
[2026-05-24T20:37:27.191+0000] {processor.py:183} INFO - Processing /opt/airflow/dags/dag_sunafil_orquestador.py took 0.117 seconds
[2026-05-24T20:37:57.534+0000] {processor.py:161} INFO - Started process (PID=261) to work on /opt/airflow/dags/dag_sunafil_orquestador.py
[2026-05-24T20:37:57.535+0000] {processor.py:830} INFO - Processing file /opt/airflow/dags/dag_sunafil_orquestador.py for tasks to queue
[2026-05-24T20:37:57.536+0000] {logging_mixin.py:188} INFO - [2026-05-24T20:37:57.536+0000] {dagbag.py:538} INFO - Filling up the DagBag from /opt/airflow/dags/dag_sunafil_orquestador.py
[2026-05-24T20:37:57.556+0000] {processor.py:840} INFO - DAG(s) 'orquestador_sunafil_bronze' retrieved from /opt/airflow/dags/dag_sunafil_orquestador.py
[2026-05-24T20:37:57.596+0000] {logging_mixin.py:188} INFO - [2026-05-24T20:37:57.595+0000] {dag.py:3036} INFO - Sync 1 DAGs
[2026-05-24T20:37:57.616+0000] {logging_mixin.py:188} INFO - [2026-05-24T20:37:57.616+0000] {dag.py:3823} INFO - Setting next_dagrun for orquestador_sunafil_bronze to None, run_after=None
[2026-05-24T20:37:57.653+0000] {processor.py:183} INFO - Processing /opt/airflow/dags/dag_sunafil_orquestador.py took 0.124 seconds
[2026-05-24T20:38:32.158+0000] {processor.py:161} INFO - Started process (PID=266) to work on /opt/airflow/dags/dag_sunafil_orquestador.py
[2026-05-24T20:38:32.218+0000] {processor.py:830} INFO - Processing file /opt/airflow/dags/dag_sunafil_orquestador.py for tasks to queue
[2026-05-24T20:38:32.220+0000] {logging_mixin.py:188} INFO - [2026-05-24T20:38:32.220+0000] {dagbag.py:538} INFO - Filling up the DagBag from /opt/airflow/dags/dag_sunafil_orquestador.py
[2026-05-24T20:38:33.571+0000] {processor.py:840} INFO - DAG(s) 'orquestador_sunafil_bronze' retrieved from /opt/airflow/dags/dag_sunafil_orquestador.py
[2026-05-24T20:38:34.948+0000] {logging_mixin.py:188} INFO - [2026-05-24T20:38:34.948+0000] {dag.py:3036} INFO - Sync 1 DAGs
[2026-05-24T20:38:35.041+0000] {logging_mixin.py:188} INFO - [2026-05-24T20:38:35.040+0000] {dag.py:3823} INFO - Setting next_dagrun for orquestador_sunafil_bronze to None, run_after=None
[2026-05-24T20:38:35.099+0000] {processor.py:183} INFO - Processing /opt/airflow/dags/dag_sunafil_orquestador.py took 4.602 seconds
[2026-05-24T20:39:05.723+0000] {processor.py:161} INFO - Started process (PID=271) to work on /opt/airflow/dags/dag_sunafil_orquestador.py
[2026-05-24T20:39:05.770+0000] {processor.py:830} INFO - Processing file /opt/airflow/dags/dag_sunafil_orquestador.py for tasks to queue
[2026-05-24T20:39:05.960+0000] {logging_mixin.py:188} INFO - [2026-05-24T20:39:05.802+0000] {dagbag.py:538} INFO - Filling up the DagBag from /opt/airflow/dags/dag_sunafil_orquestador.py
[2026-05-24T20:39:06.472+0000] {processor.py:840} INFO - DAG(s) 'orquestador_sunafil_bronze' retrieved from /opt/airflow/dags/dag_sunafil_orquestador.py
[2026-05-24T20:39:06.523+0000] {logging_mixin.py:188} INFO - [2026-05-24T20:39:06.523+0000] {dag.py:3036} INFO - Sync 1 DAGs
[2026-05-24T20:39:12.217+0000] {logging_mixin.py:188} INFO - [2026-05-24T20:39:12.217+0000] {dag.py:3823} INFO - Setting next_dagrun for orquestador_sunafil_bronze to None, run_after=None
[2026-05-24T20:39:16.750+0000] {processor.py:183} INFO - Processing /opt/airflow/dags/dag_sunafil_orquestador.py took 11.039 seconds
[2026-05-24T20:39:47.042+0000] {processor.py:161} INFO - Started process (PID=276) to work on /opt/airflow/dags/dag_sunafil_orquestador.py
[2026-05-24T20:39:47.044+0000] {processor.py:830} INFO - Processing file /opt/airflow/dags/dag_sunafil_orquestador.py for tasks to queue
[2026-05-24T20:39:47.045+0000] {logging_mixin.py:188} INFO - [2026-05-24T20:39:47.045+0000] {dagbag.py:538} INFO - Filling up the DagBag from /opt/airflow/dags/dag_sunafil_orquestador.py
[2026-05-24T20:39:47.068+0000] {processor.py:840} INFO - DAG(s) 'orquestador_sunafil_bronze' retrieved from /opt/airflow/dags/dag_sunafil_orquestador.py
[2026-05-24T20:39:47.111+0000] {logging_mixin.py:188} INFO - [2026-05-24T20:39:47.111+0000] {dag.py:3036} INFO - Sync 1 DAGs
[2026-05-24T20:39:47.153+0000] {logging_mixin.py:188} INFO - [2026-05-24T20:39:47.153+0000] {dag.py:3823} INFO - Setting next_dagrun for orquestador_sunafil_bronze to None, run_after=None
[2026-05-24T20:39:47.187+0000] {processor.py:183} INFO - Processing /opt/airflow/dags/dag_sunafil_orquestador.py took 0.150 seconds
[2026-05-24T20:40:17.392+0000] {processor.py:161} INFO - Started process (PID=281) to work on /opt/airflow/dags/dag_sunafil_orquestador.py
[2026-05-24T20:40:17.393+0000] {processor.py:830} INFO - Processing file /opt/airflow/dags/dag_sunafil_orquestador.py for tasks to queue
[2026-05-24T20:40:17.395+0000] {logging_mixin.py:188} INFO - [2026-05-24T20:40:17.394+0000] {dagbag.py:538} INFO - Filling up the DagBag from /opt/airflow/dags/dag_sunafil_orquestador.py
[2026-05-24T20:40:17.422+0000] {processor.py:840} INFO - DAG(s) 'orquestador_sunafil_bronze' retrieved from /opt/airflow/dags/dag_sunafil_orquestador.py
[2026-05-24T20:40:17.473+0000] {logging_mixin.py:188} INFO - [2026-05-24T20:40:17.473+0000] {dag.py:3036} INFO - Sync 1 DAGs
[2026-05-24T20:40:17.498+0000] {logging_mixin.py:188} INFO - [2026-05-24T20:40:17.498+0000] {dag.py:3823} INFO - Setting next_dagrun for orquestador_sunafil_bronze to None, run_after=None
[2026-05-24T20:40:17.528+0000] {processor.py:183} INFO - Processing /opt/airflow/dags/dag_sunafil_orquestador.py took 0.140 seconds
[2026-05-24T20:40:47.635+0000] {processor.py:161} INFO - Started process (PID=286) to work on /opt/airflow/dags/dag_sunafil_orquestador.py
[2026-05-24T20:40:47.636+0000] {processor.py:830} INFO - Processing file /opt/airflow/dags/dag_sunafil_orquestador.py for tasks to queue
[2026-05-24T20:40:47.638+0000] {logging_mixin.py:188} INFO - [2026-05-24T20:40:47.637+0000] {dagbag.py:538} INFO - Filling up the DagBag from /opt/airflow/dags/dag_sunafil_orquestador.py
[2026-05-24T20:40:47.678+0000] {processor.py:840} INFO - DAG(s) 'orquestador_sunafil_bronze' retrieved from /opt/airflow/dags/dag_sunafil_orquestador.py
[2026-05-24T20:40:48.317+0000] {logging_mixin.py:188} INFO - [2026-05-24T20:40:48.316+0000] {dag.py:3036} INFO - Sync 1 DAGs
[2026-05-24T20:40:50.201+0000] {logging_mixin.py:188} INFO - [2026-05-24T20:40:50.200+0000] {dag.py:3823} INFO - Setting next_dagrun for orquestador_sunafil_bronze to None, run_after=None
[2026-05-24T20:40:50.364+0000] {processor.py:183} INFO - Processing /opt/airflow/dags/dag_sunafil_orquestador.py took 2.734 seconds
[2026-05-24T20:41:20.668+0000] {processor.py:161} INFO - Started process (PID=291) to work on /opt/airflow/dags/dag_sunafil_orquestador.py
[2026-05-24T20:41:20.669+0000] {processor.py:830} INFO - Processing file /opt/airflow/dags/dag_sunafil_orquestador.py for tasks to queue
[2026-05-24T20:41:20.670+0000] {logging_mixin.py:188} INFO - [2026-05-24T20:41:20.670+0000] {dagbag.py:538} INFO - Filling up the DagBag from /opt/airflow/dags/dag_sunafil_orquestador.py
[2026-05-24T20:41:20.704+0000] {processor.py:840} INFO - DAG(s) 'orquestador_sunafil_bronze' retrieved from /opt/airflow/dags/dag_sunafil_orquestador.py
[2026-05-24T20:41:20.749+0000] {logging_mixin.py:188} INFO - [2026-05-24T20:41:20.748+0000] {dag.py:3036} INFO - Sync 1 DAGs
[2026-05-24T20:41:20.778+0000] {logging_mixin.py:188} INFO - [2026-05-24T20:41:20.778+0000] {dag.py:3823} INFO - Setting next_dagrun for orquestador_sunafil_bronze to None, run_after=None
[2026-05-24T20:41:20.842+0000] {processor.py:183} INFO - Processing /opt/airflow/dags/dag_sunafil_orquestador.py took 0.179 seconds
[2026-05-24T20:41:51.009+0000] {processor.py:161} INFO - Started process (PID=296) to work on /opt/airflow/dags/dag_sunafil_orquestador.py
[2026-05-24T20:41:51.010+0000] {processor.py:830} INFO - Processing file /opt/airflow/dags/dag_sunafil_orquestador.py for tasks to queue
[2026-05-24T20:41:51.011+0000] {logging_mixin.py:188} INFO - [2026-05-24T20:41:51.011+0000] {dagbag.py:538} INFO - Filling up the DagBag from /opt/airflow/dags/dag_sunafil_orquestador.py
[2026-05-24T20:41:51.031+0000] {processor.py:840} INFO - DAG(s) 'orquestador_sunafil_bronze' retrieved from /opt/airflow/dags/dag_sunafil_orquestador.py
[2026-05-24T20:41:51.069+0000] {logging_mixin.py:188} INFO - [2026-05-24T20:41:51.069+0000] {dag.py:3036} INFO - Sync 1 DAGs
[2026-05-24T20:41:51.555+0000] {logging_mixin.py:188} INFO - [2026-05-24T20:41:51.554+0000] {dag.py:3823} INFO - Setting next_dagrun for orquestador_sunafil_bronze to None, run_after=None
[2026-05-24T20:41:51.975+0000] {processor.py:183} INFO - Processing /opt/airflow/dags/dag_sunafil_orquestador.py took 0.970 seconds
[2026-05-24T20:42:22.387+0000] {processor.py:161} INFO - Started process (PID=301) to work on /opt/airflow/dags/dag_sunafil_orquestador.py
[2026-05-24T20:42:22.390+0000] {processor.py:830} INFO - Processing file /opt/airflow/dags/dag_sunafil_orquestador.py for tasks to queue
[2026-05-24T20:42:22.392+0000] {logging_mixin.py:188} INFO - [2026-05-24T20:42:22.391+0000] {dagbag.py:538} INFO - Filling up the DagBag from /opt/airflow/dags/dag_sunafil_orquestador.py
[2026-05-24T20:42:22.460+0000] {processor.py:840} INFO - DAG(s) 'orquestador_sunafil_bronze' retrieved from /opt/airflow/dags/dag_sunafil_orquestador.py
[2026-05-24T20:42:26.232+0000] {logging_mixin.py:188} INFO - [2026-05-24T20:42:26.232+0000] {dag.py:3036} INFO - Sync 1 DAGs
[2026-05-24T20:42:26.389+0000] {logging_mixin.py:188} INFO - [2026-05-24T20:42:26.388+0000] {dag.py:3823} INFO - Setting next_dagrun for orquestador_sunafil_bronze to None, run_after=None
[2026-05-24T20:42:28.332+0000] {processor.py:183} INFO - Processing /opt/airflow/dags/dag_sunafil_orquestador.py took 5.958 seconds
[2026-05-24T20:42:58.851+0000] {processor.py:161} INFO - Started process (PID=309) to work on /opt/airflow/dags/dag_sunafil_orquestador.py
[2026-05-24T20:42:58.852+0000] {processor.py:830} INFO - Processing file /opt/airflow/dags/dag_sunafil_orquestador.py for tasks to queue
[2026-05-24T20:42:58.853+0000] {logging_mixin.py:188} INFO - [2026-05-24T20:42:58.853+0000] {dagbag.py:538} INFO - Filling up the DagBag from /opt/airflow/dags/dag_sunafil_orquestador.py
[2026-05-24T20:42:58.877+0000] {processor.py:840} INFO - DAG(s) 'orquestador_sunafil_bronze' retrieved from /opt/airflow/dags/dag_sunafil_orquestador.py
[2026-05-24T20:42:58.919+0000] {logging_mixin.py:188} INFO - [2026-05-24T20:42:58.919+0000] {dag.py:3036} INFO - Sync 1 DAGs
[2026-05-24T20:42:58.938+0000] {logging_mixin.py:188} INFO - [2026-05-24T20:42:58.938+0000] {dag.py:3823} INFO - Setting next_dagrun for orquestador_sunafil_bronze to None, run_after=None
[2026-05-24T20:42:58.969+0000] {processor.py:183} INFO - Processing /opt/airflow/dags/dag_sunafil_orquestador.py took 0.122 seconds
[2026-05-24T20:43:29.186+0000] {processor.py:161} INFO - Started process (PID=314) to work on /opt/airflow/dags/dag_sunafil_orquestador.py
[2026-05-24T20:43:29.188+0000] {processor.py:830} INFO - Processing file /opt/airflow/dags/dag_sunafil_orquestador.py for tasks to queue
[2026-05-24T20:43:29.189+0000] {logging_mixin.py:188} INFO - [2026-05-24T20:43:29.189+0000] {dagbag.py:538} INFO - Filling up the DagBag from /opt/airflow/dags/dag_sunafil_orquestador.py
[2026-05-24T20:43:29.243+0000] {processor.py:840} INFO - DAG(s) 'orquestador_sunafil_bronze' retrieved from /opt/airflow/dags/dag_sunafil_orquestador.py
[2026-05-24T20:43:29.288+0000] {logging_mixin.py:188} INFO - [2026-05-24T20:43:29.287+0000] {dag.py:3036} INFO - Sync 1 DAGs
[2026-05-24T20:43:29.308+0000] {logging_mixin.py:188} INFO - [2026-05-24T20:43:29.308+0000] {dag.py:3823} INFO - Setting next_dagrun for orquestador_sunafil_bronze to None, run_after=None
[2026-05-24T20:43:29.343+0000] {processor.py:183} INFO - Processing /opt/airflow/dags/dag_sunafil_orquestador.py took 0.162 seconds
[2026-05-24T20:43:59.719+0000] {processor.py:161} INFO - Started process (PID=319) to work on /opt/airflow/dags/dag_sunafil_orquestador.py
[2026-05-24T20:43:59.721+0000] {processor.py:830} INFO - Processing file /opt/airflow/dags/dag_sunafil_orquestador.py for tasks to queue
[2026-05-24T20:43:59.723+0000] {logging_mixin.py:188} INFO - [2026-05-24T20:43:59.722+0000] {dagbag.py:538} INFO - Filling up the DagBag from /opt/airflow/dags/dag_sunafil_orquestador.py
[2026-05-24T20:43:59.743+0000] {processor.py:840} INFO - DAG(s) 'orquestador_sunafil_bronze' retrieved from /opt/airflow/dags/dag_sunafil_orquestador.py
[2026-05-24T20:43:59.782+0000] {logging_mixin.py:188} INFO - [2026-05-24T20:43:59.781+0000] {dag.py:3036} INFO - Sync 1 DAGs
[2026-05-24T20:43:59.800+0000] {logging_mixin.py:188} INFO - [2026-05-24T20:43:59.799+0000] {dag.py:3823} INFO - Setting next_dagrun for orquestador_sunafil_bronze to None, run_after=None
[2026-05-24T20:43:59.846+0000] {processor.py:183} INFO - Processing /opt/airflow/dags/dag_sunafil_orquestador.py took 0.131 seconds
[2026-05-24T20:44:30.013+0000] {processor.py:161} INFO - Started process (PID=324) to work on /opt/airflow/dags/dag_sunafil_orquestador.py
[2026-05-24T20:44:30.015+0000] {processor.py:830} INFO - Processing file /opt/airflow/dags/dag_sunafil_orquestador.py for tasks to queue
[2026-05-24T20:44:30.016+0000] {logging_mixin.py:188} INFO - [2026-05-24T20:44:30.016+0000] {dagbag.py:538} INFO - Filling up the DagBag from /opt/airflow/dags/dag_sunafil_orquestador.py
[2026-05-24T20:44:30.041+0000] {processor.py:840} INFO - DAG(s) 'orquestador_sunafil_bronze' retrieved from /opt/airflow/dags/dag_sunafil_orquestador.py
[2026-05-24T20:44:30.083+0000] {logging_mixin.py:188} INFO - [2026-05-24T20:44:30.082+0000] {dag.py:3036} INFO - Sync 1 DAGs
[2026-05-24T20:44:30.101+0000] {logging_mixin.py:188} INFO - [2026-05-24T20:44:30.101+0000] {dag.py:3823} INFO - Setting next_dagrun for orquestador_sunafil_bronze to None, run_after=None
[2026-05-24T20:44:30.132+0000] {processor.py:183} INFO - Processing /opt/airflow/dags/dag_sunafil_orquestador.py took 0.124 seconds
[2026-05-24T20:45:00.343+0000] {processor.py:161} INFO - Started process (PID=329) to work on /opt/airflow/dags/dag_sunafil_orquestador.py
[2026-05-24T20:45:00.344+0000] {processor.py:830} INFO - Processing file /opt/airflow/dags/dag_sunafil_orquestador.py for tasks to queue
[2026-05-24T20:45:00.345+0000] {logging_mixin.py:188} INFO - [2026-05-24T20:45:00.345+0000] {dagbag.py:538} INFO - Filling up the DagBag from /opt/airflow/dags/dag_sunafil_orquestador.py
[2026-05-24T20:45:00.366+0000] {processor.py:840} INFO - DAG(s) 'orquestador_sunafil_bronze' retrieved from /opt/airflow/dags/dag_sunafil_orquestador.py
[2026-05-24T20:45:00.412+0000] {logging_mixin.py:188} INFO - [2026-05-24T20:45:00.412+0000] {dag.py:3036} INFO - Sync 1 DAGs
[2026-05-24T20:45:00.433+0000] {logging_mixin.py:188} INFO - [2026-05-24T20:45:00.432+0000] {dag.py:3823} INFO - Setting next_dagrun for orquestador_sunafil_bronze to None, run_after=None
[2026-05-24T20:45:00.464+0000] {processor.py:183} INFO - Processing /opt/airflow/dags/dag_sunafil_orquestador.py took 0.125 seconds
[2026-05-24T20:45:30.814+0000] {processor.py:161} INFO - Started process (PID=334) to work on /opt/airflow/dags/dag_sunafil_orquestador.py
[2026-05-24T20:45:30.815+0000] {processor.py:830} INFO - Processing file /opt/airflow/dags/dag_sunafil_orquestador.py for tasks to queue
[2026-05-24T20:45:30.817+0000] {logging_mixin.py:188} INFO - [2026-05-24T20:45:30.816+0000] {dagbag.py:538} INFO - Filling up the DagBag from /opt/airflow/dags/dag_sunafil_orquestador.py
[2026-05-24T20:45:30.841+0000] {processor.py:840} INFO - DAG(s) 'orquestador_sunafil_bronze' retrieved from /opt/airflow/dags/dag_sunafil_orquestador.py
[2026-05-24T20:45:30.882+0000] {logging_mixin.py:188} INFO - [2026-05-24T20:45:30.881+0000] {dag.py:3036} INFO - Sync 1 DAGs
[2026-05-24T20:45:30.901+0000] {logging_mixin.py:188} INFO - [2026-05-24T20:45:30.901+0000] {dag.py:3823} INFO - Setting next_dagrun for orquestador_sunafil_bronze to None, run_after=None
[2026-05-24T20:45:30.933+0000] {processor.py:183} INFO - Processing /opt/airflow/dags/dag_sunafil_orquestador.py took 0.123 seconds
[2026-05-24T20:46:01.177+0000] {processor.py:161} INFO - Started process (PID=339) to work on /opt/airflow/dags/dag_sunafil_orquestador.py
[2026-05-24T20:46:01.178+0000] {processor.py:830} INFO - Processing file /opt/airflow/dags/dag_sunafil_orquestador.py for tasks to queue
[2026-05-24T20:46:01.179+0000] {logging_mixin.py:188} INFO - [2026-05-24T20:46:01.179+0000] {dagbag.py:538} INFO - Filling up the DagBag from /opt/airflow/dags/dag_sunafil_orquestador.py
[2026-05-24T20:46:01.202+0000] {processor.py:840} INFO - DAG(s) 'orquestador_sunafil_bronze' retrieved from /opt/airflow/dags/dag_sunafil_orquestador.py
[2026-05-24T20:46:01.242+0000] {logging_mixin.py:188} INFO - [2026-05-24T20:46:01.242+0000] {dag.py:3036} INFO - Sync 1 DAGs
[2026-05-24T20:46:01.262+0000] {logging_mixin.py:188} INFO - [2026-05-24T20:46:01.262+0000] {dag.py:3823} INFO - Setting next_dagrun for orquestador_sunafil_bronze to None, run_after=None
[2026-05-24T20:46:01.293+0000] {processor.py:183} INFO - Processing /opt/airflow/dags/dag_sunafil_orquestador.py took 0.121 seconds
[2026-05-24T20:46:31.632+0000] {processor.py:161} INFO - Started process (PID=344) to work on /opt/airflow/dags/dag_sunafil_orquestador.py
[2026-05-24T20:46:31.634+0000] {processor.py:830} INFO - Processing file /opt/airflow/dags/dag_sunafil_orquestador.py for tasks to queue
[2026-05-24T20:46:31.635+0000] {logging_mixin.py:188} INFO - [2026-05-24T20:46:31.635+0000] {dagbag.py:538} INFO - Filling up the DagBag from /opt/airflow/dags/dag_sunafil_orquestador.py
[2026-05-24T20:46:31.657+0000] {processor.py:840} INFO - DAG(s) 'orquestador_sunafil_bronze' retrieved from /opt/airflow/dags/dag_sunafil_orquestador.py
[2026-05-24T20:46:31.700+0000] {logging_mixin.py:188} INFO - [2026-05-24T20:46:31.700+0000] {dag.py:3036} INFO - Sync 1 DAGs
[2026-05-24T20:46:31.720+0000] {logging_mixin.py:188} INFO - [2026-05-24T20:46:31.720+0000] {dag.py:3823} INFO - Setting next_dagrun for orquestador_sunafil_bronze to None, run_after=None
[2026-05-24T20:46:31.752+0000] {processor.py:183} INFO - Processing /opt/airflow/dags/dag_sunafil_orquestador.py took 0.125 seconds
[2026-05-24T20:47:01.982+0000] {processor.py:161} INFO - Started process (PID=349) to work on /opt/airflow/dags/dag_sunafil_orquestador.py
[2026-05-24T20:47:01.983+0000] {processor.py:830} INFO - Processing file /opt/airflow/dags/dag_sunafil_orquestador.py for tasks to queue
[2026-05-24T20:47:01.984+0000] {logging_mixin.py:188} INFO - [2026-05-24T20:47:01.984+0000] {dagbag.py:538} INFO - Filling up the DagBag from /opt/airflow/dags/dag_sunafil_orquestador.py
[2026-05-24T20:47:02.008+0000] {processor.py:840} INFO - DAG(s) 'orquestador_sunafil_bronze' retrieved from /opt/airflow/dags/dag_sunafil_orquestador.py
[2026-05-24T20:47:02.050+0000] {logging_mixin.py:188} INFO - [2026-05-24T20:47:02.050+0000] {dag.py:3036} INFO - Sync 1 DAGs
[2026-05-24T20:47:02.072+0000] {logging_mixin.py:188} INFO - [2026-05-24T20:47:02.072+0000] {dag.py:3823} INFO - Setting next_dagrun for orquestador_sunafil_bronze to None, run_after=None
[2026-05-24T20:47:02.107+0000] {processor.py:183} INFO - Processing /opt/airflow/dags/dag_sunafil_orquestador.py took 0.130 seconds
[2026-05-24T20:47:32.390+0000] {processor.py:161} INFO - Started process (PID=354) to work on /opt/airflow/dags/dag_sunafil_orquestador.py
[2026-05-24T20:47:32.391+0000] {processor.py:830} INFO - Processing file /opt/airflow/dags/dag_sunafil_orquestador.py for tasks to queue
[2026-05-24T20:47:32.393+0000] {logging_mixin.py:188} INFO - [2026-05-24T20:47:32.392+0000] {dagbag.py:538} INFO - Filling up the DagBag from /opt/airflow/dags/dag_sunafil_orquestador.py
[2026-05-24T20:47:32.415+0000] {processor.py:840} INFO - DAG(s) 'orquestador_sunafil_bronze' retrieved from /opt/airflow/dags/dag_sunafil_orquestador.py
[2026-05-24T20:47:32.459+0000] {logging_mixin.py:188} INFO - [2026-05-24T20:47:32.459+0000] {dag.py:3036} INFO - Sync 1 DAGs
[2026-05-24T20:47:32.479+0000] {logging_mixin.py:188} INFO - [2026-05-24T20:47:32.479+0000] {dag.py:3823} INFO - Setting next_dagrun for orquestador_sunafil_bronze to None, run_after=None
[2026-05-24T20:47:32.511+0000] {processor.py:183} INFO - Processing /opt/airflow/dags/dag_sunafil_orquestador.py took 0.125 seconds
[2026-05-24T20:48:02.830+0000] {processor.py:161} INFO - Started process (PID=362) to work on /opt/airflow/dags/dag_sunafil_orquestador.py
[2026-05-24T20:48:02.831+0000] {processor.py:830} INFO - Processing file /opt/airflow/dags/dag_sunafil_orquestador.py for tasks to queue
[2026-05-24T20:48:02.833+0000] {logging_mixin.py:188} INFO - [2026-05-24T20:48:02.832+0000] {dagbag.py:538} INFO - Filling up the DagBag from /opt/airflow/dags/dag_sunafil_orquestador.py
[2026-05-24T20:48:02.853+0000] {processor.py:840} INFO - DAG(s) 'orquestador_sunafil_bronze' retrieved from /opt/airflow/dags/dag_sunafil_orquestador.py
[2026-05-24T20:48:02.958+0000] {logging_mixin.py:188} INFO - [2026-05-24T20:48:02.958+0000] {dag.py:3036} INFO - Sync 1 DAGs
[2026-05-24T20:48:02.983+0000] {logging_mixin.py:188} INFO - [2026-05-24T20:48:02.982+0000] {dag.py:3823} INFO - Setting next_dagrun for orquestador_sunafil_bronze to None, run_after=None
[2026-05-24T20:48:03.021+0000] {processor.py:183} INFO - Processing /opt/airflow/dags/dag_sunafil_orquestador.py took 0.195 seconds
[2026-05-24T20:48:33.173+0000] {processor.py:161} INFO - Started process (PID=367) to work on /opt/airflow/dags/dag_sunafil_orquestador.py
[2026-05-24T20:48:33.175+0000] {processor.py:830} INFO - Processing file /opt/airflow/dags/dag_sunafil_orquestador.py for tasks to queue
[2026-05-24T20:48:33.176+0000] {logging_mixin.py:188} INFO - [2026-05-24T20:48:33.176+0000] {dagbag.py:538} INFO - Filling up the DagBag from /opt/airflow/dags/dag_sunafil_orquestador.py
[2026-05-24T20:48:33.197+0000] {processor.py:840} INFO - DAG(s) 'orquestador_sunafil_bronze' retrieved from /opt/airflow/dags/dag_sunafil_orquestador.py
[2026-05-24T20:48:33.239+0000] {logging_mixin.py:188} INFO - [2026-05-24T20:48:33.239+0000] {dag.py:3036} INFO - Sync 1 DAGs
[2026-05-24T20:48:33.261+0000] {logging_mixin.py:188} INFO - [2026-05-24T20:48:33.261+0000] {dag.py:3823} INFO - Setting next_dagrun for orquestador_sunafil_bronze to None, run_after=None
[2026-05-24T20:48:33.294+0000] {processor.py:183} INFO - Processing /opt/airflow/dags/dag_sunafil_orquestador.py took 0.124 seconds
[2026-05-24T20:49:03.616+0000] {processor.py:161} INFO - Started process (PID=372) to work on /opt/airflow/dags/dag_sunafil_orquestador.py
[2026-05-24T20:49:03.617+0000] {processor.py:830} INFO - Processing file /opt/airflow/dags/dag_sunafil_orquestador.py for tasks to queue
[2026-05-24T20:49:03.618+0000] {logging_mixin.py:188} INFO - [2026-05-24T20:49:03.618+0000] {dagbag.py:538} INFO - Filling up the DagBag from /opt/airflow/dags/dag_sunafil_orquestador.py
[2026-05-24T20:49:03.640+0000] {processor.py:840} INFO - DAG(s) 'orquestador_sunafil_bronze' retrieved from /opt/airflow/dags/dag_sunafil_orquestador.py
[2026-05-24T20:49:03.685+0000] {logging_mixin.py:188} INFO - [2026-05-24T20:49:03.685+0000] {dag.py:3036} INFO - Sync 1 DAGs
[2026-05-24T20:49:03.706+0000] {logging_mixin.py:188} INFO - [2026-05-24T20:49:03.706+0000] {dag.py:3823} INFO - Setting next_dagrun for orquestador_sunafil_bronze to None, run_after=None
[2026-05-24T20:49:03.736+0000] {processor.py:183} INFO - Processing /opt/airflow/dags/dag_sunafil_orquestador.py took 0.124 seconds
[2026-05-24T20:49:34.091+0000] {processor.py:161} INFO - Started process (PID=377) to work on /opt/airflow/dags/dag_sunafil_orquestador.py
[2026-05-24T20:49:34.092+0000] {processor.py:830} INFO - Processing file /opt/airflow/dags/dag_sunafil_orquestador.py for tasks to queue
[2026-05-24T20:49:34.093+0000] {logging_mixin.py:188} INFO - [2026-05-24T20:49:34.093+0000] {dagbag.py:538} INFO - Filling up the DagBag from /opt/airflow/dags/dag_sunafil_orquestador.py
[2026-05-24T20:49:34.114+0000] {processor.py:840} INFO - DAG(s) 'orquestador_sunafil_bronze' retrieved from /opt/airflow/dags/dag_sunafil_orquestador.py
[2026-05-24T20:49:34.153+0000] {logging_mixin.py:188} INFO - [2026-05-24T20:49:34.153+0000] {dag.py:3036} INFO - Sync 1 DAGs
[2026-05-24T20:49:34.174+0000] {logging_mixin.py:188} INFO - [2026-05-24T20:49:34.174+0000] {dag.py:3823} INFO - Setting next_dagrun for orquestador_sunafil_bronze to None, run_after=None
[2026-05-24T20:49:34.209+0000] {processor.py:183} INFO - Processing /opt/airflow/dags/dag_sunafil_orquestador.py took 0.122 seconds
[2026-05-24T20:50:04.465+0000] {processor.py:161} INFO - Started process (PID=382) to work on /opt/airflow/dags/dag_sunafil_orquestador.py
[2026-05-24T20:50:04.467+0000] {processor.py:830} INFO - Processing file /opt/airflow/dags/dag_sunafil_orquestador.py for tasks to queue
[2026-05-24T20:50:04.468+0000] {logging_mixin.py:188} INFO - [2026-05-24T20:50:04.468+0000] {dagbag.py:538} INFO - Filling up the DagBag from /opt/airflow/dags/dag_sunafil_orquestador.py
[2026-05-24T20:50:04.490+0000] {processor.py:840} INFO - DAG(s) 'orquestador_sunafil_bronze' retrieved from /opt/airflow/dags/dag_sunafil_orquestador.py
[2026-05-24T20:50:04.546+0000] {logging_mixin.py:188} INFO - [2026-05-24T20:50:04.546+0000] {dag.py:3036} INFO - Sync 1 DAGs
[2026-05-24T20:50:04.568+0000] {logging_mixin.py:188} INFO - [2026-05-24T20:50:04.568+0000] {dag.py:3823} INFO - Setting next_dagrun for orquestador_sunafil_bronze to None, run_after=None
[2026-05-24T20:50:04.600+0000] {processor.py:183} INFO - Processing /opt/airflow/dags/dag_sunafil_orquestador.py took 0.140 seconds
[2026-05-24T20:50:34.899+0000] {processor.py:161} INFO - Started process (PID=387) to work on /opt/airflow/dags/dag_sunafil_orquestador.py
[2026-05-24T20:50:34.901+0000] {processor.py:830} INFO - Processing file /opt/airflow/dags/dag_sunafil_orquestador.py for tasks to queue
[2026-05-24T20:50:34.902+0000] {logging_mixin.py:188} INFO - [2026-05-24T20:50:34.902+0000] {dagbag.py:538} INFO - Filling up the DagBag from /opt/airflow/dags/dag_sunafil_orquestador.py
[2026-05-24T20:50:34.923+0000] {processor.py:840} INFO - DAG(s) 'orquestador_sunafil_bronze' retrieved from /opt/airflow/dags/dag_sunafil_orquestador.py
[2026-05-24T20:50:34.961+0000] {logging_mixin.py:188} INFO - [2026-05-24T20:50:34.961+0000] {dag.py:3036} INFO - Sync 1 DAGs
[2026-05-24T20:50:34.979+0000] {logging_mixin.py:188} INFO - [2026-05-24T20:50:34.979+0000] {dag.py:3823} INFO - Setting next_dagrun for orquestador_sunafil_bronze to None, run_after=None
[2026-05-24T20:50:35.022+0000] {processor.py:183} INFO - Processing /opt/airflow/dags/dag_sunafil_orquestador.py took 0.126 seconds
[2026-05-24T20:51:05.160+0000] {processor.py:161} INFO - Started process (PID=392) to work on /opt/airflow/dags/dag_sunafil_orquestador.py
[2026-05-24T20:51:05.163+0000] {processor.py:830} INFO - Processing file /opt/airflow/dags/dag_sunafil_orquestador.py for tasks to queue
[2026-05-24T20:51:05.164+0000] {logging_mixin.py:188} INFO - [2026-05-24T20:51:05.164+0000] {dagbag.py:538} INFO - Filling up the DagBag from /opt/airflow/dags/dag_sunafil_orquestador.py
[2026-05-24T20:51:05.186+0000] {processor.py:840} INFO - DAG(s) 'orquestador_sunafil_bronze' retrieved from /opt/airflow/dags/dag_sunafil_orquestador.py
[2026-05-24T20:51:05.236+0000] {logging_mixin.py:188} INFO - [2026-05-24T20:51:05.235+0000] {dag.py:3036} INFO - Sync 1 DAGs
[2026-05-24T20:51:05.260+0000] {logging_mixin.py:188} INFO - [2026-05-24T20:51:05.260+0000] {dag.py:3823} INFO - Setting next_dagrun for orquestador_sunafil_bronze to None, run_after=None
[2026-05-24T20:51:05.301+0000] {processor.py:183} INFO - Processing /opt/airflow/dags/dag_sunafil_orquestador.py took 0.145 seconds
[2026-05-24T20:51:35.678+0000] {processor.py:161} INFO - Started process (PID=397) to work on /opt/airflow/dags/dag_sunafil_orquestador.py
[2026-05-24T20:51:35.679+0000] {processor.py:830} INFO - Processing file /opt/airflow/dags/dag_sunafil_orquestador.py for tasks to queue
[2026-05-24T20:51:35.680+0000] {logging_mixin.py:188} INFO - [2026-05-24T20:51:35.680+0000] {dagbag.py:538} INFO - Filling up the DagBag from /opt/airflow/dags/dag_sunafil_orquestador.py
[2026-05-24T20:51:35.701+0000] {processor.py:840} INFO - DAG(s) 'orquestador_sunafil_bronze' retrieved from /opt/airflow/dags/dag_sunafil_orquestador.py
[2026-05-24T20:51:35.741+0000] {logging_mixin.py:188} INFO - [2026-05-24T20:51:35.740+0000] {dag.py:3036} INFO - Sync 1 DAGs
[2026-05-24T20:51:35.761+0000] {logging_mixin.py:188} INFO - [2026-05-24T20:51:35.760+0000] {dag.py:3823} INFO - Setting next_dagrun for orquestador_sunafil_bronze to None, run_after=None
[2026-05-24T20:51:35.792+0000] {processor.py:183} INFO - Processing /opt/airflow/dags/dag_sunafil_orquestador.py took 0.118 seconds
[2026-05-24T20:52:06.044+0000] {processor.py:161} INFO - Started process (PID=402) to work on /opt/airflow/dags/dag_sunafil_orquestador.py
[2026-05-24T20:52:06.046+0000] {processor.py:830} INFO - Processing file /opt/airflow/dags/dag_sunafil_orquestador.py for tasks to queue
[2026-05-24T20:52:06.047+0000] {logging_mixin.py:188} INFO - [2026-05-24T20:52:06.046+0000] {dagbag.py:538} INFO - Filling up the DagBag from /opt/airflow/dags/dag_sunafil_orquestador.py
[2026-05-24T20:52:06.068+0000] {processor.py:840} INFO - DAG(s) 'orquestador_sunafil_bronze' retrieved from /opt/airflow/dags/dag_sunafil_orquestador.py
[2026-05-24T20:52:06.110+0000] {logging_mixin.py:188} INFO - [2026-05-24T20:52:06.110+0000] {dag.py:3036} INFO - Sync 1 DAGs
[2026-05-24T20:52:06.130+0000] {logging_mixin.py:188} INFO - [2026-05-24T20:52:06.130+0000] {dag.py:3823} INFO - Setting next_dagrun for orquestador_sunafil_bronze to None, run_after=None
[2026-05-24T20:52:06.162+0000] {processor.py:183} INFO - Processing /opt/airflow/dags/dag_sunafil_orquestador.py took 0.121 seconds
[2026-05-24T20:52:36.468+0000] {processor.py:161} INFO - Started process (PID=407) to work on /opt/airflow/dags/dag_sunafil_orquestador.py
[2026-05-24T20:52:36.469+0000] {processor.py:830} INFO - Processing file /opt/airflow/dags/dag_sunafil_orquestador.py for tasks to queue
[2026-05-24T20:52:36.471+0000] {logging_mixin.py:188} INFO - [2026-05-24T20:52:36.470+0000] {dagbag.py:538} INFO - Filling up the DagBag from /opt/airflow/dags/dag_sunafil_orquestador.py
[2026-05-24T20:52:36.491+0000] {processor.py:840} INFO - DAG(s) 'orquestador_sunafil_bronze' retrieved from /opt/airflow/dags/dag_sunafil_orquestador.py
[2026-05-24T20:52:36.546+0000] {logging_mixin.py:188} INFO - [2026-05-24T20:52:36.546+0000] {dag.py:3036} INFO - Sync 1 DAGs
[2026-05-24T20:52:36.567+0000] {logging_mixin.py:188} INFO - [2026-05-24T20:52:36.567+0000] {dag.py:3823} INFO - Setting next_dagrun for orquestador_sunafil_bronze to None, run_after=None
[2026-05-24T20:52:36.598+0000] {processor.py:183} INFO - Processing /opt/airflow/dags/dag_sunafil_orquestador.py took 0.134 seconds
[2026-05-24T20:53:06.723+0000] {processor.py:161} INFO - Started process (PID=412) to work on /opt/airflow/dags/dag_sunafil_orquestador.py
[2026-05-24T20:53:06.724+0000] {processor.py:830} INFO - Processing file /opt/airflow/dags/dag_sunafil_orquestador.py for tasks to queue
[2026-05-24T20:53:06.725+0000] {logging_mixin.py:188} INFO - [2026-05-24T20:53:06.725+0000] {dagbag.py:538} INFO - Filling up the DagBag from /opt/airflow/dags/dag_sunafil_orquestador.py
[2026-05-24T20:53:06.744+0000] {processor.py:840} INFO - DAG(s) 'orquestador_sunafil_bronze' retrieved from /opt/airflow/dags/dag_sunafil_orquestador.py
[2026-05-24T20:53:06.780+0000] {logging_mixin.py:188} INFO - [2026-05-24T20:53:06.780+0000] {dag.py:3036} INFO - Sync 1 DAGs
[2026-05-24T20:53:06.800+0000] {logging_mixin.py:188} INFO - [2026-05-24T20:53:06.800+0000] {dag.py:3823} INFO - Setting next_dagrun for orquestador_sunafil_bronze to None, run_after=None
[2026-05-24T20:53:06.827+0000] {processor.py:183} INFO - Processing /opt/airflow/dags/dag_sunafil_orquestador.py took 0.108 seconds
[2026-05-24T20:53:37.039+0000] {processor.py:161} INFO - Started process (PID=417) to work on /opt/airflow/dags/dag_sunafil_orquestador.py
[2026-05-24T20:53:37.041+0000] {processor.py:830} INFO - Processing file /opt/airflow/dags/dag_sunafil_orquestador.py for tasks to queue
[2026-05-24T20:53:37.042+0000] {logging_mixin.py:188} INFO - [2026-05-24T20:53:37.042+0000] {dagbag.py:538} INFO - Filling up the DagBag from /opt/airflow/dags/dag_sunafil_orquestador.py
[2026-05-24T20:53:37.062+0000] {processor.py:840} INFO - DAG(s) 'orquestador_sunafil_bronze' retrieved from /opt/airflow/dags/dag_sunafil_orquestador.py
[2026-05-24T20:53:37.103+0000] {logging_mixin.py:188} INFO - [2026-05-24T20:53:37.103+0000] {dag.py:3036} INFO - Sync 1 DAGs
[2026-05-24T20:53:37.123+0000] {logging_mixin.py:188} INFO - [2026-05-24T20:53:37.123+0000] {dag.py:3823} INFO - Setting next_dagrun for orquestador_sunafil_bronze to None, run_after=None
[2026-05-24T20:53:37.155+0000] {processor.py:183} INFO - Processing /opt/airflow/dags/dag_sunafil_orquestador.py took 0.120 seconds
[2026-05-24T20:54:07.466+0000] {processor.py:161} INFO - Started process (PID=422) to work on /opt/airflow/dags/dag_sunafil_orquestador.py
[2026-05-24T20:54:07.468+0000] {processor.py:830} INFO - Processing file /opt/airflow/dags/dag_sunafil_orquestador.py for tasks to queue
[2026-05-24T20:54:07.469+0000] {logging_mixin.py:188} INFO - [2026-05-24T20:54:07.468+0000] {dagbag.py:538} INFO - Filling up the DagBag from /opt/airflow/dags/dag_sunafil_orquestador.py
[2026-05-24T20:54:07.490+0000] {processor.py:840} INFO - DAG(s) 'orquestador_sunafil_bronze' retrieved from /opt/airflow/dags/dag_sunafil_orquestador.py
[2026-05-24T20:54:07.534+0000] {logging_mixin.py:188} INFO - [2026-05-24T20:54:07.534+0000] {dag.py:3036} INFO - Sync 1 DAGs
[2026-05-24T20:54:07.555+0000] {logging_mixin.py:188} INFO - [2026-05-24T20:54:07.555+0000] {dag.py:3823} INFO - Setting next_dagrun for orquestador_sunafil_bronze to None, run_after=None
[2026-05-24T20:54:07.586+0000] {processor.py:183} INFO - Processing /opt/airflow/dags/dag_sunafil_orquestador.py took 0.124 seconds
[2026-05-24T20:54:37.777+0000] {processor.py:161} INFO - Started process (PID=427) to work on /opt/airflow/dags/dag_sunafil_orquestador.py
[2026-05-24T20:54:37.778+0000] {processor.py:830} INFO - Processing file /opt/airflow/dags/dag_sunafil_orquestador.py for tasks to queue
[2026-05-24T20:54:37.780+0000] {logging_mixin.py:188} INFO - [2026-05-24T20:54:37.779+0000] {dagbag.py:538} INFO - Filling up the DagBag from /opt/airflow/dags/dag_sunafil_orquestador.py
[2026-05-24T20:54:37.806+0000] {processor.py:840} INFO - DAG(s) 'orquestador_sunafil_bronze' retrieved from /opt/airflow/dags/dag_sunafil_orquestador.py
[2026-05-24T20:54:37.852+0000] {logging_mixin.py:188} INFO - [2026-05-24T20:54:37.851+0000] {dag.py:3036} INFO - Sync 1 DAGs
[2026-05-24T20:54:37.874+0000] {logging_mixin.py:188} INFO - [2026-05-24T20:54:37.874+0000] {dag.py:3823} INFO - Setting next_dagrun for orquestador_sunafil_bronze to None, run_after=None
[2026-05-24T20:54:37.907+0000] {processor.py:183} INFO - Processing /opt/airflow/dags/dag_sunafil_orquestador.py took 0.136 seconds
[2026-05-24T20:55:08.217+0000] {processor.py:161} INFO - Started process (PID=432) to work on /opt/airflow/dags/dag_sunafil_orquestador.py
[2026-05-24T20:55:08.218+0000] {processor.py:830} INFO - Processing file /opt/airflow/dags/dag_sunafil_orquestador.py for tasks to queue
[2026-05-24T20:55:08.219+0000] {logging_mixin.py:188} INFO - [2026-05-24T20:55:08.219+0000] {dagbag.py:538} INFO - Filling up the DagBag from /opt/airflow/dags/dag_sunafil_orquestador.py
[2026-05-24T20:55:08.242+0000] {processor.py:840} INFO - DAG(s) 'orquestador_sunafil_bronze' retrieved from /opt/airflow/dags/dag_sunafil_orquestador.py
[2026-05-24T20:55:08.282+0000] {logging_mixin.py:188} INFO - [2026-05-24T20:55:08.281+0000] {dag.py:3036} INFO - Sync 1 DAGs
[2026-05-24T20:55:08.301+0000] {logging_mixin.py:188} INFO - [2026-05-24T20:55:08.300+0000] {dag.py:3823} INFO - Setting next_dagrun for orquestador_sunafil_bronze to None, run_after=None
[2026-05-24T20:55:08.332+0000] {processor.py:183} INFO - Processing /opt/airflow/dags/dag_sunafil_orquestador.py took 0.119 seconds
[2026-05-24T20:59:25.917+0000] {processor.py:161} INFO - Started process (PID=203) to work on /opt/airflow/dags/dag_sunafil_orquestador.py
[2026-05-24T20:59:26.014+0000] {processor.py:830} INFO - Processing file /opt/airflow/dags/dag_sunafil_orquestador.py for tasks to queue
[2026-05-24T20:59:26.017+0000] {logging_mixin.py:188} INFO - [2026-05-24T20:59:26.016+0000] {dagbag.py:538} INFO - Filling up the DagBag from /opt/airflow/dags/dag_sunafil_orquestador.py
[2026-05-24T20:59:26.122+0000] {processor.py:840} INFO - DAG(s) 'orquestador_sunafil_bronze' retrieved from /opt/airflow/dags/dag_sunafil_orquestador.py
[2026-05-24T20:59:26.604+0000] {logging_mixin.py:188} INFO - [2026-05-24T20:59:26.604+0000] {dag.py:3036} INFO - Sync 1 DAGs
[2026-05-24T20:59:26.628+0000] {logging_mixin.py:188} INFO - [2026-05-24T20:59:26.628+0000] {dag.py:3823} INFO - Setting next_dagrun for orquestador_sunafil_bronze to None, run_after=None
[2026-05-24T20:59:26.679+0000] {processor.py:183} INFO - Processing /opt/airflow/dags/dag_sunafil_orquestador.py took 0.777 seconds
[2026-05-24T20:59:57.387+0000] {processor.py:161} INFO - Started process (PID=209) to work on /opt/airflow/dags/dag_sunafil_orquestador.py
[2026-05-24T20:59:57.389+0000] {processor.py:830} INFO - Processing file /opt/airflow/dags/dag_sunafil_orquestador.py for tasks to queue
[2026-05-24T20:59:57.390+0000] {logging_mixin.py:188} INFO - [2026-05-24T20:59:57.390+0000] {dagbag.py:538} INFO - Filling up the DagBag from /opt/airflow/dags/dag_sunafil_orquestador.py
[2026-05-24T20:59:57.412+0000] {processor.py:840} INFO - DAG(s) 'orquestador_sunafil_bronze' retrieved from /opt/airflow/dags/dag_sunafil_orquestador.py
[2026-05-24T20:59:57.570+0000] {logging_mixin.py:188} INFO - [2026-05-24T20:59:57.569+0000] {dag.py:3036} INFO - Sync 1 DAGs
[2026-05-24T20:59:57.605+0000] {logging_mixin.py:188} INFO - [2026-05-24T20:59:57.605+0000] {dag.py:3823} INFO - Setting next_dagrun for orquestador_sunafil_bronze to None, run_after=None
[2026-05-24T20:59:57.645+0000] {processor.py:183} INFO - Processing /opt/airflow/dags/dag_sunafil_orquestador.py took 0.263 seconds
[2026-05-24T21:00:27.718+0000] {processor.py:161} INFO - Started process (PID=214) to work on /opt/airflow/dags/dag_sunafil_orquestador.py
[2026-05-24T21:00:27.719+0000] {processor.py:830} INFO - Processing file /opt/airflow/dags/dag_sunafil_orquestador.py for tasks to queue
[2026-05-24T21:00:27.720+0000] {logging_mixin.py:188} INFO - [2026-05-24T21:00:27.720+0000] {dagbag.py:538} INFO - Filling up the DagBag from /opt/airflow/dags/dag_sunafil_orquestador.py
[2026-05-24T21:00:27.801+0000] {processor.py:840} INFO - DAG(s) 'orquestador_sunafil_bronze' retrieved from /opt/airflow/dags/dag_sunafil_orquestador.py
[2026-05-24T21:00:28.091+0000] {logging_mixin.py:188} INFO - [2026-05-24T21:00:28.090+0000] {dag.py:3036} INFO - Sync 1 DAGs
[2026-05-24T21:00:28.980+0000] {logging_mixin.py:188} INFO - [2026-05-24T21:00:28.979+0000] {dag.py:3823} INFO - Setting next_dagrun for orquestador_sunafil_bronze to None, run_after=None
[2026-05-24T21:00:29.420+0000] {processor.py:183} INFO - Processing /opt/airflow/dags/dag_sunafil_orquestador.py took 1.706 seconds
[2026-05-24T21:00:59.778+0000] {processor.py:161} INFO - Started process (PID=219) to work on /opt/airflow/dags/dag_sunafil_orquestador.py
[2026-05-24T21:00:59.780+0000] {processor.py:830} INFO - Processing file /opt/airflow/dags/dag_sunafil_orquestador.py for tasks to queue
[2026-05-24T21:00:59.781+0000] {logging_mixin.py:188} INFO - [2026-05-24T21:00:59.780+0000] {dagbag.py:538} INFO - Filling up the DagBag from /opt/airflow/dags/dag_sunafil_orquestador.py
[2026-05-24T21:00:59.802+0000] {processor.py:840} INFO - DAG(s) 'orquestador_sunafil_bronze' retrieved from /opt/airflow/dags/dag_sunafil_orquestador.py
[2026-05-24T21:00:59.855+0000] {logging_mixin.py:188} INFO - [2026-05-24T21:00:59.854+0000] {dag.py:3036} INFO - Sync 1 DAGs
[2026-05-24T21:01:00.537+0000] {logging_mixin.py:188} INFO - [2026-05-24T21:01:00.536+0000] {dag.py:3823} INFO - Setting next_dagrun for orquestador_sunafil_bronze to None, run_after=None
[2026-05-24T21:01:01.096+0000] {processor.py:183} INFO - Processing /opt/airflow/dags/dag_sunafil_orquestador.py took 1.321 seconds
[2026-05-24T21:01:31.607+0000] {processor.py:161} INFO - Started process (PID=224) to work on /opt/airflow/dags/dag_sunafil_orquestador.py
[2026-05-24T21:01:31.608+0000] {processor.py:830} INFO - Processing file /opt/airflow/dags/dag_sunafil_orquestador.py for tasks to queue
[2026-05-24T21:01:31.610+0000] {logging_mixin.py:188} INFO - [2026-05-24T21:01:31.609+0000] {dagbag.py:538} INFO - Filling up the DagBag from /opt/airflow/dags/dag_sunafil_orquestador.py
[2026-05-24T21:01:31.632+0000] {processor.py:840} INFO - DAG(s) 'orquestador_sunafil_bronze' retrieved from /opt/airflow/dags/dag_sunafil_orquestador.py
[2026-05-24T21:01:31.787+0000] {logging_mixin.py:188} INFO - [2026-05-24T21:01:31.786+0000] {dag.py:3036} INFO - Sync 1 DAGs
[2026-05-24T21:01:31.833+0000] {logging_mixin.py:188} INFO - [2026-05-24T21:01:31.833+0000] {dag.py:3823} INFO - Setting next_dagrun for orquestador_sunafil_bronze to None, run_after=None
[2026-05-24T21:01:31.913+0000] {processor.py:183} INFO - Processing /opt/airflow/dags/dag_sunafil_orquestador.py took 0.311 seconds
[2026-05-24T21:02:01.959+0000] {processor.py:161} INFO - Started process (PID=229) to work on /opt/airflow/dags/dag_sunafil_orquestador.py
[2026-05-24T21:02:01.961+0000] {processor.py:830} INFO - Processing file /opt/airflow/dags/dag_sunafil_orquestador.py for tasks to queue
[2026-05-24T21:02:01.962+0000] {logging_mixin.py:188} INFO - [2026-05-24T21:02:01.961+0000] {dagbag.py:538} INFO - Filling up the DagBag from /opt/airflow/dags/dag_sunafil_orquestador.py
[2026-05-24T21:02:01.984+0000] {processor.py:840} INFO - DAG(s) 'orquestador_sunafil_bronze' retrieved from /opt/airflow/dags/dag_sunafil_orquestador.py
[2026-05-24T21:02:02.027+0000] {logging_mixin.py:188} INFO - [2026-05-24T21:02:02.027+0000] {dag.py:3036} INFO - Sync 1 DAGs
[2026-05-24T21:02:02.049+0000] {logging_mixin.py:188} INFO - [2026-05-24T21:02:02.049+0000] {dag.py:3823} INFO - Setting next_dagrun for orquestador_sunafil_bronze to None, run_after=None
[2026-05-24T21:02:02.080+0000] {processor.py:183} INFO - Processing /opt/airflow/dags/dag_sunafil_orquestador.py took 0.126 seconds
[2026-05-24T21:02:32.456+0000] {processor.py:161} INFO - Started process (PID=269) to work on /opt/airflow/dags/dag_sunafil_orquestador.py
[2026-05-24T21:02:32.458+0000] {processor.py:830} INFO - Processing file /opt/airflow/dags/dag_sunafil_orquestador.py for tasks to queue
[2026-05-24T21:02:32.459+0000] {logging_mixin.py:188} INFO - [2026-05-24T21:02:32.459+0000] {dagbag.py:538} INFO - Filling up the DagBag from /opt/airflow/dags/dag_sunafil_orquestador.py
[2026-05-24T21:02:32.481+0000] {processor.py:840} INFO - DAG(s) 'orquestador_sunafil_bronze' retrieved from /opt/airflow/dags/dag_sunafil_orquestador.py
[2026-05-24T21:02:32.522+0000] {logging_mixin.py:188} INFO - [2026-05-24T21:02:32.522+0000] {dag.py:3036} INFO - Sync 1 DAGs
[2026-05-24T21:02:32.558+0000] {logging_mixin.py:188} INFO - [2026-05-24T21:02:32.558+0000] {dag.py:3823} INFO - Setting next_dagrun for orquestador_sunafil_bronze to None, run_after=None
[2026-05-24T21:02:32.590+0000] {processor.py:183} INFO - Processing /opt/airflow/dags/dag_sunafil_orquestador.py took 0.137 seconds
[2026-05-24T21:03:03.273+0000] {processor.py:161} INFO - Started process (PID=274) to work on /opt/airflow/dags/dag_sunafil_orquestador.py
[2026-05-24T21:03:03.275+0000] {processor.py:830} INFO - Processing file /opt/airflow/dags/dag_sunafil_orquestador.py for tasks to queue
[2026-05-24T21:03:03.276+0000] {logging_mixin.py:188} INFO - [2026-05-24T21:03:03.276+0000] {dagbag.py:538} INFO - Filling up the DagBag from /opt/airflow/dags/dag_sunafil_orquestador.py
[2026-05-24T21:03:03.299+0000] {processor.py:840} INFO - DAG(s) 'orquestador_sunafil_bronze' retrieved from /opt/airflow/dags/dag_sunafil_orquestador.py
[2026-05-24T21:03:03.341+0000] {logging_mixin.py:188} INFO - [2026-05-24T21:03:03.340+0000] {dag.py:3036} INFO - Sync 1 DAGs
[2026-05-24T21:03:03.360+0000] {logging_mixin.py:188} INFO - [2026-05-24T21:03:03.360+0000] {dag.py:3823} INFO - Setting next_dagrun for orquestador_sunafil_bronze to None, run_after=None
[2026-05-24T21:03:03.391+0000] {processor.py:183} INFO - Processing /opt/airflow/dags/dag_sunafil_orquestador.py took 0.122 seconds
[2026-05-24T21:03:33.640+0000] {processor.py:161} INFO - Started process (PID=279) to work on /opt/airflow/dags/dag_sunafil_orquestador.py
[2026-05-24T21:03:33.642+0000] {processor.py:830} INFO - Processing file /opt/airflow/dags/dag_sunafil_orquestador.py for tasks to queue
[2026-05-24T21:03:33.644+0000] {logging_mixin.py:188} INFO - [2026-05-24T21:03:33.643+0000] {dagbag.py:538} INFO - Filling up the DagBag from /opt/airflow/dags/dag_sunafil_orquestador.py
[2026-05-24T21:03:33.664+0000] {processor.py:840} INFO - DAG(s) 'orquestador_sunafil_bronze' retrieved from /opt/airflow/dags/dag_sunafil_orquestador.py
[2026-05-24T21:03:33.705+0000] {logging_mixin.py:188} INFO - [2026-05-24T21:03:33.705+0000] {dag.py:3036} INFO - Sync 1 DAGs
[2026-05-24T21:03:33.724+0000] {logging_mixin.py:188} INFO - [2026-05-24T21:03:33.723+0000] {dag.py:3823} INFO - Setting next_dagrun for orquestador_sunafil_bronze to None, run_after=None
[2026-05-24T21:03:33.753+0000] {processor.py:183} INFO - Processing /opt/airflow/dags/dag_sunafil_orquestador.py took 0.118 seconds
[2026-05-24T21:04:04.048+0000] {processor.py:161} INFO - Started process (PID=284) to work on /opt/airflow/dags/dag_sunafil_orquestador.py
[2026-05-24T21:04:04.049+0000] {processor.py:830} INFO - Processing file /opt/airflow/dags/dag_sunafil_orquestador.py for tasks to queue
[2026-05-24T21:04:04.050+0000] {logging_mixin.py:188} INFO - [2026-05-24T21:04:04.050+0000] {dagbag.py:538} INFO - Filling up the DagBag from /opt/airflow/dags/dag_sunafil_orquestador.py
[2026-05-24T21:04:04.070+0000] {processor.py:840} INFO - DAG(s) 'orquestador_sunafil_bronze' retrieved from /opt/airflow/dags/dag_sunafil_orquestador.py
[2026-05-24T21:04:04.110+0000] {logging_mixin.py:188} INFO - [2026-05-24T21:04:04.109+0000] {dag.py:3036} INFO - Sync 1 DAGs
[2026-05-24T21:04:04.130+0000] {logging_mixin.py:188} INFO - [2026-05-24T21:04:04.130+0000] {dag.py:3823} INFO - Setting next_dagrun for orquestador_sunafil_bronze to None, run_after=None
[2026-05-24T21:04:04.236+0000] {processor.py:183} INFO - Processing /opt/airflow/dags/dag_sunafil_orquestador.py took 0.192 seconds
[2026-05-24T21:04:34.433+0000] {processor.py:161} INFO - Started process (PID=289) to work on /opt/airflow/dags/dag_sunafil_orquestador.py
[2026-05-24T21:04:34.435+0000] {processor.py:830} INFO - Processing file /opt/airflow/dags/dag_sunafil_orquestador.py for tasks to queue
[2026-05-24T21:04:34.437+0000] {logging_mixin.py:188} INFO - [2026-05-24T21:04:34.437+0000] {dagbag.py:538} INFO - Filling up the DagBag from /opt/airflow/dags/dag_sunafil_orquestador.py
[2026-05-24T21:04:34.459+0000] {processor.py:840} INFO - DAG(s) 'orquestador_sunafil_bronze' retrieved from /opt/airflow/dags/dag_sunafil_orquestador.py
[2026-05-24T21:04:34.499+0000] {logging_mixin.py:188} INFO - [2026-05-24T21:04:34.498+0000] {dag.py:3036} INFO - Sync 1 DAGs
[2026-05-24T21:04:34.517+0000] {logging_mixin.py:188} INFO - [2026-05-24T21:04:34.517+0000] {dag.py:3823} INFO - Setting next_dagrun for orquestador_sunafil_bronze to None, run_after=None
[2026-05-24T21:04:34.548+0000] {processor.py:183} INFO - Processing /opt/airflow/dags/dag_sunafil_orquestador.py took 0.120 seconds
[2026-05-24T21:05:04.864+0000] {processor.py:161} INFO - Started process (PID=294) to work on /opt/airflow/dags/dag_sunafil_orquestador.py
[2026-05-24T21:05:04.865+0000] {processor.py:830} INFO - Processing file /opt/airflow/dags/dag_sunafil_orquestador.py for tasks to queue
[2026-05-24T21:05:04.866+0000] {logging_mixin.py:188} INFO - [2026-05-24T21:05:04.866+0000] {dagbag.py:538} INFO - Filling up the DagBag from /opt/airflow/dags/dag_sunafil_orquestador.py
[2026-05-24T21:05:04.887+0000] {processor.py:840} INFO - DAG(s) 'orquestador_sunafil_bronze' retrieved from /opt/airflow/dags/dag_sunafil_orquestador.py
[2026-05-24T21:05:04.928+0000] {logging_mixin.py:188} INFO - [2026-05-24T21:05:04.928+0000] {dag.py:3036} INFO - Sync 1 DAGs
[2026-05-24T21:05:04.964+0000] {logging_mixin.py:188} INFO - [2026-05-24T21:05:04.964+0000] {dag.py:3823} INFO - Setting next_dagrun for orquestador_sunafil_bronze to None, run_after=None
[2026-05-24T21:05:04.997+0000] {processor.py:183} INFO - Processing /opt/airflow/dags/dag_sunafil_orquestador.py took 0.137 seconds
[2026-05-24T21:05:35.176+0000] {processor.py:161} INFO - Started process (PID=299) to work on /opt/airflow/dags/dag_sunafil_orquestador.py
[2026-05-24T21:05:35.177+0000] {processor.py:830} INFO - Processing file /opt/airflow/dags/dag_sunafil_orquestador.py for tasks to queue
[2026-05-24T21:05:35.179+0000] {logging_mixin.py:188} INFO - [2026-05-24T21:05:35.178+0000] {dagbag.py:538} INFO - Filling up the DagBag from /opt/airflow/dags/dag_sunafil_orquestador.py
[2026-05-24T21:05:35.199+0000] {processor.py:840} INFO - DAG(s) 'orquestador_sunafil_bronze' retrieved from /opt/airflow/dags/dag_sunafil_orquestador.py
[2026-05-24T21:05:35.240+0000] {logging_mixin.py:188} INFO - [2026-05-24T21:05:35.240+0000] {dag.py:3036} INFO - Sync 1 DAGs
[2026-05-24T21:05:35.259+0000] {logging_mixin.py:188} INFO - [2026-05-24T21:05:35.259+0000] {dag.py:3823} INFO - Setting next_dagrun for orquestador_sunafil_bronze to None, run_after=None
[2026-05-24T21:05:35.290+0000] {processor.py:183} INFO - Processing /opt/airflow/dags/dag_sunafil_orquestador.py took 0.118 seconds
[2026-05-24T21:06:05.600+0000] {processor.py:161} INFO - Started process (PID=304) to work on /opt/airflow/dags/dag_sunafil_orquestador.py
[2026-05-24T21:06:05.602+0000] {processor.py:830} INFO - Processing file /opt/airflow/dags/dag_sunafil_orquestador.py for tasks to queue
[2026-05-24T21:06:05.603+0000] {logging_mixin.py:188} INFO - [2026-05-24T21:06:05.603+0000] {dagbag.py:538} INFO - Filling up the DagBag from /opt/airflow/dags/dag_sunafil_orquestador.py
[2026-05-24T21:06:05.623+0000] {processor.py:840} INFO - DAG(s) 'orquestador_sunafil_bronze' retrieved from /opt/airflow/dags/dag_sunafil_orquestador.py
[2026-05-24T21:06:05.661+0000] {logging_mixin.py:188} INFO - [2026-05-24T21:06:05.661+0000] {dag.py:3036} INFO - Sync 1 DAGs
[2026-05-24T21:06:05.681+0000] {logging_mixin.py:188} INFO - [2026-05-24T21:06:05.680+0000] {dag.py:3823} INFO - Setting next_dagrun for orquestador_sunafil_bronze to None, run_after=None
[2026-05-24T21:06:05.712+0000] {processor.py:183} INFO - Processing /opt/airflow/dags/dag_sunafil_orquestador.py took 0.116 seconds
[2026-05-24T21:06:35.936+0000] {processor.py:161} INFO - Started process (PID=309) to work on /opt/airflow/dags/dag_sunafil_orquestador.py
[2026-05-24T21:06:35.938+0000] {processor.py:830} INFO - Processing file /opt/airflow/dags/dag_sunafil_orquestador.py for tasks to queue
[2026-05-24T21:06:35.940+0000] {logging_mixin.py:188} INFO - [2026-05-24T21:06:35.940+0000] {dagbag.py:538} INFO - Filling up the DagBag from /opt/airflow/dags/dag_sunafil_orquestador.py
[2026-05-24T21:06:35.962+0000] {processor.py:840} INFO - DAG(s) 'orquestador_sunafil_bronze' retrieved from /opt/airflow/dags/dag_sunafil_orquestador.py
[2026-05-24T21:06:36.010+0000] {logging_mixin.py:188} INFO - [2026-05-24T21:06:36.010+0000] {dag.py:3036} INFO - Sync 1 DAGs
[2026-05-24T21:06:36.029+0000] {logging_mixin.py:188} INFO - [2026-05-24T21:06:36.029+0000] {dag.py:3823} INFO - Setting next_dagrun for orquestador_sunafil_bronze to None, run_after=None
[2026-05-24T21:06:36.059+0000] {processor.py:183} INFO - Processing /opt/airflow/dags/dag_sunafil_orquestador.py took 0.129 seconds
[2026-05-24T21:07:06.356+0000] {processor.py:161} INFO - Started process (PID=314) to work on /opt/airflow/dags/dag_sunafil_orquestador.py
[2026-05-24T21:07:06.357+0000] {processor.py:830} INFO - Processing file /opt/airflow/dags/dag_sunafil_orquestador.py for tasks to queue
[2026-05-24T21:07:06.359+0000] {logging_mixin.py:188} INFO - [2026-05-24T21:07:06.358+0000] {dagbag.py:538} INFO - Filling up the DagBag from /opt/airflow/dags/dag_sunafil_orquestador.py
[2026-05-24T21:07:06.383+0000] {processor.py:840} INFO - DAG(s) 'orquestador_sunafil_bronze' retrieved from /opt/airflow/dags/dag_sunafil_orquestador.py
[2026-05-24T21:07:06.430+0000] {logging_mixin.py:188} INFO - [2026-05-24T21:07:06.430+0000] {dag.py:3036} INFO - Sync 1 DAGs
[2026-05-24T21:07:06.457+0000] {logging_mixin.py:188} INFO - [2026-05-24T21:07:06.457+0000] {dag.py:3823} INFO - Setting next_dagrun for orquestador_sunafil_bronze to None, run_after=None
[2026-05-24T21:07:06.492+0000] {processor.py:183} INFO - Processing /opt/airflow/dags/dag_sunafil_orquestador.py took 0.141 seconds
[2026-05-24T21:07:36.880+0000] {processor.py:161} INFO - Started process (PID=354) to work on /opt/airflow/dags/dag_sunafil_orquestador.py
[2026-05-24T21:07:36.881+0000] {processor.py:830} INFO - Processing file /opt/airflow/dags/dag_sunafil_orquestador.py for tasks to queue
[2026-05-24T21:07:36.883+0000] {logging_mixin.py:188} INFO - [2026-05-24T21:07:36.882+0000] {dagbag.py:538} INFO - Filling up the DagBag from /opt/airflow/dags/dag_sunafil_orquestador.py
[2026-05-24T21:07:36.904+0000] {processor.py:840} INFO - DAG(s) 'orquestador_sunafil_bronze' retrieved from /opt/airflow/dags/dag_sunafil_orquestador.py
[2026-05-24T21:07:36.944+0000] {logging_mixin.py:188} INFO - [2026-05-24T21:07:36.944+0000] {dag.py:3036} INFO - Sync 1 DAGs
[2026-05-24T21:07:36.963+0000] {logging_mixin.py:188} INFO - [2026-05-24T21:07:36.963+0000] {dag.py:3823} INFO - Setting next_dagrun for orquestador_sunafil_bronze to None, run_after=None
[2026-05-24T21:07:36.994+0000] {processor.py:183} INFO - Processing /opt/airflow/dags/dag_sunafil_orquestador.py took 0.118 seconds
[2026-05-24T21:08:07.295+0000] {processor.py:161} INFO - Started process (PID=359) to work on /opt/airflow/dags/dag_sunafil_orquestador.py
[2026-05-24T21:08:07.296+0000] {processor.py:830} INFO - Processing file /opt/airflow/dags/dag_sunafil_orquestador.py for tasks to queue
[2026-05-24T21:08:07.297+0000] {logging_mixin.py:188} INFO - [2026-05-24T21:08:07.297+0000] {dagbag.py:538} INFO - Filling up the DagBag from /opt/airflow/dags/dag_sunafil_orquestador.py
[2026-05-24T21:08:07.318+0000] {processor.py:840} INFO - DAG(s) 'orquestador_sunafil_bronze' retrieved from /opt/airflow/dags/dag_sunafil_orquestador.py
[2026-05-24T21:08:07.359+0000] {logging_mixin.py:188} INFO - [2026-05-24T21:08:07.359+0000] {dag.py:3036} INFO - Sync 1 DAGs
[2026-05-24T21:08:07.378+0000] {logging_mixin.py:188} INFO - [2026-05-24T21:08:07.378+0000] {dag.py:3823} INFO - Setting next_dagrun for orquestador_sunafil_bronze to None, run_after=None
[2026-05-24T21:08:07.409+0000] {processor.py:183} INFO - Processing /opt/airflow/dags/dag_sunafil_orquestador.py took 0.118 seconds
[2026-05-24T21:08:37.638+0000] {processor.py:161} INFO - Started process (PID=364) to work on /opt/airflow/dags/dag_sunafil_orquestador.py
[2026-05-24T21:08:37.640+0000] {processor.py:830} INFO - Processing file /opt/airflow/dags/dag_sunafil_orquestador.py for tasks to queue
[2026-05-24T21:08:37.641+0000] {logging_mixin.py:188} INFO - [2026-05-24T21:08:37.640+0000] {dagbag.py:538} INFO - Filling up the DagBag from /opt/airflow/dags/dag_sunafil_orquestador.py
[2026-05-24T21:08:37.660+0000] {processor.py:840} INFO - DAG(s) 'orquestador_sunafil_bronze' retrieved from /opt/airflow/dags/dag_sunafil_orquestador.py
[2026-05-24T21:08:37.697+0000] {logging_mixin.py:188} INFO - [2026-05-24T21:08:37.697+0000] {dag.py:3036} INFO - Sync 1 DAGs
[2026-05-24T21:08:37.716+0000] {logging_mixin.py:188} INFO - [2026-05-24T21:08:37.715+0000] {dag.py:3823} INFO - Setting next_dagrun for orquestador_sunafil_bronze to None, run_after=None
[2026-05-24T21:08:37.746+0000] {processor.py:183} INFO - Processing /opt/airflow/dags/dag_sunafil_orquestador.py took 0.112 seconds
[2026-05-24T21:09:08.025+0000] {processor.py:161} INFO - Started process (PID=369) to work on /opt/airflow/dags/dag_sunafil_orquestador.py
[2026-05-24T21:09:08.026+0000] {processor.py:830} INFO - Processing file /opt/airflow/dags/dag_sunafil_orquestador.py for tasks to queue
[2026-05-24T21:09:08.027+0000] {logging_mixin.py:188} INFO - [2026-05-24T21:09:08.027+0000] {dagbag.py:538} INFO - Filling up the DagBag from /opt/airflow/dags/dag_sunafil_orquestador.py
[2026-05-24T21:09:08.046+0000] {processor.py:840} INFO - DAG(s) 'orquestador_sunafil_bronze' retrieved from /opt/airflow/dags/dag_sunafil_orquestador.py
[2026-05-24T21:09:08.088+0000] {logging_mixin.py:188} INFO - [2026-05-24T21:09:08.087+0000] {dag.py:3036} INFO - Sync 1 DAGs
[2026-05-24T21:09:08.108+0000] {logging_mixin.py:188} INFO - [2026-05-24T21:09:08.108+0000] {dag.py:3823} INFO - Setting next_dagrun for orquestador_sunafil_bronze to None, run_after=None
[2026-05-24T21:09:08.140+0000] {processor.py:183} INFO - Processing /opt/airflow/dags/dag_sunafil_orquestador.py took 0.119 seconds
[2026-05-24T21:09:38.370+0000] {processor.py:161} INFO - Started process (PID=374) to work on /opt/airflow/dags/dag_sunafil_orquestador.py
[2026-05-24T21:09:38.372+0000] {processor.py:830} INFO - Processing file /opt/airflow/dags/dag_sunafil_orquestador.py for tasks to queue
[2026-05-24T21:09:38.373+0000] {logging_mixin.py:188} INFO - [2026-05-24T21:09:38.373+0000] {dagbag.py:538} INFO - Filling up the DagBag from /opt/airflow/dags/dag_sunafil_orquestador.py
[2026-05-24T21:09:38.394+0000] {processor.py:840} INFO - DAG(s) 'orquestador_sunafil_bronze' retrieved from /opt/airflow/dags/dag_sunafil_orquestador.py
[2026-05-24T21:09:38.438+0000] {logging_mixin.py:188} INFO - [2026-05-24T21:09:38.438+0000] {dag.py:3036} INFO - Sync 1 DAGs
[2026-05-24T21:09:38.459+0000] {logging_mixin.py:188} INFO - [2026-05-24T21:09:38.459+0000] {dag.py:3823} INFO - Setting next_dagrun for orquestador_sunafil_bronze to None, run_after=None
[2026-05-24T21:09:38.489+0000] {processor.py:183} INFO - Processing /opt/airflow/dags/dag_sunafil_orquestador.py took 0.123 seconds
[2026-05-24T21:10:08.981+0000] {processor.py:161} INFO - Started process (PID=379) to work on /opt/airflow/dags/dag_sunafil_orquestador.py
[2026-05-24T21:10:08.982+0000] {processor.py:830} INFO - Processing file /opt/airflow/dags/dag_sunafil_orquestador.py for tasks to queue
[2026-05-24T21:10:08.984+0000] {logging_mixin.py:188} INFO - [2026-05-24T21:10:08.984+0000] {dagbag.py:538} INFO - Filling up the DagBag from /opt/airflow/dags/dag_sunafil_orquestador.py
[2026-05-24T21:10:09.011+0000] {processor.py:840} INFO - DAG(s) 'orquestador_sunafil_bronze' retrieved from /opt/airflow/dags/dag_sunafil_orquestador.py
[2026-05-24T21:10:09.051+0000] {logging_mixin.py:188} INFO - [2026-05-24T21:10:09.051+0000] {dag.py:3036} INFO - Sync 1 DAGs
[2026-05-24T21:10:09.071+0000] {logging_mixin.py:188} INFO - [2026-05-24T21:10:09.071+0000] {dag.py:3823} INFO - Setting next_dagrun for orquestador_sunafil_bronze to None, run_after=None
[2026-05-24T21:10:09.104+0000] {processor.py:183} INFO - Processing /opt/airflow/dags/dag_sunafil_orquestador.py took 0.127 seconds
[2026-05-24T21:10:39.443+0000] {processor.py:161} INFO - Started process (PID=384) to work on /opt/airflow/dags/dag_sunafil_orquestador.py
[2026-05-24T21:10:39.444+0000] {processor.py:830} INFO - Processing file /opt/airflow/dags/dag_sunafil_orquestador.py for tasks to queue
[2026-05-24T21:10:39.445+0000] {logging_mixin.py:188} INFO - [2026-05-24T21:10:39.445+0000] {dagbag.py:538} INFO - Filling up the DagBag from /opt/airflow/dags/dag_sunafil_orquestador.py
[2026-05-24T21:10:39.467+0000] {processor.py:840} INFO - DAG(s) 'orquestador_sunafil_bronze' retrieved from /opt/airflow/dags/dag_sunafil_orquestador.py
[2026-05-24T21:10:39.508+0000] {logging_mixin.py:188} INFO - [2026-05-24T21:10:39.508+0000] {dag.py:3036} INFO - Sync 1 DAGs
[2026-05-24T21:10:39.528+0000] {logging_mixin.py:188} INFO - [2026-05-24T21:10:39.528+0000] {dag.py:3823} INFO - Setting next_dagrun for orquestador_sunafil_bronze to None, run_after=None
[2026-05-24T21:10:39.559+0000] {processor.py:183} INFO - Processing /opt/airflow/dags/dag_sunafil_orquestador.py took 0.120 seconds
[2026-05-24T21:11:09.767+0000] {processor.py:161} INFO - Started process (PID=389) to work on /opt/airflow/dags/dag_sunafil_orquestador.py
[2026-05-24T21:11:09.768+0000] {processor.py:830} INFO - Processing file /opt/airflow/dags/dag_sunafil_orquestador.py for tasks to queue
[2026-05-24T21:11:09.770+0000] {logging_mixin.py:188} INFO - [2026-05-24T21:11:09.769+0000] {dagbag.py:538} INFO - Filling up the DagBag from /opt/airflow/dags/dag_sunafil_orquestador.py
[2026-05-24T21:11:09.790+0000] {processor.py:840} INFO - DAG(s) 'orquestador_sunafil_bronze' retrieved from /opt/airflow/dags/dag_sunafil_orquestador.py
[2026-05-24T21:11:09.831+0000] {logging_mixin.py:188} INFO - [2026-05-24T21:11:09.831+0000] {dag.py:3036} INFO - Sync 1 DAGs
[2026-05-24T21:11:09.852+0000] {logging_mixin.py:188} INFO - [2026-05-24T21:11:09.851+0000] {dag.py:3823} INFO - Setting next_dagrun for orquestador_sunafil_bronze to None, run_after=None
[2026-05-24T21:11:09.883+0000] {processor.py:183} INFO - Processing /opt/airflow/dags/dag_sunafil_orquestador.py took 0.121 seconds
[2026-05-24T21:11:40.178+0000] {processor.py:161} INFO - Started process (PID=394) to work on /opt/airflow/dags/dag_sunafil_orquestador.py
[2026-05-24T21:11:40.179+0000] {processor.py:830} INFO - Processing file /opt/airflow/dags/dag_sunafil_orquestador.py for tasks to queue
[2026-05-24T21:11:40.181+0000] {logging_mixin.py:188} INFO - [2026-05-24T21:11:40.180+0000] {dagbag.py:538} INFO - Filling up the DagBag from /opt/airflow/dags/dag_sunafil_orquestador.py
[2026-05-24T21:11:40.203+0000] {processor.py:840} INFO - DAG(s) 'orquestador_sunafil_bronze' retrieved from /opt/airflow/dags/dag_sunafil_orquestador.py
[2026-05-24T21:11:40.243+0000] {logging_mixin.py:188} INFO - [2026-05-24T21:11:40.243+0000] {dag.py:3036} INFO - Sync 1 DAGs
[2026-05-24T21:11:40.262+0000] {logging_mixin.py:188} INFO - [2026-05-24T21:11:40.261+0000] {dag.py:3823} INFO - Setting next_dagrun for orquestador_sunafil_bronze to None, run_after=None
[2026-05-24T21:11:40.293+0000] {processor.py:183} INFO - Processing /opt/airflow/dags/dag_sunafil_orquestador.py took 0.120 seconds
[2026-05-24T21:12:10.496+0000] {processor.py:161} INFO - Started process (PID=399) to work on /opt/airflow/dags/dag_sunafil_orquestador.py
[2026-05-24T21:12:10.497+0000] {processor.py:830} INFO - Processing file /opt/airflow/dags/dag_sunafil_orquestador.py for tasks to queue
[2026-05-24T21:12:10.499+0000] {logging_mixin.py:188} INFO - [2026-05-24T21:12:10.499+0000] {dagbag.py:538} INFO - Filling up the DagBag from /opt/airflow/dags/dag_sunafil_orquestador.py
[2026-05-24T21:12:10.519+0000] {processor.py:840} INFO - DAG(s) 'orquestador_sunafil_bronze' retrieved from /opt/airflow/dags/dag_sunafil_orquestador.py
[2026-05-24T21:12:10.561+0000] {logging_mixin.py:188} INFO - [2026-05-24T21:12:10.560+0000] {dag.py:3036} INFO - Sync 1 DAGs
[2026-05-24T21:12:10.581+0000] {logging_mixin.py:188} INFO - [2026-05-24T21:12:10.580+0000] {dag.py:3823} INFO - Setting next_dagrun for orquestador_sunafil_bronze to None, run_after=None
[2026-05-24T21:12:10.609+0000] {processor.py:183} INFO - Processing /opt/airflow/dags/dag_sunafil_orquestador.py took 0.118 seconds
[2026-05-24T21:12:40.860+0000] {processor.py:161} INFO - Started process (PID=404) to work on /opt/airflow/dags/dag_sunafil_orquestador.py
[2026-05-24T21:12:40.861+0000] {processor.py:830} INFO - Processing file /opt/airflow/dags/dag_sunafil_orquestador.py for tasks to queue
[2026-05-24T21:12:40.862+0000] {logging_mixin.py:188} INFO - [2026-05-24T21:12:40.862+0000] {dagbag.py:538} INFO - Filling up the DagBag from /opt/airflow/dags/dag_sunafil_orquestador.py
[2026-05-24T21:12:40.883+0000] {processor.py:840} INFO - DAG(s) 'orquestador_sunafil_bronze' retrieved from /opt/airflow/dags/dag_sunafil_orquestador.py
[2026-05-24T21:12:40.922+0000] {logging_mixin.py:188} INFO - [2026-05-24T21:12:40.921+0000] {dag.py:3036} INFO - Sync 1 DAGs
[2026-05-24T21:12:40.940+0000] {logging_mixin.py:188} INFO - [2026-05-24T21:12:40.940+0000] {dag.py:3823} INFO - Setting next_dagrun for orquestador_sunafil_bronze to None, run_after=None
[2026-05-24T21:12:40.967+0000] {processor.py:183} INFO - Processing /opt/airflow/dags/dag_sunafil_orquestador.py took 0.111 seconds
[2026-05-24T21:13:12.139+0000] {processor.py:161} INFO - Started process (PID=413) to work on /opt/airflow/dags/dag_sunafil_orquestador.py
[2026-05-24T21:13:12.240+0000] {processor.py:830} INFO - Processing file /opt/airflow/dags/dag_sunafil_orquestador.py for tasks to queue
[2026-05-24T21:13:12.287+0000] {logging_mixin.py:188} INFO - [2026-05-24T21:13:12.286+0000] {dagbag.py:538} INFO - Filling up the DagBag from /opt/airflow/dags/dag_sunafil_orquestador.py
[2026-05-24T21:13:13.395+0000] {processor.py:840} INFO - DAG(s) 'orquestador_sunafil_bronze' retrieved from /opt/airflow/dags/dag_sunafil_orquestador.py
[2026-05-24T21:13:14.068+0000] {logging_mixin.py:188} INFO - [2026-05-24T21:13:14.067+0000] {dag.py:3036} INFO - Sync 1 DAGs
[2026-05-24T21:13:14.407+0000] {logging_mixin.py:188} INFO - [2026-05-24T21:13:14.406+0000] {dag.py:3823} INFO - Setting next_dagrun for orquestador_sunafil_bronze to None, run_after=None
[2026-05-24T21:13:14.599+0000] {processor.py:183} INFO - Processing /opt/airflow/dags/dag_sunafil_orquestador.py took 2.709 seconds
[2026-05-24T21:13:45.194+0000] {processor.py:161} INFO - Started process (PID=418) to work on /opt/airflow/dags/dag_sunafil_orquestador.py
[2026-05-24T21:13:45.197+0000] {processor.py:830} INFO - Processing file /opt/airflow/dags/dag_sunafil_orquestador.py for tasks to queue
[2026-05-24T21:13:45.199+0000] {logging_mixin.py:188} INFO - [2026-05-24T21:13:45.198+0000] {dagbag.py:538} INFO - Filling up the DagBag from /opt/airflow/dags/dag_sunafil_orquestador.py
[2026-05-24T21:13:45.241+0000] {processor.py:840} INFO - DAG(s) 'orquestador_sunafil_bronze' retrieved from /opt/airflow/dags/dag_sunafil_orquestador.py
[2026-05-24T21:13:45.647+0000] {logging_mixin.py:188} INFO - [2026-05-24T21:13:45.647+0000] {dag.py:3036} INFO - Sync 1 DAGs
[2026-05-24T21:13:45.679+0000] {logging_mixin.py:188} INFO - [2026-05-24T21:13:45.678+0000] {dag.py:3823} INFO - Setting next_dagrun for orquestador_sunafil_bronze to None, run_after=None
[2026-05-24T21:13:45.721+0000] {processor.py:183} INFO - Processing /opt/airflow/dags/dag_sunafil_orquestador.py took 0.532 seconds
[2026-05-24T21:14:16.034+0000] {processor.py:161} INFO - Started process (PID=423) to work on /opt/airflow/dags/dag_sunafil_orquestador.py
[2026-05-24T21:14:16.036+0000] {processor.py:830} INFO - Processing file /opt/airflow/dags/dag_sunafil_orquestador.py for tasks to queue
[2026-05-24T21:14:16.037+0000] {logging_mixin.py:188} INFO - [2026-05-24T21:14:16.037+0000] {dagbag.py:538} INFO - Filling up the DagBag from /opt/airflow/dags/dag_sunafil_orquestador.py
[2026-05-24T21:14:16.061+0000] {processor.py:840} INFO - DAG(s) 'orquestador_sunafil_bronze' retrieved from /opt/airflow/dags/dag_sunafil_orquestador.py
[2026-05-24T21:14:16.109+0000] {logging_mixin.py:188} INFO - [2026-05-24T21:14:16.109+0000] {dag.py:3036} INFO - Sync 1 DAGs
[2026-05-24T21:14:16.131+0000] {logging_mixin.py:188} INFO - [2026-05-24T21:14:16.131+0000] {dag.py:3823} INFO - Setting next_dagrun for orquestador_sunafil_bronze to None, run_after=None
[2026-05-24T21:14:16.165+0000] {processor.py:183} INFO - Processing /opt/airflow/dags/dag_sunafil_orquestador.py took 0.136 seconds
[2026-05-24T21:14:46.384+0000] {processor.py:161} INFO - Started process (PID=428) to work on /opt/airflow/dags/dag_sunafil_orquestador.py
[2026-05-24T21:14:46.386+0000] {processor.py:830} INFO - Processing file /opt/airflow/dags/dag_sunafil_orquestador.py for tasks to queue
[2026-05-24T21:14:46.387+0000] {logging_mixin.py:188} INFO - [2026-05-24T21:14:46.386+0000] {dagbag.py:538} INFO - Filling up the DagBag from /opt/airflow/dags/dag_sunafil_orquestador.py
[2026-05-24T21:14:46.410+0000] {processor.py:840} INFO - DAG(s) 'orquestador_sunafil_bronze' retrieved from /opt/airflow/dags/dag_sunafil_orquestador.py
[2026-05-24T21:14:46.455+0000] {logging_mixin.py:188} INFO - [2026-05-24T21:14:46.455+0000] {dag.py:3036} INFO - Sync 1 DAGs
[2026-05-24T21:14:46.478+0000] {logging_mixin.py:188} INFO - [2026-05-24T21:14:46.477+0000] {dag.py:3823} INFO - Setting next_dagrun for orquestador_sunafil_bronze to None, run_after=None
[2026-05-24T21:14:46.512+0000] {processor.py:183} INFO - Processing /opt/airflow/dags/dag_sunafil_orquestador.py took 0.133 seconds
[2026-05-24T21:15:16.895+0000] {processor.py:161} INFO - Started process (PID=433) to work on /opt/airflow/dags/dag_sunafil_orquestador.py
[2026-05-24T21:15:16.896+0000] {processor.py:830} INFO - Processing file /opt/airflow/dags/dag_sunafil_orquestador.py for tasks to queue
[2026-05-24T21:15:16.897+0000] {logging_mixin.py:188} INFO - [2026-05-24T21:15:16.897+0000] {dagbag.py:538} INFO - Filling up the DagBag from /opt/airflow/dags/dag_sunafil_orquestador.py
[2026-05-24T21:15:16.917+0000] {processor.py:840} INFO - DAG(s) 'orquestador_sunafil_bronze' retrieved from /opt/airflow/dags/dag_sunafil_orquestador.py
[2026-05-24T21:15:16.958+0000] {logging_mixin.py:188} INFO - [2026-05-24T21:15:16.958+0000] {dag.py:3036} INFO - Sync 1 DAGs
[2026-05-24T21:15:16.977+0000] {logging_mixin.py:188} INFO - [2026-05-24T21:15:16.977+0000] {dag.py:3823} INFO - Setting next_dagrun for orquestador_sunafil_bronze to None, run_after=None
[2026-05-24T21:15:17.007+0000] {processor.py:183} INFO - Processing /opt/airflow/dags/dag_sunafil_orquestador.py took 0.115 seconds
[2026-05-24T21:15:47.174+0000] {processor.py:161} INFO - Started process (PID=438) to work on /opt/airflow/dags/dag_sunafil_orquestador.py
[2026-05-24T21:15:47.176+0000] {processor.py:830} INFO - Processing file /opt/airflow/dags/dag_sunafil_orquestador.py for tasks to queue
[2026-05-24T21:15:47.178+0000] {logging_mixin.py:188} INFO - [2026-05-24T21:15:47.177+0000] {dagbag.py:538} INFO - Filling up the DagBag from /opt/airflow/dags/dag_sunafil_orquestador.py
[2026-05-24T21:15:47.199+0000] {processor.py:840} INFO - DAG(s) 'orquestador_sunafil_bronze' retrieved from /opt/airflow/dags/dag_sunafil_orquestador.py
[2026-05-24T21:15:47.239+0000] {logging_mixin.py:188} INFO - [2026-05-24T21:15:47.238+0000] {dag.py:3036} INFO - Sync 1 DAGs
[2026-05-24T21:15:47.260+0000] {logging_mixin.py:188} INFO - [2026-05-24T21:15:47.260+0000] {dag.py:3823} INFO - Setting next_dagrun for orquestador_sunafil_bronze to None, run_after=None
[2026-05-24T21:15:47.289+0000] {processor.py:183} INFO - Processing /opt/airflow/dags/dag_sunafil_orquestador.py took 0.120 seconds
[2026-05-24T21:16:17.547+0000] {processor.py:161} INFO - Started process (PID=443) to work on /opt/airflow/dags/dag_sunafil_orquestador.py
[2026-05-24T21:16:17.548+0000] {processor.py:830} INFO - Processing file /opt/airflow/dags/dag_sunafil_orquestador.py for tasks to queue
[2026-05-24T21:16:17.550+0000] {logging_mixin.py:188} INFO - [2026-05-24T21:16:17.550+0000] {dagbag.py:538} INFO - Filling up the DagBag from /opt/airflow/dags/dag_sunafil_orquestador.py
[2026-05-24T21:16:17.573+0000] {processor.py:840} INFO - DAG(s) 'orquestador_sunafil_bronze' retrieved from /opt/airflow/dags/dag_sunafil_orquestador.py
[2026-05-24T21:16:17.621+0000] {logging_mixin.py:188} INFO - [2026-05-24T21:16:17.620+0000] {dag.py:3036} INFO - Sync 1 DAGs
[2026-05-24T21:16:17.643+0000] {logging_mixin.py:188} INFO - [2026-05-24T21:16:17.643+0000] {dag.py:3823} INFO - Setting next_dagrun for orquestador_sunafil_bronze to None, run_after=None
[2026-05-24T21:16:17.682+0000] {processor.py:183} INFO - Processing /opt/airflow/dags/dag_sunafil_orquestador.py took 0.139 seconds
[2026-05-24T21:16:47.889+0000] {processor.py:161} INFO - Started process (PID=448) to work on /opt/airflow/dags/dag_sunafil_orquestador.py
[2026-05-24T21:16:47.891+0000] {processor.py:830} INFO - Processing file /opt/airflow/dags/dag_sunafil_orquestador.py for tasks to queue
[2026-05-24T21:16:47.892+0000] {logging_mixin.py:188} INFO - [2026-05-24T21:16:47.892+0000] {dagbag.py:538} INFO - Filling up the DagBag from /opt/airflow/dags/dag_sunafil_orquestador.py
[2026-05-24T21:16:47.915+0000] {processor.py:840} INFO - DAG(s) 'orquestador_sunafil_bronze' retrieved from /opt/airflow/dags/dag_sunafil_orquestador.py
[2026-05-24T21:16:47.956+0000] {logging_mixin.py:188} INFO - [2026-05-24T21:16:47.956+0000] {dag.py:3036} INFO - Sync 1 DAGs
[2026-05-24T21:16:47.974+0000] {logging_mixin.py:188} INFO - [2026-05-24T21:16:47.974+0000] {dag.py:3823} INFO - Setting next_dagrun for orquestador_sunafil_bronze to None, run_after=None
[2026-05-24T21:16:48.006+0000] {processor.py:183} INFO - Processing /opt/airflow/dags/dag_sunafil_orquestador.py took 0.122 seconds
[2026-05-24T21:17:18.333+0000] {processor.py:161} INFO - Started process (PID=453) to work on /opt/airflow/dags/dag_sunafil_orquestador.py
[2026-05-24T21:17:18.335+0000] {processor.py:830} INFO - Processing file /opt/airflow/dags/dag_sunafil_orquestador.py for tasks to queue
[2026-05-24T21:17:18.336+0000] {logging_mixin.py:188} INFO - [2026-05-24T21:17:18.335+0000] {dagbag.py:538} INFO - Filling up the DagBag from /opt/airflow/dags/dag_sunafil_orquestador.py
[2026-05-24T21:17:18.361+0000] {processor.py:840} INFO - DAG(s) 'orquestador_sunafil_bronze' retrieved from /opt/airflow/dags/dag_sunafil_orquestador.py
[2026-05-24T21:17:18.401+0000] {logging_mixin.py:188} INFO - [2026-05-24T21:17:18.401+0000] {dag.py:3036} INFO - Sync 1 DAGs
[2026-05-24T21:17:18.421+0000] {logging_mixin.py:188} INFO - [2026-05-24T21:17:18.421+0000] {dag.py:3823} INFO - Setting next_dagrun for orquestador_sunafil_bronze to None, run_after=None
[2026-05-24T21:17:18.453+0000] {processor.py:183} INFO - Processing /opt/airflow/dags/dag_sunafil_orquestador.py took 0.123 seconds
[2026-05-24T21:17:48.653+0000] {processor.py:161} INFO - Started process (PID=458) to work on /opt/airflow/dags/dag_sunafil_orquestador.py
[2026-05-24T21:17:48.654+0000] {processor.py:830} INFO - Processing file /opt/airflow/dags/dag_sunafil_orquestador.py for tasks to queue
[2026-05-24T21:17:48.656+0000] {logging_mixin.py:188} INFO - [2026-05-24T21:17:48.655+0000] {dagbag.py:538} INFO - Filling up the DagBag from /opt/airflow/dags/dag_sunafil_orquestador.py
[2026-05-24T21:17:48.678+0000] {processor.py:840} INFO - DAG(s) 'orquestador_sunafil_bronze' retrieved from /opt/airflow/dags/dag_sunafil_orquestador.py
[2026-05-24T21:17:48.724+0000] {logging_mixin.py:188} INFO - [2026-05-24T21:17:48.724+0000] {dag.py:3036} INFO - Sync 1 DAGs
[2026-05-24T21:17:48.747+0000] {logging_mixin.py:188} INFO - [2026-05-24T21:17:48.747+0000] {dag.py:3823} INFO - Setting next_dagrun for orquestador_sunafil_bronze to None, run_after=None
[2026-05-24T21:17:48.781+0000] {processor.py:183} INFO - Processing /opt/airflow/dags/dag_sunafil_orquestador.py took 0.133 seconds
[2026-05-24T21:18:19.142+0000] {processor.py:161} INFO - Started process (PID=463) to work on /opt/airflow/dags/dag_sunafil_orquestador.py
[2026-05-24T21:18:19.143+0000] {processor.py:830} INFO - Processing file /opt/airflow/dags/dag_sunafil_orquestador.py for tasks to queue
[2026-05-24T21:18:19.144+0000] {logging_mixin.py:188} INFO - [2026-05-24T21:18:19.144+0000] {dagbag.py:538} INFO - Filling up the DagBag from /opt/airflow/dags/dag_sunafil_orquestador.py
[2026-05-24T21:18:19.166+0000] {processor.py:840} INFO - DAG(s) 'orquestador_sunafil_bronze' retrieved from /opt/airflow/dags/dag_sunafil_orquestador.py
[2026-05-24T21:18:19.209+0000] {logging_mixin.py:188} INFO - [2026-05-24T21:18:19.209+0000] {dag.py:3036} INFO - Sync 1 DAGs
[2026-05-24T21:18:19.228+0000] {logging_mixin.py:188} INFO - [2026-05-24T21:18:19.228+0000] {dag.py:3823} INFO - Setting next_dagrun for orquestador_sunafil_bronze to None, run_after=None
[2026-05-24T21:18:19.263+0000] {processor.py:183} INFO - Processing /opt/airflow/dags/dag_sunafil_orquestador.py took 0.125 seconds
[2026-05-24T21:21:04.790+0000] {processor.py:161} INFO - Started process (PID=203) to work on /opt/airflow/dags/dag_sunafil_orquestador.py
[2026-05-24T21:21:04.953+0000] {processor.py:830} INFO - Processing file /opt/airflow/dags/dag_sunafil_orquestador.py for tasks to queue
[2026-05-24T21:21:04.956+0000] {logging_mixin.py:188} INFO - [2026-05-24T21:21:04.955+0000] {dagbag.py:538} INFO - Filling up the DagBag from /opt/airflow/dags/dag_sunafil_orquestador.py
[2026-05-24T21:21:05.006+0000] {processor.py:840} INFO - DAG(s) 'orquestador_sunafil_bronze' retrieved from /opt/airflow/dags/dag_sunafil_orquestador.py
[2026-05-24T21:21:05.415+0000] {logging_mixin.py:188} INFO - [2026-05-24T21:21:05.414+0000] {dag.py:3036} INFO - Sync 1 DAGs
[2026-05-24T21:21:05.438+0000] {logging_mixin.py:188} INFO - [2026-05-24T21:21:05.437+0000] {dag.py:3823} INFO - Setting next_dagrun for orquestador_sunafil_bronze to None, run_after=None
[2026-05-24T21:21:05.485+0000] {processor.py:183} INFO - Processing /opt/airflow/dags/dag_sunafil_orquestador.py took 0.701 seconds
[2026-05-24T21:21:36.149+0000] {processor.py:161} INFO - Started process (PID=209) to work on /opt/airflow/dags/dag_sunafil_orquestador.py
[2026-05-24T21:21:36.151+0000] {processor.py:830} INFO - Processing file /opt/airflow/dags/dag_sunafil_orquestador.py for tasks to queue
[2026-05-24T21:21:36.155+0000] {logging_mixin.py:188} INFO - [2026-05-24T21:21:36.154+0000] {dagbag.py:538} INFO - Filling up the DagBag from /opt/airflow/dags/dag_sunafil_orquestador.py
[2026-05-24T21:21:36.212+0000] {processor.py:840} INFO - DAG(s) 'orquestador_sunafil_bronze' retrieved from /opt/airflow/dags/dag_sunafil_orquestador.py
[2026-05-24T21:21:36.290+0000] {logging_mixin.py:188} INFO - [2026-05-24T21:21:36.290+0000] {dag.py:3036} INFO - Sync 1 DAGs
[2026-05-24T21:21:36.318+0000] {logging_mixin.py:188} INFO - [2026-05-24T21:21:36.318+0000] {dag.py:3823} INFO - Setting next_dagrun for orquestador_sunafil_bronze to None, run_after=None
[2026-05-24T21:21:36.621+0000] {processor.py:183} INFO - Processing /opt/airflow/dags/dag_sunafil_orquestador.py took 0.484 seconds
[2026-05-24T21:22:06.890+0000] {processor.py:161} INFO - Started process (PID=214) to work on /opt/airflow/dags/dag_sunafil_orquestador.py
[2026-05-24T21:22:06.891+0000] {processor.py:830} INFO - Processing file /opt/airflow/dags/dag_sunafil_orquestador.py for tasks to queue
[2026-05-24T21:22:06.892+0000] {logging_mixin.py:188} INFO - [2026-05-24T21:22:06.892+0000] {dagbag.py:538} INFO - Filling up the DagBag from /opt/airflow/dags/dag_sunafil_orquestador.py
[2026-05-24T21:22:06.916+0000] {processor.py:840} INFO - DAG(s) 'orquestador_sunafil_bronze' retrieved from /opt/airflow/dags/dag_sunafil_orquestador.py
[2026-05-24T21:22:09.105+0000] {logging_mixin.py:188} INFO - [2026-05-24T21:22:09.105+0000] {dag.py:3036} INFO - Sync 1 DAGs
[2026-05-24T21:22:09.139+0000] {logging_mixin.py:188} INFO - [2026-05-24T21:22:09.138+0000] {dag.py:3823} INFO - Setting next_dagrun for orquestador_sunafil_bronze to None, run_after=None
[2026-05-24T21:22:09.495+0000] {processor.py:183} INFO - Processing /opt/airflow/dags/dag_sunafil_orquestador.py took 2.609 seconds
[2026-05-24T21:22:39.902+0000] {processor.py:161} INFO - Started process (PID=219) to work on /opt/airflow/dags/dag_sunafil_orquestador.py
[2026-05-24T21:22:39.904+0000] {processor.py:830} INFO - Processing file /opt/airflow/dags/dag_sunafil_orquestador.py for tasks to queue
[2026-05-24T21:22:39.905+0000] {logging_mixin.py:188} INFO - [2026-05-24T21:22:39.905+0000] {dagbag.py:538} INFO - Filling up the DagBag from /opt/airflow/dags/dag_sunafil_orquestador.py
[2026-05-24T21:22:39.924+0000] {processor.py:840} INFO - DAG(s) 'orquestador_sunafil_bronze' retrieved from /opt/airflow/dags/dag_sunafil_orquestador.py
[2026-05-24T21:22:39.962+0000] {logging_mixin.py:188} INFO - [2026-05-24T21:22:39.961+0000] {dag.py:3036} INFO - Sync 1 DAGs
[2026-05-24T21:22:40.020+0000] {logging_mixin.py:188} INFO - [2026-05-24T21:22:40.019+0000] {dag.py:3823} INFO - Setting next_dagrun for orquestador_sunafil_bronze to None, run_after=None
[2026-05-24T21:22:40.055+0000] {processor.py:183} INFO - Processing /opt/airflow/dags/dag_sunafil_orquestador.py took 0.157 seconds
[2026-05-24T21:23:19.456+0000] {processor.py:161} INFO - Started process (PID=224) to work on /opt/airflow/dags/dag_sunafil_orquestador.py
[2026-05-24T21:23:20.608+0000] {processor.py:830} INFO - Processing file /opt/airflow/dags/dag_sunafil_orquestador.py for tasks to queue
[2026-05-24T21:23:23.726+0000] {logging_mixin.py:188} INFO - [2026-05-24T21:23:22.894+0000] {dagbag.py:538} INFO - Filling up the DagBag from /opt/airflow/dags/dag_sunafil_orquestador.py
[2026-05-24T21:23:24.311+0000] {processor.py:840} INFO - DAG(s) 'orquestador_sunafil_bronze' retrieved from /opt/airflow/dags/dag_sunafil_orquestador.py
[2026-05-24T21:23:24.853+0000] {logging_mixin.py:188} INFO - [2026-05-24T21:23:24.852+0000] {dag.py:3036} INFO - Sync 1 DAGs
[2026-05-24T21:23:25.858+0000] {logging_mixin.py:188} INFO - [2026-05-24T21:23:25.858+0000] {dag.py:3823} INFO - Setting next_dagrun for orquestador_sunafil_bronze to None, run_after=None
[2026-05-24T21:23:26.956+0000] {processor.py:183} INFO - Processing /opt/airflow/dags/dag_sunafil_orquestador.py took 9.532 seconds
[2026-05-24T21:24:06.461+0000] {processor.py:161} INFO - Started process (PID=230) to work on /opt/airflow/dags/dag_sunafil_orquestador.py
[2026-05-24T21:24:06.707+0000] {processor.py:830} INFO - Processing file /opt/airflow/dags/dag_sunafil_orquestador.py for tasks to queue
[2026-05-24T21:24:08.038+0000] {logging_mixin.py:188} INFO - [2026-05-24T21:24:07.060+0000] {dagbag.py:538} INFO - Filling up the DagBag from /opt/airflow/dags/dag_sunafil_orquestador.py
[2026-05-24T21:24:22.170+0000] {processor.py:840} INFO - DAG(s) 'orquestador_sunafil_bronze' retrieved from /opt/airflow/dags/dag_sunafil_orquestador.py
[2026-05-24T21:24:23.222+0000] {logging_mixin.py:188} INFO - [2026-05-24T21:24:23.221+0000] {dag.py:3036} INFO - Sync 1 DAGs
[2026-05-24T21:24:28.659+0000] {logging_mixin.py:188} INFO - [2026-05-24T21:24:28.658+0000] {dag.py:3823} INFO - Setting next_dagrun for orquestador_sunafil_bronze to None, run_after=None
[2026-05-24T21:24:30.211+0000] {processor.py:183} INFO - Processing /opt/airflow/dags/dag_sunafil_orquestador.py took 28.079 seconds
[2026-05-24T21:25:01.092+0000] {processor.py:161} INFO - Started process (PID=238) to work on /opt/airflow/dags/dag_sunafil_orquestador.py
[2026-05-24T21:25:01.094+0000] {processor.py:830} INFO - Processing file /opt/airflow/dags/dag_sunafil_orquestador.py for tasks to queue
[2026-05-24T21:25:01.095+0000] {logging_mixin.py:188} INFO - [2026-05-24T21:25:01.095+0000] {dagbag.py:538} INFO - Filling up the DagBag from /opt/airflow/dags/dag_sunafil_orquestador.py
[2026-05-24T21:25:01.135+0000] {processor.py:840} INFO - DAG(s) 'orquestador_sunafil_bronze' retrieved from /opt/airflow/dags/dag_sunafil_orquestador.py
[2026-05-24T21:25:01.454+0000] {logging_mixin.py:188} INFO - [2026-05-24T21:25:01.453+0000] {dag.py:3036} INFO - Sync 1 DAGs
[2026-05-24T21:25:03.252+0000] {logging_mixin.py:188} INFO - [2026-05-24T21:25:03.252+0000] {dag.py:3823} INFO - Setting next_dagrun for orquestador_sunafil_bronze to None, run_after=None
[2026-05-24T21:25:05.637+0000] {processor.py:183} INFO - Processing /opt/airflow/dags/dag_sunafil_orquestador.py took 4.548 seconds
[2026-05-24T21:25:36.681+0000] {processor.py:161} INFO - Started process (PID=243) to work on /opt/airflow/dags/dag_sunafil_orquestador.py
[2026-05-24T21:25:36.682+0000] {processor.py:830} INFO - Processing file /opt/airflow/dags/dag_sunafil_orquestador.py for tasks to queue
[2026-05-24T21:25:36.683+0000] {logging_mixin.py:188} INFO - [2026-05-24T21:25:36.683+0000] {dagbag.py:538} INFO - Filling up the DagBag from /opt/airflow/dags/dag_sunafil_orquestador.py
[2026-05-24T21:25:36.705+0000] {processor.py:840} INFO - DAG(s) 'orquestador_sunafil_bronze' retrieved from /opt/airflow/dags/dag_sunafil_orquestador.py
[2026-05-24T21:25:39.777+0000] {logging_mixin.py:188} INFO - [2026-05-24T21:25:39.776+0000] {dag.py:3036} INFO - Sync 1 DAGs
[2026-05-24T21:25:41.041+0000] {logging_mixin.py:188} INFO - [2026-05-24T21:25:41.041+0000] {dag.py:3823} INFO - Setting next_dagrun for orquestador_sunafil_bronze to None, run_after=None
[2026-05-24T21:25:43.958+0000] {processor.py:183} INFO - Processing /opt/airflow/dags/dag_sunafil_orquestador.py took 7.281 seconds
[2026-05-24T21:26:16.032+0000] {processor.py:161} INFO - Started process (PID=248) to work on /opt/airflow/dags/dag_sunafil_orquestador.py
[2026-05-24T21:26:16.258+0000] {processor.py:830} INFO - Processing file /opt/airflow/dags/dag_sunafil_orquestador.py for tasks to queue
[2026-05-24T21:26:16.856+0000] {logging_mixin.py:188} INFO - [2026-05-24T21:26:16.262+0000] {dagbag.py:538} INFO - Filling up the DagBag from /opt/airflow/dags/dag_sunafil_orquestador.py
[2026-05-24T21:26:24.824+0000] {processor.py:840} INFO - DAG(s) 'orquestador_sunafil_bronze' retrieved from /opt/airflow/dags/dag_sunafil_orquestador.py
[2026-05-24T21:26:24.911+0000] {logging_mixin.py:188} INFO - [2026-05-24T21:26:24.911+0000] {dag.py:3036} INFO - Sync 1 DAGs
[2026-05-24T21:26:24.932+0000] {logging_mixin.py:188} INFO - [2026-05-24T21:26:24.931+0000] {dag.py:3823} INFO - Setting next_dagrun for orquestador_sunafil_bronze to None, run_after=None
[2026-05-24T21:26:24.972+0000] {processor.py:183} INFO - Processing /opt/airflow/dags/dag_sunafil_orquestador.py took 9.458 seconds
[2026-05-24T21:26:55.304+0000] {processor.py:161} INFO - Started process (PID=253) to work on /opt/airflow/dags/dag_sunafil_orquestador.py
[2026-05-24T21:26:55.306+0000] {processor.py:830} INFO - Processing file /opt/airflow/dags/dag_sunafil_orquestador.py for tasks to queue
[2026-05-24T21:26:55.309+0000] {logging_mixin.py:188} INFO - [2026-05-24T21:26:55.308+0000] {dagbag.py:538} INFO - Filling up the DagBag from /opt/airflow/dags/dag_sunafil_orquestador.py
[2026-05-24T21:26:55.359+0000] {processor.py:840} INFO - DAG(s) 'orquestador_sunafil_bronze' retrieved from /opt/airflow/dags/dag_sunafil_orquestador.py
[2026-05-24T21:26:55.410+0000] {logging_mixin.py:188} INFO - [2026-05-24T21:26:55.409+0000] {dag.py:3036} INFO - Sync 1 DAGs
[2026-05-24T21:26:55.445+0000] {logging_mixin.py:188} INFO - [2026-05-24T21:26:55.445+0000] {dag.py:3823} INFO - Setting next_dagrun for orquestador_sunafil_bronze to None, run_after=None
[2026-05-24T21:26:55.484+0000] {processor.py:183} INFO - Processing /opt/airflow/dags/dag_sunafil_orquestador.py took 0.183 seconds
[2026-05-24T21:27:26.497+0000] {processor.py:161} INFO - Started process (PID=258) to work on /opt/airflow/dags/dag_sunafil_orquestador.py
[2026-05-24T21:27:26.498+0000] {processor.py:830} INFO - Processing file /opt/airflow/dags/dag_sunafil_orquestador.py for tasks to queue
[2026-05-24T21:27:26.499+0000] {logging_mixin.py:188} INFO - [2026-05-24T21:27:26.499+0000] {dagbag.py:538} INFO - Filling up the DagBag from /opt/airflow/dags/dag_sunafil_orquestador.py
[2026-05-24T21:27:26.523+0000] {processor.py:840} INFO - DAG(s) 'orquestador_sunafil_bronze' retrieved from /opt/airflow/dags/dag_sunafil_orquestador.py
[2026-05-24T21:27:26.565+0000] {logging_mixin.py:188} INFO - [2026-05-24T21:27:26.565+0000] {dag.py:3036} INFO - Sync 1 DAGs
[2026-05-24T21:27:26.585+0000] {logging_mixin.py:188} INFO - [2026-05-24T21:27:26.585+0000] {dag.py:3823} INFO - Setting next_dagrun for orquestador_sunafil_bronze to None, run_after=None
[2026-05-24T21:27:26.614+0000] {processor.py:183} INFO - Processing /opt/airflow/dags/dag_sunafil_orquestador.py took 0.121 seconds
[2026-05-24T21:27:56.870+0000] {processor.py:161} INFO - Started process (PID=263) to work on /opt/airflow/dags/dag_sunafil_orquestador.py
[2026-05-24T21:27:56.871+0000] {processor.py:830} INFO - Processing file /opt/airflow/dags/dag_sunafil_orquestador.py for tasks to queue
[2026-05-24T21:27:56.872+0000] {logging_mixin.py:188} INFO - [2026-05-24T21:27:56.872+0000] {dagbag.py:538} INFO - Filling up the DagBag from /opt/airflow/dags/dag_sunafil_orquestador.py
[2026-05-24T21:27:56.899+0000] {processor.py:840} INFO - DAG(s) 'orquestador_sunafil_bronze' retrieved from /opt/airflow/dags/dag_sunafil_orquestador.py
[2026-05-24T21:27:56.949+0000] {logging_mixin.py:188} INFO - [2026-05-24T21:27:56.948+0000] {dag.py:3036} INFO - Sync 1 DAGs
[2026-05-24T21:27:56.968+0000] {logging_mixin.py:188} INFO - [2026-05-24T21:27:56.968+0000] {dag.py:3823} INFO - Setting next_dagrun for orquestador_sunafil_bronze to None, run_after=None
[2026-05-24T21:27:56.999+0000] {processor.py:183} INFO - Processing /opt/airflow/dags/dag_sunafil_orquestador.py took 0.134 seconds
[2026-05-24T21:28:27.316+0000] {processor.py:161} INFO - Started process (PID=268) to work on /opt/airflow/dags/dag_sunafil_orquestador.py
[2026-05-24T21:28:27.317+0000] {processor.py:830} INFO - Processing file /opt/airflow/dags/dag_sunafil_orquestador.py for tasks to queue
[2026-05-24T21:28:27.318+0000] {logging_mixin.py:188} INFO - [2026-05-24T21:28:27.318+0000] {dagbag.py:538} INFO - Filling up the DagBag from /opt/airflow/dags/dag_sunafil_orquestador.py
[2026-05-24T21:28:27.339+0000] {processor.py:840} INFO - DAG(s) 'orquestador_sunafil_bronze' retrieved from /opt/airflow/dags/dag_sunafil_orquestador.py
[2026-05-24T21:28:27.385+0000] {logging_mixin.py:188} INFO - [2026-05-24T21:28:27.385+0000] {dag.py:3036} INFO - Sync 1 DAGs
[2026-05-24T21:28:27.407+0000] {logging_mixin.py:188} INFO - [2026-05-24T21:28:27.407+0000] {dag.py:3823} INFO - Setting next_dagrun for orquestador_sunafil_bronze to None, run_after=None
[2026-05-24T21:28:27.438+0000] {processor.py:183} INFO - Processing /opt/airflow/dags/dag_sunafil_orquestador.py took 0.126 seconds
[2026-05-24T21:28:57.787+0000] {processor.py:161} INFO - Started process (PID=273) to work on /opt/airflow/dags/dag_sunafil_orquestador.py
[2026-05-24T21:28:57.789+0000] {processor.py:830} INFO - Processing file /opt/airflow/dags/dag_sunafil_orquestador.py for tasks to queue
[2026-05-24T21:28:57.790+0000] {logging_mixin.py:188} INFO - [2026-05-24T21:28:57.790+0000] {dagbag.py:538} INFO - Filling up the DagBag from /opt/airflow/dags/dag_sunafil_orquestador.py
[2026-05-24T21:28:57.816+0000] {processor.py:840} INFO - DAG(s) 'orquestador_sunafil_bronze' retrieved from /opt/airflow/dags/dag_sunafil_orquestador.py
[2026-05-24T21:28:57.865+0000] {logging_mixin.py:188} INFO - [2026-05-24T21:28:57.865+0000] {dag.py:3036} INFO - Sync 1 DAGs
[2026-05-24T21:28:57.888+0000] {logging_mixin.py:188} INFO - [2026-05-24T21:28:57.887+0000] {dag.py:3823} INFO - Setting next_dagrun for orquestador_sunafil_bronze to None, run_after=None
[2026-05-24T21:28:57.920+0000] {processor.py:183} INFO - Processing /opt/airflow/dags/dag_sunafil_orquestador.py took 0.136 seconds
[2026-05-24T21:29:28.151+0000] {processor.py:161} INFO - Started process (PID=278) to work on /opt/airflow/dags/dag_sunafil_orquestador.py
[2026-05-24T21:29:28.152+0000] {processor.py:830} INFO - Processing file /opt/airflow/dags/dag_sunafil_orquestador.py for tasks to queue
[2026-05-24T21:29:28.153+0000] {logging_mixin.py:188} INFO - [2026-05-24T21:29:28.153+0000] {dagbag.py:538} INFO - Filling up the DagBag from /opt/airflow/dags/dag_sunafil_orquestador.py
[2026-05-24T21:29:28.176+0000] {processor.py:840} INFO - DAG(s) 'orquestador_sunafil_bronze' retrieved from /opt/airflow/dags/dag_sunafil_orquestador.py
[2026-05-24T21:29:28.220+0000] {logging_mixin.py:188} INFO - [2026-05-24T21:29:28.220+0000] {dag.py:3036} INFO - Sync 1 DAGs
[2026-05-24T21:29:28.240+0000] {logging_mixin.py:188} INFO - [2026-05-24T21:29:28.240+0000] {dag.py:3823} INFO - Setting next_dagrun for orquestador_sunafil_bronze to None, run_after=None
[2026-05-24T21:29:28.273+0000] {processor.py:183} INFO - Processing /opt/airflow/dags/dag_sunafil_orquestador.py took 0.126 seconds
[2026-05-24T21:29:58.636+0000] {processor.py:161} INFO - Started process (PID=283) to work on /opt/airflow/dags/dag_sunafil_orquestador.py
[2026-05-24T21:29:58.637+0000] {processor.py:830} INFO - Processing file /opt/airflow/dags/dag_sunafil_orquestador.py for tasks to queue
[2026-05-24T21:29:58.638+0000] {logging_mixin.py:188} INFO - [2026-05-24T21:29:58.638+0000] {dagbag.py:538} INFO - Filling up the DagBag from /opt/airflow/dags/dag_sunafil_orquestador.py
[2026-05-24T21:29:58.661+0000] {processor.py:840} INFO - DAG(s) 'orquestador_sunafil_bronze' retrieved from /opt/airflow/dags/dag_sunafil_orquestador.py
[2026-05-24T21:29:58.705+0000] {logging_mixin.py:188} INFO - [2026-05-24T21:29:58.705+0000] {dag.py:3036} INFO - Sync 1 DAGs
[2026-05-24T21:29:58.726+0000] {logging_mixin.py:188} INFO - [2026-05-24T21:29:58.726+0000] {dag.py:3823} INFO - Setting next_dagrun for orquestador_sunafil_bronze to None, run_after=None
[2026-05-24T21:29:58.764+0000] {processor.py:183} INFO - Processing /opt/airflow/dags/dag_sunafil_orquestador.py took 0.132 seconds
[2026-05-24T21:30:29.096+0000] {processor.py:161} INFO - Started process (PID=288) to work on /opt/airflow/dags/dag_sunafil_orquestador.py
[2026-05-24T21:30:29.097+0000] {processor.py:830} INFO - Processing file /opt/airflow/dags/dag_sunafil_orquestador.py for tasks to queue
[2026-05-24T21:30:29.098+0000] {logging_mixin.py:188} INFO - [2026-05-24T21:30:29.098+0000] {dagbag.py:538} INFO - Filling up the DagBag from /opt/airflow/dags/dag_sunafil_orquestador.py
[2026-05-24T21:30:29.119+0000] {processor.py:840} INFO - DAG(s) 'orquestador_sunafil_bronze' retrieved from /opt/airflow/dags/dag_sunafil_orquestador.py
[2026-05-24T21:30:29.162+0000] {logging_mixin.py:188} INFO - [2026-05-24T21:30:29.162+0000] {dag.py:3036} INFO - Sync 1 DAGs
[2026-05-24T21:30:29.183+0000] {logging_mixin.py:188} INFO - [2026-05-24T21:30:29.183+0000] {dag.py:3823} INFO - Setting next_dagrun for orquestador_sunafil_bronze to None, run_after=None
[2026-05-24T21:30:29.215+0000] {processor.py:183} INFO - Processing /opt/airflow/dags/dag_sunafil_orquestador.py took 0.124 seconds
[2026-05-24T21:30:59.526+0000] {processor.py:161} INFO - Started process (PID=293) to work on /opt/airflow/dags/dag_sunafil_orquestador.py
[2026-05-24T21:30:59.527+0000] {processor.py:830} INFO - Processing file /opt/airflow/dags/dag_sunafil_orquestador.py for tasks to queue
[2026-05-24T21:30:59.528+0000] {logging_mixin.py:188} INFO - [2026-05-24T21:30:59.528+0000] {dagbag.py:538} INFO - Filling up the DagBag from /opt/airflow/dags/dag_sunafil_orquestador.py
[2026-05-24T21:30:59.548+0000] {processor.py:840} INFO - DAG(s) 'orquestador_sunafil_bronze' retrieved from /opt/airflow/dags/dag_sunafil_orquestador.py
[2026-05-24T21:30:59.592+0000] {logging_mixin.py:188} INFO - [2026-05-24T21:30:59.591+0000] {dag.py:3036} INFO - Sync 1 DAGs
[2026-05-24T21:30:59.612+0000] {logging_mixin.py:188} INFO - [2026-05-24T21:30:59.612+0000] {dag.py:3823} INFO - Setting next_dagrun for orquestador_sunafil_bronze to None, run_after=None
[2026-05-24T21:30:59.645+0000] {processor.py:183} INFO - Processing /opt/airflow/dags/dag_sunafil_orquestador.py took 0.124 seconds
[2026-05-24T21:31:29.903+0000] {processor.py:161} INFO - Started process (PID=298) to work on /opt/airflow/dags/dag_sunafil_orquestador.py
[2026-05-24T21:31:29.906+0000] {processor.py:830} INFO - Processing file /opt/airflow/dags/dag_sunafil_orquestador.py for tasks to queue
[2026-05-24T21:31:29.907+0000] {logging_mixin.py:188} INFO - [2026-05-24T21:31:29.907+0000] {dagbag.py:538} INFO - Filling up the DagBag from /opt/airflow/dags/dag_sunafil_orquestador.py
[2026-05-24T21:31:29.931+0000] {processor.py:840} INFO - DAG(s) 'orquestador_sunafil_bronze' retrieved from /opt/airflow/dags/dag_sunafil_orquestador.py
[2026-05-24T21:31:29.977+0000] {logging_mixin.py:188} INFO - [2026-05-24T21:31:29.977+0000] {dag.py:3036} INFO - Sync 1 DAGs
[2026-05-24T21:31:29.999+0000] {logging_mixin.py:188} INFO - [2026-05-24T21:31:29.999+0000] {dag.py:3823} INFO - Setting next_dagrun for orquestador_sunafil_bronze to None, run_after=None
[2026-05-24T21:31:30.029+0000] {processor.py:183} INFO - Processing /opt/airflow/dags/dag_sunafil_orquestador.py took 0.131 seconds
[2026-05-24T21:32:00.250+0000] {processor.py:161} INFO - Started process (PID=303) to work on /opt/airflow/dags/dag_sunafil_orquestador.py
[2026-05-24T21:32:00.251+0000] {processor.py:830} INFO - Processing file /opt/airflow/dags/dag_sunafil_orquestador.py for tasks to queue
[2026-05-24T21:32:00.252+0000] {logging_mixin.py:188} INFO - [2026-05-24T21:32:00.252+0000] {dagbag.py:538} INFO - Filling up the DagBag from /opt/airflow/dags/dag_sunafil_orquestador.py
[2026-05-24T21:32:00.275+0000] {processor.py:840} INFO - DAG(s) 'orquestador_sunafil_bronze' retrieved from /opt/airflow/dags/dag_sunafil_orquestador.py
[2026-05-24T21:32:00.320+0000] {logging_mixin.py:188} INFO - [2026-05-24T21:32:00.319+0000] {dag.py:3036} INFO - Sync 1 DAGs
[2026-05-24T21:32:00.341+0000] {logging_mixin.py:188} INFO - [2026-05-24T21:32:00.341+0000] {dag.py:3823} INFO - Setting next_dagrun for orquestador_sunafil_bronze to None, run_after=None
[2026-05-24T21:32:00.371+0000] {processor.py:183} INFO - Processing /opt/airflow/dags/dag_sunafil_orquestador.py took 0.126 seconds
[2026-05-24T21:32:31.888+0000] {processor.py:161} INFO - Started process (PID=312) to work on /opt/airflow/dags/dag_sunafil_orquestador.py
[2026-05-24T21:32:31.900+0000] {processor.py:830} INFO - Processing file /opt/airflow/dags/dag_sunafil_orquestador.py for tasks to queue
[2026-05-24T21:32:31.912+0000] {logging_mixin.py:188} INFO - [2026-05-24T21:32:31.911+0000] {dagbag.py:538} INFO - Filling up the DagBag from /opt/airflow/dags/dag_sunafil_orquestador.py
[2026-05-24T21:32:32.464+0000] {processor.py:840} INFO - DAG(s) 'orquestador_sunafil_bronze' retrieved from /opt/airflow/dags/dag_sunafil_orquestador.py
[2026-05-24T21:32:34.132+0000] {logging_mixin.py:188} INFO - [2026-05-24T21:32:34.132+0000] {dag.py:3036} INFO - Sync 1 DAGs
[2026-05-24T21:32:34.419+0000] {logging_mixin.py:188} INFO - [2026-05-24T21:32:34.419+0000] {dag.py:3823} INFO - Setting next_dagrun for orquestador_sunafil_bronze to None, run_after=None
[2026-05-24T21:32:35.229+0000] {processor.py:183} INFO - Processing /opt/airflow/dags/dag_sunafil_orquestador.py took 3.995 seconds
[2026-05-24T21:33:06.084+0000] {processor.py:161} INFO - Started process (PID=317) to work on /opt/airflow/dags/dag_sunafil_orquestador.py
[2026-05-24T21:33:06.086+0000] {processor.py:830} INFO - Processing file /opt/airflow/dags/dag_sunafil_orquestador.py for tasks to queue
[2026-05-24T21:33:06.087+0000] {logging_mixin.py:188} INFO - [2026-05-24T21:33:06.087+0000] {dagbag.py:538} INFO - Filling up the DagBag from /opt/airflow/dags/dag_sunafil_orquestador.py
[2026-05-24T21:33:06.458+0000] {processor.py:840} INFO - DAG(s) 'orquestador_sunafil_bronze' retrieved from /opt/airflow/dags/dag_sunafil_orquestador.py
[2026-05-24T21:33:07.942+0000] {logging_mixin.py:188} INFO - [2026-05-24T21:33:07.941+0000] {dag.py:3036} INFO - Sync 1 DAGs
[2026-05-24T21:33:08.266+0000] {logging_mixin.py:188} INFO - [2026-05-24T21:33:08.266+0000] {dag.py:3823} INFO - Setting next_dagrun for orquestador_sunafil_bronze to None, run_after=None
[2026-05-24T21:33:08.325+0000] {processor.py:183} INFO - Processing /opt/airflow/dags/dag_sunafil_orquestador.py took 2.244 seconds
[2026-05-24T21:33:38.482+0000] {processor.py:161} INFO - Started process (PID=322) to work on /opt/airflow/dags/dag_sunafil_orquestador.py
[2026-05-24T21:33:38.483+0000] {processor.py:830} INFO - Processing file /opt/airflow/dags/dag_sunafil_orquestador.py for tasks to queue
[2026-05-24T21:33:38.485+0000] {logging_mixin.py:188} INFO - [2026-05-24T21:33:38.484+0000] {dagbag.py:538} INFO - Filling up the DagBag from /opt/airflow/dags/dag_sunafil_orquestador.py
[2026-05-24T21:33:38.508+0000] {processor.py:840} INFO - DAG(s) 'orquestador_sunafil_bronze' retrieved from /opt/airflow/dags/dag_sunafil_orquestador.py
[2026-05-24T21:33:38.554+0000] {logging_mixin.py:188} INFO - [2026-05-24T21:33:38.554+0000] {dag.py:3036} INFO - Sync 1 DAGs
[2026-05-24T21:33:38.574+0000] {logging_mixin.py:188} INFO - [2026-05-24T21:33:38.573+0000] {dag.py:3823} INFO - Setting next_dagrun for orquestador_sunafil_bronze to None, run_after=None
[2026-05-24T21:33:38.607+0000] {processor.py:183} INFO - Processing /opt/airflow/dags/dag_sunafil_orquestador.py took 0.129 seconds
[2026-05-24T21:34:08.849+0000] {processor.py:161} INFO - Started process (PID=327) to work on /opt/airflow/dags/dag_sunafil_orquestador.py
[2026-05-24T21:34:08.851+0000] {processor.py:830} INFO - Processing file /opt/airflow/dags/dag_sunafil_orquestador.py for tasks to queue
[2026-05-24T21:34:08.852+0000] {logging_mixin.py:188} INFO - [2026-05-24T21:34:08.852+0000] {dagbag.py:538} INFO - Filling up the DagBag from /opt/airflow/dags/dag_sunafil_orquestador.py
[2026-05-24T21:34:08.875+0000] {processor.py:840} INFO - DAG(s) 'orquestador_sunafil_bronze' retrieved from /opt/airflow/dags/dag_sunafil_orquestador.py
[2026-05-24T21:34:08.915+0000] {logging_mixin.py:188} INFO - [2026-05-24T21:34:08.915+0000] {dag.py:3036} INFO - Sync 1 DAGs
[2026-05-24T21:34:08.935+0000] {logging_mixin.py:188} INFO - [2026-05-24T21:34:08.935+0000] {dag.py:3823} INFO - Setting next_dagrun for orquestador_sunafil_bronze to None, run_after=None
[2026-05-24T21:34:08.967+0000] {processor.py:183} INFO - Processing /opt/airflow/dags/dag_sunafil_orquestador.py took 0.123 seconds
[2026-05-24T21:34:39.193+0000] {processor.py:161} INFO - Started process (PID=332) to work on /opt/airflow/dags/dag_sunafil_orquestador.py
[2026-05-24T21:34:39.194+0000] {processor.py:830} INFO - Processing file /opt/airflow/dags/dag_sunafil_orquestador.py for tasks to queue
[2026-05-24T21:34:39.196+0000] {logging_mixin.py:188} INFO - [2026-05-24T21:34:39.195+0000] {dagbag.py:538} INFO - Filling up the DagBag from /opt/airflow/dags/dag_sunafil_orquestador.py
[2026-05-24T21:34:39.218+0000] {processor.py:840} INFO - DAG(s) 'orquestador_sunafil_bronze' retrieved from /opt/airflow/dags/dag_sunafil_orquestador.py
[2026-05-24T21:34:39.260+0000] {logging_mixin.py:188} INFO - [2026-05-24T21:34:39.259+0000] {dag.py:3036} INFO - Sync 1 DAGs
[2026-05-24T21:34:39.280+0000] {logging_mixin.py:188} INFO - [2026-05-24T21:34:39.280+0000] {dag.py:3823} INFO - Setting next_dagrun for orquestador_sunafil_bronze to None, run_after=None
[2026-05-24T21:34:39.309+0000] {processor.py:183} INFO - Processing /opt/airflow/dags/dag_sunafil_orquestador.py took 0.121 seconds
[2026-05-24T21:35:09.502+0000] {processor.py:161} INFO - Started process (PID=337) to work on /opt/airflow/dags/dag_sunafil_orquestador.py
[2026-05-24T21:35:09.504+0000] {processor.py:830} INFO - Processing file /opt/airflow/dags/dag_sunafil_orquestador.py for tasks to queue
[2026-05-24T21:35:09.505+0000] {logging_mixin.py:188} INFO - [2026-05-24T21:35:09.504+0000] {dagbag.py:538} INFO - Filling up the DagBag from /opt/airflow/dags/dag_sunafil_orquestador.py
[2026-05-24T21:35:09.523+0000] {processor.py:840} INFO - DAG(s) 'orquestador_sunafil_bronze' retrieved from /opt/airflow/dags/dag_sunafil_orquestador.py
[2026-05-24T21:35:09.562+0000] {logging_mixin.py:188} INFO - [2026-05-24T21:35:09.561+0000] {dag.py:3036} INFO - Sync 1 DAGs
[2026-05-24T21:35:09.580+0000] {logging_mixin.py:188} INFO - [2026-05-24T21:35:09.580+0000] {dag.py:3823} INFO - Setting next_dagrun for orquestador_sunafil_bronze to None, run_after=None
[2026-05-24T21:35:09.609+0000] {processor.py:183} INFO - Processing /opt/airflow/dags/dag_sunafil_orquestador.py took 0.111 seconds
[2026-05-24T21:35:39.898+0000] {processor.py:161} INFO - Started process (PID=342) to work on /opt/airflow/dags/dag_sunafil_orquestador.py
[2026-05-24T21:35:39.900+0000] {processor.py:830} INFO - Processing file /opt/airflow/dags/dag_sunafil_orquestador.py for tasks to queue
[2026-05-24T21:35:39.901+0000] {logging_mixin.py:188} INFO - [2026-05-24T21:35:39.901+0000] {dagbag.py:538} INFO - Filling up the DagBag from /opt/airflow/dags/dag_sunafil_orquestador.py
[2026-05-24T21:35:39.921+0000] {processor.py:840} INFO - DAG(s) 'orquestador_sunafil_bronze' retrieved from /opt/airflow/dags/dag_sunafil_orquestador.py
[2026-05-24T21:35:39.960+0000] {logging_mixin.py:188} INFO - [2026-05-24T21:35:39.959+0000] {dag.py:3036} INFO - Sync 1 DAGs
[2026-05-24T21:35:39.979+0000] {logging_mixin.py:188} INFO - [2026-05-24T21:35:39.979+0000] {dag.py:3823} INFO - Setting next_dagrun for orquestador_sunafil_bronze to None, run_after=None
[2026-05-24T21:35:40.009+0000] {processor.py:183} INFO - Processing /opt/airflow/dags/dag_sunafil_orquestador.py took 0.114 seconds
[2026-05-24T21:36:10.334+0000] {processor.py:161} INFO - Started process (PID=347) to work on /opt/airflow/dags/dag_sunafil_orquestador.py
[2026-05-24T21:36:10.335+0000] {processor.py:830} INFO - Processing file /opt/airflow/dags/dag_sunafil_orquestador.py for tasks to queue
[2026-05-24T21:36:10.337+0000] {logging_mixin.py:188} INFO - [2026-05-24T21:36:10.336+0000] {dagbag.py:538} INFO - Filling up the DagBag from /opt/airflow/dags/dag_sunafil_orquestador.py
[2026-05-24T21:36:10.358+0000] {processor.py:840} INFO - DAG(s) 'orquestador_sunafil_bronze' retrieved from /opt/airflow/dags/dag_sunafil_orquestador.py
[2026-05-24T21:36:10.398+0000] {logging_mixin.py:188} INFO - [2026-05-24T21:36:10.398+0000] {dag.py:3036} INFO - Sync 1 DAGs
[2026-05-24T21:36:10.420+0000] {logging_mixin.py:188} INFO - [2026-05-24T21:36:10.420+0000] {dag.py:3823} INFO - Setting next_dagrun for orquestador_sunafil_bronze to None, run_after=None
[2026-05-24T21:36:10.454+0000] {processor.py:183} INFO - Processing /opt/airflow/dags/dag_sunafil_orquestador.py took 0.124 seconds
[2026-05-24T21:36:40.853+0000] {processor.py:161} INFO - Started process (PID=352) to work on /opt/airflow/dags/dag_sunafil_orquestador.py
[2026-05-24T21:36:40.855+0000] {processor.py:830} INFO - Processing file /opt/airflow/dags/dag_sunafil_orquestador.py for tasks to queue
[2026-05-24T21:36:40.856+0000] {logging_mixin.py:188} INFO - [2026-05-24T21:36:40.856+0000] {dagbag.py:538} INFO - Filling up the DagBag from /opt/airflow/dags/dag_sunafil_orquestador.py
[2026-05-24T21:36:40.876+0000] {processor.py:840} INFO - DAG(s) 'orquestador_sunafil_bronze' retrieved from /opt/airflow/dags/dag_sunafil_orquestador.py
[2026-05-24T21:36:40.932+0000] {logging_mixin.py:188} INFO - [2026-05-24T21:36:40.932+0000] {dag.py:3036} INFO - Sync 1 DAGs
[2026-05-24T21:36:40.952+0000] {logging_mixin.py:188} INFO - [2026-05-24T21:36:40.952+0000] {dag.py:3823} INFO - Setting next_dagrun for orquestador_sunafil_bronze to None, run_after=None
[2026-05-24T21:36:40.981+0000] {processor.py:183} INFO - Processing /opt/airflow/dags/dag_sunafil_orquestador.py took 0.133 seconds
[2026-05-24T21:37:11.333+0000] {processor.py:161} INFO - Started process (PID=357) to work on /opt/airflow/dags/dag_sunafil_orquestador.py
[2026-05-24T21:37:11.334+0000] {processor.py:830} INFO - Processing file /opt/airflow/dags/dag_sunafil_orquestador.py for tasks to queue
[2026-05-24T21:37:11.336+0000] {logging_mixin.py:188} INFO - [2026-05-24T21:37:11.336+0000] {dagbag.py:538} INFO - Filling up the DagBag from /opt/airflow/dags/dag_sunafil_orquestador.py
[2026-05-24T21:37:11.382+0000] {processor.py:840} INFO - DAG(s) 'orquestador_sunafil_bronze' retrieved from /opt/airflow/dags/dag_sunafil_orquestador.py
[2026-05-24T21:37:11.440+0000] {logging_mixin.py:188} INFO - [2026-05-24T21:37:11.440+0000] {dag.py:3036} INFO - Sync 1 DAGs
[2026-05-24T21:37:11.459+0000] {logging_mixin.py:188} INFO - [2026-05-24T21:37:11.459+0000] {dag.py:3823} INFO - Setting next_dagrun for orquestador_sunafil_bronze to None, run_after=None
[2026-05-24T21:37:11.507+0000] {processor.py:183} INFO - Processing /opt/airflow/dags/dag_sunafil_orquestador.py took 0.180 seconds
[2026-05-24T21:37:41.746+0000] {processor.py:161} INFO - Started process (PID=362) to work on /opt/airflow/dags/dag_sunafil_orquestador.py
[2026-05-24T21:37:41.747+0000] {processor.py:830} INFO - Processing file /opt/airflow/dags/dag_sunafil_orquestador.py for tasks to queue
[2026-05-24T21:37:41.748+0000] {logging_mixin.py:188} INFO - [2026-05-24T21:37:41.748+0000] {dagbag.py:538} INFO - Filling up the DagBag from /opt/airflow/dags/dag_sunafil_orquestador.py
[2026-05-24T21:37:41.775+0000] {processor.py:840} INFO - DAG(s) 'orquestador_sunafil_bronze' retrieved from /opt/airflow/dags/dag_sunafil_orquestador.py
[2026-05-24T21:37:41.854+0000] {logging_mixin.py:188} INFO - [2026-05-24T21:37:41.854+0000] {dag.py:3036} INFO - Sync 1 DAGs
[2026-05-24T21:37:41.874+0000] {logging_mixin.py:188} INFO - [2026-05-24T21:37:41.874+0000] {dag.py:3823} INFO - Setting next_dagrun for orquestador_sunafil_bronze to None, run_after=None
[2026-05-24T21:37:41.903+0000] {processor.py:183} INFO - Processing /opt/airflow/dags/dag_sunafil_orquestador.py took 0.161 seconds
[2026-05-24T21:38:12.222+0000] {processor.py:161} INFO - Started process (PID=367) to work on /opt/airflow/dags/dag_sunafil_orquestador.py
[2026-05-24T21:38:12.224+0000] {processor.py:830} INFO - Processing file /opt/airflow/dags/dag_sunafil_orquestador.py for tasks to queue
[2026-05-24T21:38:12.225+0000] {logging_mixin.py:188} INFO - [2026-05-24T21:38:12.225+0000] {dagbag.py:538} INFO - Filling up the DagBag from /opt/airflow/dags/dag_sunafil_orquestador.py
[2026-05-24T21:38:12.247+0000] {processor.py:840} INFO - DAG(s) 'orquestador_sunafil_bronze' retrieved from /opt/airflow/dags/dag_sunafil_orquestador.py
[2026-05-24T21:38:12.288+0000] {logging_mixin.py:188} INFO - [2026-05-24T21:38:12.287+0000] {dag.py:3036} INFO - Sync 1 DAGs
[2026-05-24T21:38:12.308+0000] {logging_mixin.py:188} INFO - [2026-05-24T21:38:12.307+0000] {dag.py:3823} INFO - Setting next_dagrun for orquestador_sunafil_bronze to None, run_after=None
[2026-05-24T21:38:12.339+0000] {processor.py:183} INFO - Processing /opt/airflow/dags/dag_sunafil_orquestador.py took 0.120 seconds
[2026-05-24T21:38:42.544+0000] {processor.py:161} INFO - Started process (PID=372) to work on /opt/airflow/dags/dag_sunafil_orquestador.py
[2026-05-24T21:38:42.545+0000] {processor.py:830} INFO - Processing file /opt/airflow/dags/dag_sunafil_orquestador.py for tasks to queue
[2026-05-24T21:38:42.547+0000] {logging_mixin.py:188} INFO - [2026-05-24T21:38:42.546+0000] {dagbag.py:538} INFO - Filling up the DagBag from /opt/airflow/dags/dag_sunafil_orquestador.py
[2026-05-24T21:38:42.568+0000] {processor.py:840} INFO - DAG(s) 'orquestador_sunafil_bronze' retrieved from /opt/airflow/dags/dag_sunafil_orquestador.py
[2026-05-24T21:38:42.615+0000] {logging_mixin.py:188} INFO - [2026-05-24T21:38:42.615+0000] {dag.py:3036} INFO - Sync 1 DAGs
[2026-05-24T21:38:42.635+0000] {logging_mixin.py:188} INFO - [2026-05-24T21:38:42.635+0000] {dag.py:3823} INFO - Setting next_dagrun for orquestador_sunafil_bronze to None, run_after=None
[2026-05-24T21:38:42.664+0000] {processor.py:183} INFO - Processing /opt/airflow/dags/dag_sunafil_orquestador.py took 0.125 seconds
[2026-05-24T21:39:12.977+0000] {processor.py:161} INFO - Started process (PID=377) to work on /opt/airflow/dags/dag_sunafil_orquestador.py
[2026-05-24T21:39:12.978+0000] {processor.py:830} INFO - Processing file /opt/airflow/dags/dag_sunafil_orquestador.py for tasks to queue
[2026-05-24T21:39:12.979+0000] {logging_mixin.py:188} INFO - [2026-05-24T21:39:12.979+0000] {dagbag.py:538} INFO - Filling up the DagBag from /opt/airflow/dags/dag_sunafil_orquestador.py
[2026-05-24T21:39:13.001+0000] {processor.py:840} INFO - DAG(s) 'orquestador_sunafil_bronze' retrieved from /opt/airflow/dags/dag_sunafil_orquestador.py
[2026-05-24T21:39:13.045+0000] {logging_mixin.py:188} INFO - [2026-05-24T21:39:13.044+0000] {dag.py:3036} INFO - Sync 1 DAGs
[2026-05-24T21:39:13.064+0000] {logging_mixin.py:188} INFO - [2026-05-24T21:39:13.064+0000] {dag.py:3823} INFO - Setting next_dagrun for orquestador_sunafil_bronze to None, run_after=None
[2026-05-24T21:39:13.096+0000] {processor.py:183} INFO - Processing /opt/airflow/dags/dag_sunafil_orquestador.py took 0.122 seconds
[2026-05-24T21:39:43.291+0000] {processor.py:161} INFO - Started process (PID=382) to work on /opt/airflow/dags/dag_sunafil_orquestador.py
[2026-05-24T21:39:43.293+0000] {processor.py:830} INFO - Processing file /opt/airflow/dags/dag_sunafil_orquestador.py for tasks to queue
[2026-05-24T21:39:43.295+0000] {logging_mixin.py:188} INFO - [2026-05-24T21:39:43.294+0000] {dagbag.py:538} INFO - Filling up the DagBag from /opt/airflow/dags/dag_sunafil_orquestador.py
[2026-05-24T21:39:43.320+0000] {processor.py:840} INFO - DAG(s) 'orquestador_sunafil_bronze' retrieved from /opt/airflow/dags/dag_sunafil_orquestador.py
[2026-05-24T21:39:43.367+0000] {logging_mixin.py:188} INFO - [2026-05-24T21:39:43.367+0000] {dag.py:3036} INFO - Sync 1 DAGs
[2026-05-24T21:39:43.389+0000] {logging_mixin.py:188} INFO - [2026-05-24T21:39:43.388+0000] {dag.py:3823} INFO - Setting next_dagrun for orquestador_sunafil_bronze to None, run_after=None
[2026-05-24T21:39:43.422+0000] {processor.py:183} INFO - Processing /opt/airflow/dags/dag_sunafil_orquestador.py took 0.137 seconds
[2026-05-24T21:40:13.753+0000] {processor.py:161} INFO - Started process (PID=387) to work on /opt/airflow/dags/dag_sunafil_orquestador.py
[2026-05-24T21:40:13.754+0000] {processor.py:830} INFO - Processing file /opt/airflow/dags/dag_sunafil_orquestador.py for tasks to queue
[2026-05-24T21:40:13.756+0000] {logging_mixin.py:188} INFO - [2026-05-24T21:40:13.756+0000] {dagbag.py:538} INFO - Filling up the DagBag from /opt/airflow/dags/dag_sunafil_orquestador.py
[2026-05-24T21:40:13.776+0000] {processor.py:840} INFO - DAG(s) 'orquestador_sunafil_bronze' retrieved from /opt/airflow/dags/dag_sunafil_orquestador.py
[2026-05-24T21:40:13.818+0000] {logging_mixin.py:188} INFO - [2026-05-24T21:40:13.818+0000] {dag.py:3036} INFO - Sync 1 DAGs
[2026-05-24T21:40:13.839+0000] {logging_mixin.py:188} INFO - [2026-05-24T21:40:13.839+0000] {dag.py:3823} INFO - Setting next_dagrun for orquestador_sunafil_bronze to None, run_after=None
[2026-05-24T21:40:13.870+0000] {processor.py:183} INFO - Processing /opt/airflow/dags/dag_sunafil_orquestador.py took 0.120 seconds
[2026-05-24T21:40:44.139+0000] {processor.py:161} INFO - Started process (PID=392) to work on /opt/airflow/dags/dag_sunafil_orquestador.py
[2026-05-24T21:40:44.141+0000] {processor.py:830} INFO - Processing file /opt/airflow/dags/dag_sunafil_orquestador.py for tasks to queue
[2026-05-24T21:40:44.142+0000] {logging_mixin.py:188} INFO - [2026-05-24T21:40:44.141+0000] {dagbag.py:538} INFO - Filling up the DagBag from /opt/airflow/dags/dag_sunafil_orquestador.py
[2026-05-24T21:40:44.162+0000] {processor.py:840} INFO - DAG(s) 'orquestador_sunafil_bronze' retrieved from /opt/airflow/dags/dag_sunafil_orquestador.py
[2026-05-24T21:40:44.197+0000] {logging_mixin.py:188} INFO - [2026-05-24T21:40:44.196+0000] {dag.py:3036} INFO - Sync 1 DAGs
[2026-05-24T21:40:44.216+0000] {logging_mixin.py:188} INFO - [2026-05-24T21:40:44.215+0000] {dag.py:3823} INFO - Setting next_dagrun for orquestador_sunafil_bronze to None, run_after=None
[2026-05-24T21:40:44.248+0000] {processor.py:183} INFO - Processing /opt/airflow/dags/dag_sunafil_orquestador.py took 0.112 seconds
[2026-05-24T21:41:14.489+0000] {processor.py:161} INFO - Started process (PID=397) to work on /opt/airflow/dags/dag_sunafil_orquestador.py
[2026-05-24T21:41:14.490+0000] {processor.py:830} INFO - Processing file /opt/airflow/dags/dag_sunafil_orquestador.py for tasks to queue
[2026-05-24T21:41:14.491+0000] {logging_mixin.py:188} INFO - [2026-05-24T21:41:14.491+0000] {dagbag.py:538} INFO - Filling up the DagBag from /opt/airflow/dags/dag_sunafil_orquestador.py
[2026-05-24T21:41:14.513+0000] {processor.py:840} INFO - DAG(s) 'orquestador_sunafil_bronze' retrieved from /opt/airflow/dags/dag_sunafil_orquestador.py
[2026-05-24T21:41:14.554+0000] {logging_mixin.py:188} INFO - [2026-05-24T21:41:14.554+0000] {dag.py:3036} INFO - Sync 1 DAGs
[2026-05-24T21:41:14.574+0000] {logging_mixin.py:188} INFO - [2026-05-24T21:41:14.574+0000] {dag.py:3823} INFO - Setting next_dagrun for orquestador_sunafil_bronze to None, run_after=None
[2026-05-24T21:41:14.605+0000] {processor.py:183} INFO - Processing /opt/airflow/dags/dag_sunafil_orquestador.py took 0.121 seconds
[2026-05-24T21:41:44.897+0000] {processor.py:161} INFO - Started process (PID=402) to work on /opt/airflow/dags/dag_sunafil_orquestador.py
[2026-05-24T21:41:44.898+0000] {processor.py:830} INFO - Processing file /opt/airflow/dags/dag_sunafil_orquestador.py for tasks to queue
[2026-05-24T21:41:44.900+0000] {logging_mixin.py:188} INFO - [2026-05-24T21:41:44.899+0000] {dagbag.py:538} INFO - Filling up the DagBag from /opt/airflow/dags/dag_sunafil_orquestador.py
[2026-05-24T21:41:44.918+0000] {processor.py:840} INFO - DAG(s) 'orquestador_sunafil_bronze' retrieved from /opt/airflow/dags/dag_sunafil_orquestador.py
[2026-05-24T21:41:44.961+0000] {logging_mixin.py:188} INFO - [2026-05-24T21:41:44.961+0000] {dag.py:3036} INFO - Sync 1 DAGs
[2026-05-24T21:41:44.980+0000] {logging_mixin.py:188} INFO - [2026-05-24T21:41:44.980+0000] {dag.py:3823} INFO - Setting next_dagrun for orquestador_sunafil_bronze to None, run_after=None
[2026-05-24T21:41:45.010+0000] {processor.py:183} INFO - Processing /opt/airflow/dags/dag_sunafil_orquestador.py took 0.116 seconds
[2026-05-24T21:42:15.260+0000] {processor.py:161} INFO - Started process (PID=407) to work on /opt/airflow/dags/dag_sunafil_orquestador.py
[2026-05-24T21:42:15.262+0000] {processor.py:830} INFO - Processing file /opt/airflow/dags/dag_sunafil_orquestador.py for tasks to queue
[2026-05-24T21:42:15.263+0000] {logging_mixin.py:188} INFO - [2026-05-24T21:42:15.263+0000] {dagbag.py:538} INFO - Filling up the DagBag from /opt/airflow/dags/dag_sunafil_orquestador.py
[2026-05-24T21:42:15.284+0000] {processor.py:840} INFO - DAG(s) 'orquestador_sunafil_bronze' retrieved from /opt/airflow/dags/dag_sunafil_orquestador.py
[2026-05-24T21:42:15.330+0000] {logging_mixin.py:188} INFO - [2026-05-24T21:42:15.329+0000] {dag.py:3036} INFO - Sync 1 DAGs
[2026-05-24T21:42:15.349+0000] {logging_mixin.py:188} INFO - [2026-05-24T21:42:15.348+0000] {dag.py:3823} INFO - Setting next_dagrun for orquestador_sunafil_bronze to None, run_after=None
[2026-05-24T21:42:15.380+0000] {processor.py:183} INFO - Processing /opt/airflow/dags/dag_sunafil_orquestador.py took 0.124 seconds
[2026-05-24T21:42:45.653+0000] {processor.py:161} INFO - Started process (PID=412) to work on /opt/airflow/dags/dag_sunafil_orquestador.py
[2026-05-24T21:42:45.655+0000] {processor.py:830} INFO - Processing file /opt/airflow/dags/dag_sunafil_orquestador.py for tasks to queue
[2026-05-24T21:42:45.656+0000] {logging_mixin.py:188} INFO - [2026-05-24T21:42:45.655+0000] {dagbag.py:538} INFO - Filling up the DagBag from /opt/airflow/dags/dag_sunafil_orquestador.py
[2026-05-24T21:42:45.678+0000] {processor.py:840} INFO - DAG(s) 'orquestador_sunafil_bronze' retrieved from /opt/airflow/dags/dag_sunafil_orquestador.py
[2026-05-24T21:42:45.716+0000] {logging_mixin.py:188} INFO - [2026-05-24T21:42:45.715+0000] {dag.py:3036} INFO - Sync 1 DAGs
[2026-05-24T21:42:45.736+0000] {logging_mixin.py:188} INFO - [2026-05-24T21:42:45.736+0000] {dag.py:3823} INFO - Setting next_dagrun for orquestador_sunafil_bronze to None, run_after=None
[2026-05-24T21:42:45.809+0000] {processor.py:183} INFO - Processing /opt/airflow/dags/dag_sunafil_orquestador.py took 0.159 seconds
[2026-05-24T21:43:16.022+0000] {processor.py:161} INFO - Started process (PID=417) to work on /opt/airflow/dags/dag_sunafil_orquestador.py
[2026-05-24T21:43:16.023+0000] {processor.py:830} INFO - Processing file /opt/airflow/dags/dag_sunafil_orquestador.py for tasks to queue
[2026-05-24T21:43:16.024+0000] {logging_mixin.py:188} INFO - [2026-05-24T21:43:16.024+0000] {dagbag.py:538} INFO - Filling up the DagBag from /opt/airflow/dags/dag_sunafil_orquestador.py
[2026-05-24T21:43:16.047+0000] {processor.py:840} INFO - DAG(s) 'orquestador_sunafil_bronze' retrieved from /opt/airflow/dags/dag_sunafil_orquestador.py
[2026-05-24T21:43:16.088+0000] {logging_mixin.py:188} INFO - [2026-05-24T21:43:16.088+0000] {dag.py:3036} INFO - Sync 1 DAGs
[2026-05-24T21:43:16.108+0000] {logging_mixin.py:188} INFO - [2026-05-24T21:43:16.108+0000] {dag.py:3823} INFO - Setting next_dagrun for orquestador_sunafil_bronze to None, run_after=None
[2026-05-24T21:43:16.140+0000] {processor.py:183} INFO - Processing /opt/airflow/dags/dag_sunafil_orquestador.py took 0.123 seconds
[2026-05-24T21:43:46.501+0000] {processor.py:161} INFO - Started process (PID=422) to work on /opt/airflow/dags/dag_sunafil_orquestador.py
[2026-05-24T21:43:46.502+0000] {processor.py:830} INFO - Processing file /opt/airflow/dags/dag_sunafil_orquestador.py for tasks to queue
[2026-05-24T21:43:46.503+0000] {logging_mixin.py:188} INFO - [2026-05-24T21:43:46.503+0000] {dagbag.py:538} INFO - Filling up the DagBag from /opt/airflow/dags/dag_sunafil_orquestador.py
[2026-05-24T21:43:46.524+0000] {processor.py:840} INFO - DAG(s) 'orquestador_sunafil_bronze' retrieved from /opt/airflow/dags/dag_sunafil_orquestador.py
[2026-05-24T21:43:46.565+0000] {logging_mixin.py:188} INFO - [2026-05-24T21:43:46.564+0000] {dag.py:3036} INFO - Sync 1 DAGs
[2026-05-24T21:43:46.585+0000] {logging_mixin.py:188} INFO - [2026-05-24T21:43:46.585+0000] {dag.py:3823} INFO - Setting next_dagrun for orquestador_sunafil_bronze to None, run_after=None
[2026-05-24T21:43:46.617+0000] {processor.py:183} INFO - Processing /opt/airflow/dags/dag_sunafil_orquestador.py took 0.120 seconds
[2026-05-24T21:44:16.783+0000] {processor.py:161} INFO - Started process (PID=427) to work on /opt/airflow/dags/dag_sunafil_orquestador.py
[2026-05-24T21:44:16.784+0000] {processor.py:830} INFO - Processing file /opt/airflow/dags/dag_sunafil_orquestador.py for tasks to queue
[2026-05-24T21:44:16.785+0000] {logging_mixin.py:188} INFO - [2026-05-24T21:44:16.785+0000] {dagbag.py:538} INFO - Filling up the DagBag from /opt/airflow/dags/dag_sunafil_orquestador.py
[2026-05-24T21:44:16.807+0000] {processor.py:840} INFO - DAG(s) 'orquestador_sunafil_bronze' retrieved from /opt/airflow/dags/dag_sunafil_orquestador.py
[2026-05-24T21:44:16.849+0000] {logging_mixin.py:188} INFO - [2026-05-24T21:44:16.848+0000] {dag.py:3036} INFO - Sync 1 DAGs
[2026-05-24T21:44:16.870+0000] {logging_mixin.py:188} INFO - [2026-05-24T21:44:16.869+0000] {dag.py:3823} INFO - Setting next_dagrun for orquestador_sunafil_bronze to None, run_after=None
[2026-05-24T21:44:16.901+0000] {processor.py:183} INFO - Processing /opt/airflow/dags/dag_sunafil_orquestador.py took 0.122 seconds
[2026-05-24T21:44:47.306+0000] {processor.py:161} INFO - Started process (PID=432) to work on /opt/airflow/dags/dag_sunafil_orquestador.py
[2026-05-24T21:44:47.307+0000] {processor.py:830} INFO - Processing file /opt/airflow/dags/dag_sunafil_orquestador.py for tasks to queue
[2026-05-24T21:44:47.309+0000] {logging_mixin.py:188} INFO - [2026-05-24T21:44:47.308+0000] {dagbag.py:538} INFO - Filling up the DagBag from /opt/airflow/dags/dag_sunafil_orquestador.py
[2026-05-24T21:44:47.330+0000] {processor.py:840} INFO - DAG(s) 'orquestador_sunafil_bronze' retrieved from /opt/airflow/dags/dag_sunafil_orquestador.py
[2026-05-24T21:44:47.372+0000] {logging_mixin.py:188} INFO - [2026-05-24T21:44:47.371+0000] {dag.py:3036} INFO - Sync 1 DAGs
[2026-05-24T21:44:47.393+0000] {logging_mixin.py:188} INFO - [2026-05-24T21:44:47.393+0000] {dag.py:3823} INFO - Setting next_dagrun for orquestador_sunafil_bronze to None, run_after=None
[2026-05-24T21:44:47.422+0000] {processor.py:183} INFO - Processing /opt/airflow/dags/dag_sunafil_orquestador.py took 0.119 seconds
[2026-05-24T21:45:17.618+0000] {processor.py:161} INFO - Started process (PID=437) to work on /opt/airflow/dags/dag_sunafil_orquestador.py
[2026-05-24T21:45:17.619+0000] {processor.py:830} INFO - Processing file /opt/airflow/dags/dag_sunafil_orquestador.py for tasks to queue
[2026-05-24T21:45:17.621+0000] {logging_mixin.py:188} INFO - [2026-05-24T21:45:17.620+0000] {dagbag.py:538} INFO - Filling up the DagBag from /opt/airflow/dags/dag_sunafil_orquestador.py
[2026-05-24T21:45:17.641+0000] {processor.py:840} INFO - DAG(s) 'orquestador_sunafil_bronze' retrieved from /opt/airflow/dags/dag_sunafil_orquestador.py
[2026-05-24T21:45:17.684+0000] {logging_mixin.py:188} INFO - [2026-05-24T21:45:17.684+0000] {dag.py:3036} INFO - Sync 1 DAGs
[2026-05-24T21:45:17.705+0000] {logging_mixin.py:188} INFO - [2026-05-24T21:45:17.705+0000] {dag.py:3823} INFO - Setting next_dagrun for orquestador_sunafil_bronze to None, run_after=None
[2026-05-24T21:45:17.738+0000] {processor.py:183} INFO - Processing /opt/airflow/dags/dag_sunafil_orquestador.py took 0.124 seconds
[2026-05-24T21:45:48.109+0000] {processor.py:161} INFO - Started process (PID=442) to work on /opt/airflow/dags/dag_sunafil_orquestador.py
[2026-05-24T21:45:48.110+0000] {processor.py:830} INFO - Processing file /opt/airflow/dags/dag_sunafil_orquestador.py for tasks to queue
[2026-05-24T21:45:48.111+0000] {logging_mixin.py:188} INFO - [2026-05-24T21:45:48.111+0000] {dagbag.py:538} INFO - Filling up the DagBag from /opt/airflow/dags/dag_sunafil_orquestador.py
[2026-05-24T21:45:48.132+0000] {processor.py:840} INFO - DAG(s) 'orquestador_sunafil_bronze' retrieved from /opt/airflow/dags/dag_sunafil_orquestador.py
[2026-05-24T21:45:48.170+0000] {logging_mixin.py:188} INFO - [2026-05-24T21:45:48.170+0000] {dag.py:3036} INFO - Sync 1 DAGs
[2026-05-24T21:45:48.189+0000] {logging_mixin.py:188} INFO - [2026-05-24T21:45:48.189+0000] {dag.py:3823} INFO - Setting next_dagrun for orquestador_sunafil_bronze to None, run_after=None
[2026-05-24T21:45:48.220+0000] {processor.py:183} INFO - Processing /opt/airflow/dags/dag_sunafil_orquestador.py took 0.115 seconds
[2026-05-24T21:46:18.426+0000] {processor.py:161} INFO - Started process (PID=447) to work on /opt/airflow/dags/dag_sunafil_orquestador.py
[2026-05-24T21:46:18.427+0000] {processor.py:830} INFO - Processing file /opt/airflow/dags/dag_sunafil_orquestador.py for tasks to queue
[2026-05-24T21:46:18.429+0000] {logging_mixin.py:188} INFO - [2026-05-24T21:46:18.428+0000] {dagbag.py:538} INFO - Filling up the DagBag from /opt/airflow/dags/dag_sunafil_orquestador.py
[2026-05-24T21:46:18.450+0000] {processor.py:840} INFO - DAG(s) 'orquestador_sunafil_bronze' retrieved from /opt/airflow/dags/dag_sunafil_orquestador.py
[2026-05-24T21:46:18.491+0000] {logging_mixin.py:188} INFO - [2026-05-24T21:46:18.491+0000] {dag.py:3036} INFO - Sync 1 DAGs
[2026-05-24T21:46:18.517+0000] {logging_mixin.py:188} INFO - [2026-05-24T21:46:18.517+0000] {dag.py:3823} INFO - Setting next_dagrun for orquestador_sunafil_bronze to None, run_after=None
[2026-05-24T21:46:18.554+0000] {processor.py:183} INFO - Processing /opt/airflow/dags/dag_sunafil_orquestador.py took 0.132 seconds
[2026-05-24T21:46:48.741+0000] {processor.py:161} INFO - Started process (PID=452) to work on /opt/airflow/dags/dag_sunafil_orquestador.py
[2026-05-24T21:46:48.742+0000] {processor.py:830} INFO - Processing file /opt/airflow/dags/dag_sunafil_orquestador.py for tasks to queue
[2026-05-24T21:46:48.744+0000] {logging_mixin.py:188} INFO - [2026-05-24T21:46:48.743+0000] {dagbag.py:538} INFO - Filling up the DagBag from /opt/airflow/dags/dag_sunafil_orquestador.py
[2026-05-24T21:46:48.766+0000] {processor.py:840} INFO - DAG(s) 'orquestador_sunafil_bronze' retrieved from /opt/airflow/dags/dag_sunafil_orquestador.py
[2026-05-24T21:46:48.807+0000] {logging_mixin.py:188} INFO - [2026-05-24T21:46:48.807+0000] {dag.py:3036} INFO - Sync 1 DAGs
[2026-05-24T21:46:48.828+0000] {logging_mixin.py:188} INFO - [2026-05-24T21:46:48.828+0000] {dag.py:3823} INFO - Setting next_dagrun for orquestador_sunafil_bronze to None, run_after=None
[2026-05-24T21:46:48.859+0000] {processor.py:183} INFO - Processing /opt/airflow/dags/dag_sunafil_orquestador.py took 0.121 seconds
[2026-05-24T21:47:19.077+0000] {processor.py:161} INFO - Started process (PID=457) to work on /opt/airflow/dags/dag_sunafil_orquestador.py
[2026-05-24T21:47:19.079+0000] {processor.py:830} INFO - Processing file /opt/airflow/dags/dag_sunafil_orquestador.py for tasks to queue
[2026-05-24T21:47:19.080+0000] {logging_mixin.py:188} INFO - [2026-05-24T21:47:19.080+0000] {dagbag.py:538} INFO - Filling up the DagBag from /opt/airflow/dags/dag_sunafil_orquestador.py
[2026-05-24T21:47:19.104+0000] {processor.py:840} INFO - DAG(s) 'orquestador_sunafil_bronze' retrieved from /opt/airflow/dags/dag_sunafil_orquestador.py
[2026-05-24T21:47:19.147+0000] {logging_mixin.py:188} INFO - [2026-05-24T21:47:19.146+0000] {dag.py:3036} INFO - Sync 1 DAGs
[2026-05-24T21:47:19.165+0000] {logging_mixin.py:188} INFO - [2026-05-24T21:47:19.165+0000] {dag.py:3823} INFO - Setting next_dagrun for orquestador_sunafil_bronze to None, run_after=None
[2026-05-24T21:47:19.197+0000] {processor.py:183} INFO - Processing /opt/airflow/dags/dag_sunafil_orquestador.py took 0.123 seconds
[2026-05-24T21:47:49.499+0000] {processor.py:161} INFO - Started process (PID=462) to work on /opt/airflow/dags/dag_sunafil_orquestador.py
[2026-05-24T21:47:49.501+0000] {processor.py:830} INFO - Processing file /opt/airflow/dags/dag_sunafil_orquestador.py for tasks to queue
[2026-05-24T21:47:49.502+0000] {logging_mixin.py:188} INFO - [2026-05-24T21:47:49.501+0000] {dagbag.py:538} INFO - Filling up the DagBag from /opt/airflow/dags/dag_sunafil_orquestador.py
[2026-05-24T21:47:49.521+0000] {processor.py:840} INFO - DAG(s) 'orquestador_sunafil_bronze' retrieved from /opt/airflow/dags/dag_sunafil_orquestador.py
[2026-05-24T21:47:49.562+0000] {logging_mixin.py:188} INFO - [2026-05-24T21:47:49.561+0000] {dag.py:3036} INFO - Sync 1 DAGs
[2026-05-24T21:47:49.581+0000] {logging_mixin.py:188} INFO - [2026-05-24T21:47:49.581+0000] {dag.py:3823} INFO - Setting next_dagrun for orquestador_sunafil_bronze to None, run_after=None
[2026-05-24T21:47:49.610+0000] {processor.py:183} INFO - Processing /opt/airflow/dags/dag_sunafil_orquestador.py took 0.116 seconds
[2026-05-24T21:48:19.849+0000] {processor.py:161} INFO - Started process (PID=467) to work on /opt/airflow/dags/dag_sunafil_orquestador.py
[2026-05-24T21:48:19.851+0000] {processor.py:830} INFO - Processing file /opt/airflow/dags/dag_sunafil_orquestador.py for tasks to queue
[2026-05-24T21:48:19.852+0000] {logging_mixin.py:188} INFO - [2026-05-24T21:48:19.852+0000] {dagbag.py:538} INFO - Filling up the DagBag from /opt/airflow/dags/dag_sunafil_orquestador.py
[2026-05-24T21:48:19.872+0000] {processor.py:840} INFO - DAG(s) 'orquestador_sunafil_bronze' retrieved from /opt/airflow/dags/dag_sunafil_orquestador.py
[2026-05-24T21:48:19.914+0000] {logging_mixin.py:188} INFO - [2026-05-24T21:48:19.914+0000] {dag.py:3036} INFO - Sync 1 DAGs
[2026-05-24T21:48:19.934+0000] {logging_mixin.py:188} INFO - [2026-05-24T21:48:19.934+0000] {dag.py:3823} INFO - Setting next_dagrun for orquestador_sunafil_bronze to None, run_after=None
[2026-05-24T21:48:19.965+0000] {processor.py:183} INFO - Processing /opt/airflow/dags/dag_sunafil_orquestador.py took 0.120 seconds
[2026-05-24T21:48:50.411+0000] {processor.py:161} INFO - Started process (PID=472) to work on /opt/airflow/dags/dag_sunafil_orquestador.py
[2026-05-24T21:48:50.413+0000] {processor.py:830} INFO - Processing file /opt/airflow/dags/dag_sunafil_orquestador.py for tasks to queue
[2026-05-24T21:48:50.414+0000] {logging_mixin.py:188} INFO - [2026-05-24T21:48:50.414+0000] {dagbag.py:538} INFO - Filling up the DagBag from /opt/airflow/dags/dag_sunafil_orquestador.py
[2026-05-24T21:48:50.440+0000] {processor.py:840} INFO - DAG(s) 'orquestador_sunafil_bronze' retrieved from /opt/airflow/dags/dag_sunafil_orquestador.py
[2026-05-24T21:48:50.481+0000] {logging_mixin.py:188} INFO - [2026-05-24T21:48:50.480+0000] {dag.py:3036} INFO - Sync 1 DAGs
[2026-05-24T21:48:50.501+0000] {logging_mixin.py:188} INFO - [2026-05-24T21:48:50.501+0000] {dag.py:3823} INFO - Setting next_dagrun for orquestador_sunafil_bronze to None, run_after=None
[2026-05-24T21:48:50.534+0000] {processor.py:183} INFO - Processing /opt/airflow/dags/dag_sunafil_orquestador.py took 0.128 seconds
[2026-05-24T21:49:21.140+0000] {processor.py:161} INFO - Started process (PID=477) to work on /opt/airflow/dags/dag_sunafil_orquestador.py
[2026-05-24T21:49:21.141+0000] {processor.py:830} INFO - Processing file /opt/airflow/dags/dag_sunafil_orquestador.py for tasks to queue
[2026-05-24T21:49:21.142+0000] {logging_mixin.py:188} INFO - [2026-05-24T21:49:21.142+0000] {dagbag.py:538} INFO - Filling up the DagBag from /opt/airflow/dags/dag_sunafil_orquestador.py
[2026-05-24T21:49:21.166+0000] {processor.py:840} INFO - DAG(s) 'orquestador_sunafil_bronze' retrieved from /opt/airflow/dags/dag_sunafil_orquestador.py
[2026-05-24T21:49:21.211+0000] {logging_mixin.py:188} INFO - [2026-05-24T21:49:21.210+0000] {dag.py:3036} INFO - Sync 1 DAGs
[2026-05-24T21:49:21.231+0000] {logging_mixin.py:188} INFO - [2026-05-24T21:49:21.231+0000] {dag.py:3823} INFO - Setting next_dagrun for orquestador_sunafil_bronze to None, run_after=None
[2026-05-24T21:49:21.262+0000] {processor.py:183} INFO - Processing /opt/airflow/dags/dag_sunafil_orquestador.py took 0.128 seconds
[2026-05-24T21:49:51.499+0000] {processor.py:161} INFO - Started process (PID=482) to work on /opt/airflow/dags/dag_sunafil_orquestador.py
[2026-05-24T21:49:51.501+0000] {processor.py:830} INFO - Processing file /opt/airflow/dags/dag_sunafil_orquestador.py for tasks to queue
[2026-05-24T21:49:51.502+0000] {logging_mixin.py:188} INFO - [2026-05-24T21:49:51.502+0000] {dagbag.py:538} INFO - Filling up the DagBag from /opt/airflow/dags/dag_sunafil_orquestador.py
[2026-05-24T21:49:51.536+0000] {processor.py:840} INFO - DAG(s) 'orquestador_sunafil_bronze' retrieved from /opt/airflow/dags/dag_sunafil_orquestador.py
[2026-05-24T21:49:51.588+0000] {logging_mixin.py:188} INFO - [2026-05-24T21:49:51.588+0000] {dag.py:3036} INFO - Sync 1 DAGs
[2026-05-24T21:49:51.610+0000] {logging_mixin.py:188} INFO - [2026-05-24T21:49:51.610+0000] {dag.py:3823} INFO - Setting next_dagrun for orquestador_sunafil_bronze to None, run_after=None
[2026-05-24T21:49:51.638+0000] {processor.py:183} INFO - Processing /opt/airflow/dags/dag_sunafil_orquestador.py took 0.145 seconds
[2026-05-24T21:50:21.984+0000] {processor.py:161} INFO - Started process (PID=487) to work on /opt/airflow/dags/dag_sunafil_orquestador.py
[2026-05-24T21:50:21.985+0000] {processor.py:830} INFO - Processing file /opt/airflow/dags/dag_sunafil_orquestador.py for tasks to queue
[2026-05-24T21:50:21.986+0000] {logging_mixin.py:188} INFO - [2026-05-24T21:50:21.986+0000] {dagbag.py:538} INFO - Filling up the DagBag from /opt/airflow/dags/dag_sunafil_orquestador.py
[2026-05-24T21:50:22.006+0000] {processor.py:840} INFO - DAG(s) 'orquestador_sunafil_bronze' retrieved from /opt/airflow/dags/dag_sunafil_orquestador.py
[2026-05-24T21:50:22.049+0000] {logging_mixin.py:188} INFO - [2026-05-24T21:50:22.049+0000] {dag.py:3036} INFO - Sync 1 DAGs
[2026-05-24T21:50:22.069+0000] {logging_mixin.py:188} INFO - [2026-05-24T21:50:22.068+0000] {dag.py:3823} INFO - Setting next_dagrun for orquestador_sunafil_bronze to None, run_after=None
[2026-05-24T21:50:22.099+0000] {processor.py:183} INFO - Processing /opt/airflow/dags/dag_sunafil_orquestador.py took 0.120 seconds
[2026-05-24T21:50:52.365+0000] {processor.py:161} INFO - Started process (PID=492) to work on /opt/airflow/dags/dag_sunafil_orquestador.py
[2026-05-24T21:50:52.366+0000] {processor.py:830} INFO - Processing file /opt/airflow/dags/dag_sunafil_orquestador.py for tasks to queue
[2026-05-24T21:50:52.368+0000] {logging_mixin.py:188} INFO - [2026-05-24T21:50:52.367+0000] {dagbag.py:538} INFO - Filling up the DagBag from /opt/airflow/dags/dag_sunafil_orquestador.py
[2026-05-24T21:50:52.389+0000] {processor.py:840} INFO - DAG(s) 'orquestador_sunafil_bronze' retrieved from /opt/airflow/dags/dag_sunafil_orquestador.py
[2026-05-24T21:50:52.426+0000] {logging_mixin.py:188} INFO - [2026-05-24T21:50:52.426+0000] {dag.py:3036} INFO - Sync 1 DAGs
[2026-05-24T21:50:52.443+0000] {logging_mixin.py:188} INFO - [2026-05-24T21:50:52.443+0000] {dag.py:3823} INFO - Setting next_dagrun for orquestador_sunafil_bronze to None, run_after=None
[2026-05-24T21:50:52.473+0000] {processor.py:183} INFO - Processing /opt/airflow/dags/dag_sunafil_orquestador.py took 0.113 seconds
[2026-05-24T21:51:23.043+0000] {processor.py:161} INFO - Started process (PID=497) to work on /opt/airflow/dags/dag_sunafil_orquestador.py
[2026-05-24T21:51:23.044+0000] {processor.py:830} INFO - Processing file /opt/airflow/dags/dag_sunafil_orquestador.py for tasks to queue
[2026-05-24T21:51:23.046+0000] {logging_mixin.py:188} INFO - [2026-05-24T21:51:23.045+0000] {dagbag.py:538} INFO - Filling up the DagBag from /opt/airflow/dags/dag_sunafil_orquestador.py
[2026-05-24T21:51:23.070+0000] {processor.py:840} INFO - DAG(s) 'orquestador_sunafil_bronze' retrieved from /opt/airflow/dags/dag_sunafil_orquestador.py
[2026-05-24T21:51:23.111+0000] {logging_mixin.py:188} INFO - [2026-05-24T21:51:23.111+0000] {dag.py:3036} INFO - Sync 1 DAGs
[2026-05-24T21:51:23.131+0000] {logging_mixin.py:188} INFO - [2026-05-24T21:51:23.131+0000] {dag.py:3823} INFO - Setting next_dagrun for orquestador_sunafil_bronze to None, run_after=None
[2026-05-24T21:51:23.162+0000] {processor.py:183} INFO - Processing /opt/airflow/dags/dag_sunafil_orquestador.py took 0.122 seconds
[2026-05-24T21:51:53.459+0000] {processor.py:161} INFO - Started process (PID=502) to work on /opt/airflow/dags/dag_sunafil_orquestador.py
[2026-05-24T21:51:53.460+0000] {processor.py:830} INFO - Processing file /opt/airflow/dags/dag_sunafil_orquestador.py for tasks to queue
[2026-05-24T21:51:53.462+0000] {logging_mixin.py:188} INFO - [2026-05-24T21:51:53.461+0000] {dagbag.py:538} INFO - Filling up the DagBag from /opt/airflow/dags/dag_sunafil_orquestador.py
[2026-05-24T21:51:53.481+0000] {processor.py:840} INFO - DAG(s) 'orquestador_sunafil_bronze' retrieved from /opt/airflow/dags/dag_sunafil_orquestador.py
[2026-05-24T21:51:53.520+0000] {logging_mixin.py:188} INFO - [2026-05-24T21:51:53.520+0000] {dag.py:3036} INFO - Sync 1 DAGs
[2026-05-24T21:51:53.541+0000] {logging_mixin.py:188} INFO - [2026-05-24T21:51:53.541+0000] {dag.py:3823} INFO - Setting next_dagrun for orquestador_sunafil_bronze to None, run_after=None
[2026-05-24T21:51:53.570+0000] {processor.py:183} INFO - Processing /opt/airflow/dags/dag_sunafil_orquestador.py took 0.116 seconds
[2026-05-24T21:52:23.844+0000] {processor.py:161} INFO - Started process (PID=507) to work on /opt/airflow/dags/dag_sunafil_orquestador.py
[2026-05-24T21:52:23.845+0000] {processor.py:830} INFO - Processing file /opt/airflow/dags/dag_sunafil_orquestador.py for tasks to queue
[2026-05-24T21:52:23.847+0000] {logging_mixin.py:188} INFO - [2026-05-24T21:52:23.846+0000] {dagbag.py:538} INFO - Filling up the DagBag from /opt/airflow/dags/dag_sunafil_orquestador.py
[2026-05-24T21:52:23.873+0000] {processor.py:840} INFO - DAG(s) 'orquestador_sunafil_bronze' retrieved from /opt/airflow/dags/dag_sunafil_orquestador.py
[2026-05-24T21:52:23.917+0000] {logging_mixin.py:188} INFO - [2026-05-24T21:52:23.917+0000] {dag.py:3036} INFO - Sync 1 DAGs
[2026-05-24T21:52:23.938+0000] {logging_mixin.py:188} INFO - [2026-05-24T21:52:23.938+0000] {dag.py:3823} INFO - Setting next_dagrun for orquestador_sunafil_bronze to None, run_after=None
[2026-05-24T21:52:23.979+0000] {processor.py:183} INFO - Processing /opt/airflow/dags/dag_sunafil_orquestador.py took 0.139 seconds
[2026-05-24T21:52:54.206+0000] {processor.py:161} INFO - Started process (PID=512) to work on /opt/airflow/dags/dag_sunafil_orquestador.py
[2026-05-24T21:52:54.209+0000] {processor.py:830} INFO - Processing file /opt/airflow/dags/dag_sunafil_orquestador.py for tasks to queue
[2026-05-24T21:52:54.210+0000] {logging_mixin.py:188} INFO - [2026-05-24T21:52:54.210+0000] {dagbag.py:538} INFO - Filling up the DagBag from /opt/airflow/dags/dag_sunafil_orquestador.py
[2026-05-24T21:52:54.241+0000] {processor.py:840} INFO - DAG(s) 'orquestador_sunafil_bronze' retrieved from /opt/airflow/dags/dag_sunafil_orquestador.py
[2026-05-24T21:52:54.291+0000] {logging_mixin.py:188} INFO - [2026-05-24T21:52:54.291+0000] {dag.py:3036} INFO - Sync 1 DAGs
[2026-05-24T21:52:54.314+0000] {logging_mixin.py:188} INFO - [2026-05-24T21:52:54.314+0000] {dag.py:3823} INFO - Setting next_dagrun for orquestador_sunafil_bronze to None, run_after=None
[2026-05-24T21:52:54.348+0000] {processor.py:183} INFO - Processing /opt/airflow/dags/dag_sunafil_orquestador.py took 0.148 seconds
[2026-05-24T21:53:24.786+0000] {processor.py:161} INFO - Started process (PID=517) to work on /opt/airflow/dags/dag_sunafil_orquestador.py
[2026-05-24T21:53:24.788+0000] {processor.py:830} INFO - Processing file /opt/airflow/dags/dag_sunafil_orquestador.py for tasks to queue
[2026-05-24T21:53:24.789+0000] {logging_mixin.py:188} INFO - [2026-05-24T21:53:24.788+0000] {dagbag.py:538} INFO - Filling up the DagBag from /opt/airflow/dags/dag_sunafil_orquestador.py
[2026-05-24T21:53:24.810+0000] {processor.py:840} INFO - DAG(s) 'orquestador_sunafil_bronze' retrieved from /opt/airflow/dags/dag_sunafil_orquestador.py
[2026-05-24T21:53:24.851+0000] {logging_mixin.py:188} INFO - [2026-05-24T21:53:24.851+0000] {dag.py:3036} INFO - Sync 1 DAGs
[2026-05-24T21:53:24.871+0000] {logging_mixin.py:188} INFO - [2026-05-24T21:53:24.870+0000] {dag.py:3823} INFO - Setting next_dagrun for orquestador_sunafil_bronze to None, run_after=None
[2026-05-24T21:53:24.902+0000] {processor.py:183} INFO - Processing /opt/airflow/dags/dag_sunafil_orquestador.py took 0.120 seconds
[2026-05-24T21:53:55.314+0000] {processor.py:161} INFO - Started process (PID=522) to work on /opt/airflow/dags/dag_sunafil_orquestador.py
[2026-05-24T21:53:55.315+0000] {processor.py:830} INFO - Processing file /opt/airflow/dags/dag_sunafil_orquestador.py for tasks to queue
[2026-05-24T21:53:55.316+0000] {logging_mixin.py:188} INFO - [2026-05-24T21:53:55.316+0000] {dagbag.py:538} INFO - Filling up the DagBag from /opt/airflow/dags/dag_sunafil_orquestador.py
[2026-05-24T21:53:55.339+0000] {processor.py:840} INFO - DAG(s) 'orquestador_sunafil_bronze' retrieved from /opt/airflow/dags/dag_sunafil_orquestador.py
[2026-05-24T21:53:55.559+0000] {logging_mixin.py:188} INFO - [2026-05-24T21:53:55.559+0000] {dag.py:3036} INFO - Sync 1 DAGs
[2026-05-24T21:53:55.578+0000] {logging_mixin.py:188} INFO - [2026-05-24T21:53:55.578+0000] {dag.py:3823} INFO - Setting next_dagrun for orquestador_sunafil_bronze to None, run_after=None
[2026-05-24T21:53:55.607+0000] {processor.py:183} INFO - Processing /opt/airflow/dags/dag_sunafil_orquestador.py took 0.296 seconds
[2026-05-24T22:07:00.733+0000] {processor.py:161} INFO - Started process (PID=527) to work on /opt/airflow/dags/dag_sunafil_orquestador.py
[2026-05-24T22:07:00.734+0000] {processor.py:830} INFO - Processing file /opt/airflow/dags/dag_sunafil_orquestador.py for tasks to queue
[2026-05-24T22:07:00.735+0000] {logging_mixin.py:188} INFO - [2026-05-24T22:07:00.735+0000] {dagbag.py:538} INFO - Filling up the DagBag from /opt/airflow/dags/dag_sunafil_orquestador.py
[2026-05-24T22:07:00.754+0000] {processor.py:840} INFO - DAG(s) 'orquestador_sunafil_bronze' retrieved from /opt/airflow/dags/dag_sunafil_orquestador.py
[2026-05-24T22:07:04.159+0000] {logging_mixin.py:188} INFO - [2026-05-24T22:07:04.159+0000] {dag.py:3036} INFO - Sync 1 DAGs
[2026-05-24T22:07:04.175+0000] {logging_mixin.py:188} INFO - [2026-05-24T22:07:04.175+0000] {dag.py:3823} INFO - Setting next_dagrun for orquestador_sunafil_bronze to None, run_after=None
[2026-05-24T22:07:05.046+0000] {processor.py:183} INFO - Processing /opt/airflow/dags/dag_sunafil_orquestador.py took 4.317 seconds
[2026-05-24T22:07:38.746+0000] {processor.py:161} INFO - Started process (PID=532) to work on /opt/airflow/dags/dag_sunafil_orquestador.py
[2026-05-24T22:07:38.747+0000] {processor.py:830} INFO - Processing file /opt/airflow/dags/dag_sunafil_orquestador.py for tasks to queue
[2026-05-24T22:07:38.748+0000] {logging_mixin.py:188} INFO - [2026-05-24T22:07:38.748+0000] {dagbag.py:538} INFO - Filling up the DagBag from /opt/airflow/dags/dag_sunafil_orquestador.py
[2026-05-24T22:07:38.767+0000] {processor.py:840} INFO - DAG(s) 'orquestador_sunafil_bronze' retrieved from /opt/airflow/dags/dag_sunafil_orquestador.py
[2026-05-24T22:07:38.805+0000] {logging_mixin.py:188} INFO - [2026-05-24T22:07:38.805+0000] {dag.py:3036} INFO - Sync 1 DAGs
[2026-05-24T22:07:38.902+0000] {logging_mixin.py:188} INFO - [2026-05-24T22:07:38.902+0000] {dag.py:3823} INFO - Setting next_dagrun for orquestador_sunafil_bronze to None, run_after=None
[2026-05-24T22:07:38.931+0000] {processor.py:183} INFO - Processing /opt/airflow/dags/dag_sunafil_orquestador.py took 0.188 seconds
[2026-05-24T22:08:09.401+0000] {processor.py:161} INFO - Started process (PID=538) to work on /opt/airflow/dags/dag_sunafil_orquestador.py
[2026-05-24T22:08:09.403+0000] {processor.py:830} INFO - Processing file /opt/airflow/dags/dag_sunafil_orquestador.py for tasks to queue
[2026-05-24T22:08:09.404+0000] {logging_mixin.py:188} INFO - [2026-05-24T22:08:09.404+0000] {dagbag.py:538} INFO - Filling up the DagBag from /opt/airflow/dags/dag_sunafil_orquestador.py
[2026-05-24T22:08:09.497+0000] {processor.py:840} INFO - DAG(s) 'orquestador_sunafil_bronze' retrieved from /opt/airflow/dags/dag_sunafil_orquestador.py
[2026-05-24T22:08:09.546+0000] {logging_mixin.py:188} INFO - [2026-05-24T22:08:09.546+0000] {dag.py:3036} INFO - Sync 1 DAGs
[2026-05-24T22:08:09.570+0000] {logging_mixin.py:188} INFO - [2026-05-24T22:08:09.570+0000] {dag.py:3823} INFO - Setting next_dagrun for orquestador_sunafil_bronze to None, run_after=None
[2026-05-24T22:08:09.866+0000] {processor.py:183} INFO - Processing /opt/airflow/dags/dag_sunafil_orquestador.py took 0.469 seconds
[2026-05-24T22:08:40.346+0000] {processor.py:161} INFO - Started process (PID=543) to work on /opt/airflow/dags/dag_sunafil_orquestador.py
[2026-05-24T22:08:40.348+0000] {processor.py:830} INFO - Processing file /opt/airflow/dags/dag_sunafil_orquestador.py for tasks to queue
[2026-05-24T22:08:40.350+0000] {logging_mixin.py:188} INFO - [2026-05-24T22:08:40.349+0000] {dagbag.py:538} INFO - Filling up the DagBag from /opt/airflow/dags/dag_sunafil_orquestador.py
[2026-05-24T22:08:40.378+0000] {processor.py:840} INFO - DAG(s) 'orquestador_sunafil_bronze' retrieved from /opt/airflow/dags/dag_sunafil_orquestador.py
[2026-05-24T22:08:40.428+0000] {logging_mixin.py:188} INFO - [2026-05-24T22:08:40.428+0000] {dag.py:3036} INFO - Sync 1 DAGs
[2026-05-24T22:08:40.450+0000] {logging_mixin.py:188} INFO - [2026-05-24T22:08:40.450+0000] {dag.py:3823} INFO - Setting next_dagrun for orquestador_sunafil_bronze to None, run_after=None
[2026-05-24T22:08:40.482+0000] {processor.py:183} INFO - Processing /opt/airflow/dags/dag_sunafil_orquestador.py took 0.141 seconds
[2026-05-24T22:09:10.627+0000] {processor.py:161} INFO - Started process (PID=548) to work on /opt/airflow/dags/dag_sunafil_orquestador.py
[2026-05-24T22:09:10.629+0000] {processor.py:830} INFO - Processing file /opt/airflow/dags/dag_sunafil_orquestador.py for tasks to queue
[2026-05-24T22:09:10.630+0000] {logging_mixin.py:188} INFO - [2026-05-24T22:09:10.630+0000] {dagbag.py:538} INFO - Filling up the DagBag from /opt/airflow/dags/dag_sunafil_orquestador.py
[2026-05-24T22:09:10.656+0000] {processor.py:840} INFO - DAG(s) 'orquestador_sunafil_bronze' retrieved from /opt/airflow/dags/dag_sunafil_orquestador.py
[2026-05-24T22:09:10.705+0000] {logging_mixin.py:188} INFO - [2026-05-24T22:09:10.704+0000] {dag.py:3036} INFO - Sync 1 DAGs
[2026-05-24T22:09:10.726+0000] {logging_mixin.py:188} INFO - [2026-05-24T22:09:10.726+0000] {dag.py:3823} INFO - Setting next_dagrun for orquestador_sunafil_bronze to None, run_after=None
[2026-05-24T22:09:10.759+0000] {processor.py:183} INFO - Processing /opt/airflow/dags/dag_sunafil_orquestador.py took 0.137 seconds
[2026-05-24T22:09:41.078+0000] {processor.py:161} INFO - Started process (PID=553) to work on /opt/airflow/dags/dag_sunafil_orquestador.py
[2026-05-24T22:09:41.080+0000] {processor.py:830} INFO - Processing file /opt/airflow/dags/dag_sunafil_orquestador.py for tasks to queue
[2026-05-24T22:09:41.082+0000] {logging_mixin.py:188} INFO - [2026-05-24T22:09:41.081+0000] {dagbag.py:538} INFO - Filling up the DagBag from /opt/airflow/dags/dag_sunafil_orquestador.py
[2026-05-24T22:09:41.106+0000] {processor.py:840} INFO - DAG(s) 'orquestador_sunafil_bronze' retrieved from /opt/airflow/dags/dag_sunafil_orquestador.py
[2026-05-24T22:09:41.151+0000] {logging_mixin.py:188} INFO - [2026-05-24T22:09:41.151+0000] {dag.py:3036} INFO - Sync 1 DAGs
[2026-05-24T22:09:41.171+0000] {logging_mixin.py:188} INFO - [2026-05-24T22:09:41.171+0000] {dag.py:3823} INFO - Setting next_dagrun for orquestador_sunafil_bronze to None, run_after=None
[2026-05-24T22:09:41.202+0000] {processor.py:183} INFO - Processing /opt/airflow/dags/dag_sunafil_orquestador.py took 0.129 seconds
[2026-05-24T22:10:11.257+0000] {processor.py:161} INFO - Started process (PID=558) to work on /opt/airflow/dags/dag_sunafil_orquestador.py
[2026-05-24T22:10:11.258+0000] {processor.py:830} INFO - Processing file /opt/airflow/dags/dag_sunafil_orquestador.py for tasks to queue
[2026-05-24T22:10:11.259+0000] {logging_mixin.py:188} INFO - [2026-05-24T22:10:11.259+0000] {dagbag.py:538} INFO - Filling up the DagBag from /opt/airflow/dags/dag_sunafil_orquestador.py
[2026-05-24T22:10:11.281+0000] {processor.py:840} INFO - DAG(s) 'orquestador_sunafil_bronze' retrieved from /opt/airflow/dags/dag_sunafil_orquestador.py
[2026-05-24T22:10:11.322+0000] {logging_mixin.py:188} INFO - [2026-05-24T22:10:11.322+0000] {dag.py:3036} INFO - Sync 1 DAGs
[2026-05-24T22:10:11.341+0000] {logging_mixin.py:188} INFO - [2026-05-24T22:10:11.341+0000] {dag.py:3823} INFO - Setting next_dagrun for orquestador_sunafil_bronze to None, run_after=None
[2026-05-24T22:10:11.373+0000] {processor.py:183} INFO - Processing /opt/airflow/dags/dag_sunafil_orquestador.py took 0.121 seconds
[2026-05-24T22:10:41.653+0000] {processor.py:161} INFO - Started process (PID=563) to work on /opt/airflow/dags/dag_sunafil_orquestador.py
[2026-05-24T22:10:41.654+0000] {processor.py:830} INFO - Processing file /opt/airflow/dags/dag_sunafil_orquestador.py for tasks to queue
[2026-05-24T22:10:41.655+0000] {logging_mixin.py:188} INFO - [2026-05-24T22:10:41.655+0000] {dagbag.py:538} INFO - Filling up the DagBag from /opt/airflow/dags/dag_sunafil_orquestador.py
[2026-05-24T22:10:41.676+0000] {processor.py:840} INFO - DAG(s) 'orquestador_sunafil_bronze' retrieved from /opt/airflow/dags/dag_sunafil_orquestador.py
[2026-05-24T22:10:41.715+0000] {logging_mixin.py:188} INFO - [2026-05-24T22:10:41.715+0000] {dag.py:3036} INFO - Sync 1 DAGs
[2026-05-24T22:10:41.734+0000] {logging_mixin.py:188} INFO - [2026-05-24T22:10:41.733+0000] {dag.py:3823} INFO - Setting next_dagrun for orquestador_sunafil_bronze to None, run_after=None
[2026-05-24T22:10:42.119+0000] {processor.py:183} INFO - Processing /opt/airflow/dags/dag_sunafil_orquestador.py took 0.469 seconds
[2026-05-24T22:11:12.857+0000] {processor.py:161} INFO - Started process (PID=568) to work on /opt/airflow/dags/dag_sunafil_orquestador.py
[2026-05-24T22:11:12.859+0000] {processor.py:830} INFO - Processing file /opt/airflow/dags/dag_sunafil_orquestador.py for tasks to queue
[2026-05-24T22:11:12.860+0000] {logging_mixin.py:188} INFO - [2026-05-24T22:11:12.860+0000] {dagbag.py:538} INFO - Filling up the DagBag from /opt/airflow/dags/dag_sunafil_orquestador.py
[2026-05-24T22:11:12.885+0000] {processor.py:840} INFO - DAG(s) 'orquestador_sunafil_bronze' retrieved from /opt/airflow/dags/dag_sunafil_orquestador.py
[2026-05-24T22:11:12.999+0000] {logging_mixin.py:188} INFO - [2026-05-24T22:11:12.998+0000] {dag.py:3036} INFO - Sync 1 DAGs
[2026-05-24T22:11:13.018+0000] {logging_mixin.py:188} INFO - [2026-05-24T22:11:13.018+0000] {dag.py:3823} INFO - Setting next_dagrun for orquestador_sunafil_bronze to None, run_after=None
[2026-05-24T22:11:13.184+0000] {processor.py:183} INFO - Processing /opt/airflow/dags/dag_sunafil_orquestador.py took 0.336 seconds
[2026-05-24T22:11:43.463+0000] {processor.py:161} INFO - Started process (PID=573) to work on /opt/airflow/dags/dag_sunafil_orquestador.py
[2026-05-24T22:11:43.466+0000] {processor.py:830} INFO - Processing file /opt/airflow/dags/dag_sunafil_orquestador.py for tasks to queue
[2026-05-24T22:11:43.467+0000] {logging_mixin.py:188} INFO - [2026-05-24T22:11:43.467+0000] {dagbag.py:538} INFO - Filling up the DagBag from /opt/airflow/dags/dag_sunafil_orquestador.py
[2026-05-24T22:11:43.491+0000] {processor.py:840} INFO - DAG(s) 'orquestador_sunafil_bronze' retrieved from /opt/airflow/dags/dag_sunafil_orquestador.py
[2026-05-24T22:11:43.540+0000] {logging_mixin.py:188} INFO - [2026-05-24T22:11:43.540+0000] {dag.py:3036} INFO - Sync 1 DAGs
[2026-05-24T22:11:43.565+0000] {logging_mixin.py:188} INFO - [2026-05-24T22:11:43.564+0000] {dag.py:3823} INFO - Setting next_dagrun for orquestador_sunafil_bronze to None, run_after=None
[2026-05-24T22:11:43.597+0000] {processor.py:183} INFO - Processing /opt/airflow/dags/dag_sunafil_orquestador.py took 0.138 seconds
[2026-05-24T22:12:13.867+0000] {processor.py:161} INFO - Started process (PID=578) to work on /opt/airflow/dags/dag_sunafil_orquestador.py
[2026-05-24T22:12:13.868+0000] {processor.py:830} INFO - Processing file /opt/airflow/dags/dag_sunafil_orquestador.py for tasks to queue
[2026-05-24T22:12:13.869+0000] {logging_mixin.py:188} INFO - [2026-05-24T22:12:13.869+0000] {dagbag.py:538} INFO - Filling up the DagBag from /opt/airflow/dags/dag_sunafil_orquestador.py
[2026-05-24T22:12:13.889+0000] {processor.py:840} INFO - DAG(s) 'orquestador_sunafil_bronze' retrieved from /opt/airflow/dags/dag_sunafil_orquestador.py
[2026-05-24T22:12:13.928+0000] {logging_mixin.py:188} INFO - [2026-05-24T22:12:13.928+0000] {dag.py:3036} INFO - Sync 1 DAGs
[2026-05-24T22:12:13.946+0000] {logging_mixin.py:188} INFO - [2026-05-24T22:12:13.946+0000] {dag.py:3823} INFO - Setting next_dagrun for orquestador_sunafil_bronze to None, run_after=None
[2026-05-24T22:12:13.977+0000] {processor.py:183} INFO - Processing /opt/airflow/dags/dag_sunafil_orquestador.py took 0.115 seconds
[2026-05-24T22:12:44.233+0000] {processor.py:161} INFO - Started process (PID=583) to work on /opt/airflow/dags/dag_sunafil_orquestador.py
[2026-05-24T22:12:44.234+0000] {processor.py:830} INFO - Processing file /opt/airflow/dags/dag_sunafil_orquestador.py for tasks to queue
[2026-05-24T22:12:44.235+0000] {logging_mixin.py:188} INFO - [2026-05-24T22:12:44.235+0000] {dagbag.py:538} INFO - Filling up the DagBag from /opt/airflow/dags/dag_sunafil_orquestador.py
[2026-05-24T22:12:44.264+0000] {processor.py:840} INFO - DAG(s) 'orquestador_sunafil_bronze' retrieved from /opt/airflow/dags/dag_sunafil_orquestador.py
[2026-05-24T22:12:44.309+0000] {logging_mixin.py:188} INFO - [2026-05-24T22:12:44.309+0000] {dag.py:3036} INFO - Sync 1 DAGs
[2026-05-24T22:12:44.328+0000] {logging_mixin.py:188} INFO - [2026-05-24T22:12:44.328+0000] {dag.py:3823} INFO - Setting next_dagrun for orquestador_sunafil_bronze to None, run_after=None
[2026-05-24T22:12:44.365+0000] {processor.py:183} INFO - Processing /opt/airflow/dags/dag_sunafil_orquestador.py took 0.138 seconds
[2026-05-24T22:13:14.646+0000] {processor.py:161} INFO - Started process (PID=588) to work on /opt/airflow/dags/dag_sunafil_orquestador.py
[2026-05-24T22:13:14.647+0000] {processor.py:830} INFO - Processing file /opt/airflow/dags/dag_sunafil_orquestador.py for tasks to queue
[2026-05-24T22:13:14.648+0000] {logging_mixin.py:188} INFO - [2026-05-24T22:13:14.648+0000] {dagbag.py:538} INFO - Filling up the DagBag from /opt/airflow/dags/dag_sunafil_orquestador.py
[2026-05-24T22:13:14.715+0000] {processor.py:840} INFO - DAG(s) 'orquestador_sunafil_bronze' retrieved from /opt/airflow/dags/dag_sunafil_orquestador.py
[2026-05-24T22:13:14.760+0000] {logging_mixin.py:188} INFO - [2026-05-24T22:13:14.760+0000] {dag.py:3036} INFO - Sync 1 DAGs
[2026-05-24T22:13:14.781+0000] {logging_mixin.py:188} INFO - [2026-05-24T22:13:14.781+0000] {dag.py:3823} INFO - Setting next_dagrun for orquestador_sunafil_bronze to None, run_after=None
[2026-05-24T22:13:14.815+0000] {processor.py:183} INFO - Processing /opt/airflow/dags/dag_sunafil_orquestador.py took 0.173 seconds
[2026-05-24T22:13:44.932+0000] {processor.py:161} INFO - Started process (PID=593) to work on /opt/airflow/dags/dag_sunafil_orquestador.py
[2026-05-24T22:13:44.934+0000] {processor.py:830} INFO - Processing file /opt/airflow/dags/dag_sunafil_orquestador.py for tasks to queue
[2026-05-24T22:13:44.936+0000] {logging_mixin.py:188} INFO - [2026-05-24T22:13:44.935+0000] {dagbag.py:538} INFO - Filling up the DagBag from /opt/airflow/dags/dag_sunafil_orquestador.py
[2026-05-24T22:13:44.960+0000] {processor.py:840} INFO - DAG(s) 'orquestador_sunafil_bronze' retrieved from /opt/airflow/dags/dag_sunafil_orquestador.py
[2026-05-24T22:13:45.006+0000] {logging_mixin.py:188} INFO - [2026-05-24T22:13:45.006+0000] {dag.py:3036} INFO - Sync 1 DAGs
[2026-05-24T22:13:45.028+0000] {logging_mixin.py:188} INFO - [2026-05-24T22:13:45.028+0000] {dag.py:3823} INFO - Setting next_dagrun for orquestador_sunafil_bronze to None, run_after=None
[2026-05-24T22:13:45.061+0000] {processor.py:183} INFO - Processing /opt/airflow/dags/dag_sunafil_orquestador.py took 0.134 seconds
[2026-05-24T22:14:15.222+0000] {processor.py:161} INFO - Started process (PID=598) to work on /opt/airflow/dags/dag_sunafil_orquestador.py
[2026-05-24T22:14:15.223+0000] {processor.py:830} INFO - Processing file /opt/airflow/dags/dag_sunafil_orquestador.py for tasks to queue
[2026-05-24T22:14:15.225+0000] {logging_mixin.py:188} INFO - [2026-05-24T22:14:15.225+0000] {dagbag.py:538} INFO - Filling up the DagBag from /opt/airflow/dags/dag_sunafil_orquestador.py
[2026-05-24T22:14:15.247+0000] {processor.py:840} INFO - DAG(s) 'orquestador_sunafil_bronze' retrieved from /opt/airflow/dags/dag_sunafil_orquestador.py
[2026-05-24T22:14:15.291+0000] {logging_mixin.py:188} INFO - [2026-05-24T22:14:15.291+0000] {dag.py:3036} INFO - Sync 1 DAGs
[2026-05-24T22:14:15.312+0000] {logging_mixin.py:188} INFO - [2026-05-24T22:14:15.312+0000] {dag.py:3823} INFO - Setting next_dagrun for orquestador_sunafil_bronze to None, run_after=None
[2026-05-24T22:14:15.343+0000] {processor.py:183} INFO - Processing /opt/airflow/dags/dag_sunafil_orquestador.py took 0.125 seconds
[2026-05-24T22:14:45.573+0000] {processor.py:161} INFO - Started process (PID=603) to work on /opt/airflow/dags/dag_sunafil_orquestador.py
[2026-05-24T22:14:45.575+0000] {processor.py:830} INFO - Processing file /opt/airflow/dags/dag_sunafil_orquestador.py for tasks to queue
[2026-05-24T22:14:45.577+0000] {logging_mixin.py:188} INFO - [2026-05-24T22:14:45.576+0000] {dagbag.py:538} INFO - Filling up the DagBag from /opt/airflow/dags/dag_sunafil_orquestador.py
[2026-05-24T22:14:45.600+0000] {processor.py:840} INFO - DAG(s) 'orquestador_sunafil_bronze' retrieved from /opt/airflow/dags/dag_sunafil_orquestador.py
[2026-05-24T22:14:45.648+0000] {logging_mixin.py:188} INFO - [2026-05-24T22:14:45.648+0000] {dag.py:3036} INFO - Sync 1 DAGs
[2026-05-24T22:14:45.674+0000] {logging_mixin.py:188} INFO - [2026-05-24T22:14:45.673+0000] {dag.py:3823} INFO - Setting next_dagrun for orquestador_sunafil_bronze to None, run_after=None
[2026-05-24T22:14:45.706+0000] {processor.py:183} INFO - Processing /opt/airflow/dags/dag_sunafil_orquestador.py took 0.137 seconds
[2026-05-24T22:15:15.972+0000] {processor.py:161} INFO - Started process (PID=608) to work on /opt/airflow/dags/dag_sunafil_orquestador.py
[2026-05-24T22:15:15.974+0000] {processor.py:830} INFO - Processing file /opt/airflow/dags/dag_sunafil_orquestador.py for tasks to queue
[2026-05-24T22:15:15.975+0000] {logging_mixin.py:188} INFO - [2026-05-24T22:15:15.974+0000] {dagbag.py:538} INFO - Filling up the DagBag from /opt/airflow/dags/dag_sunafil_orquestador.py
[2026-05-24T22:15:16.012+0000] {processor.py:840} INFO - DAG(s) 'orquestador_sunafil_bronze' retrieved from /opt/airflow/dags/dag_sunafil_orquestador.py
[2026-05-24T22:15:16.053+0000] {logging_mixin.py:188} INFO - [2026-05-24T22:15:16.053+0000] {dag.py:3036} INFO - Sync 1 DAGs
[2026-05-24T22:15:16.074+0000] {logging_mixin.py:188} INFO - [2026-05-24T22:15:16.074+0000] {dag.py:3823} INFO - Setting next_dagrun for orquestador_sunafil_bronze to None, run_after=None
[2026-05-24T22:15:16.105+0000] {processor.py:183} INFO - Processing /opt/airflow/dags/dag_sunafil_orquestador.py took 0.136 seconds
[2026-05-24T22:15:46.415+0000] {processor.py:161} INFO - Started process (PID=613) to work on /opt/airflow/dags/dag_sunafil_orquestador.py
[2026-05-24T22:15:46.417+0000] {processor.py:830} INFO - Processing file /opt/airflow/dags/dag_sunafil_orquestador.py for tasks to queue
[2026-05-24T22:15:46.418+0000] {logging_mixin.py:188} INFO - [2026-05-24T22:15:46.418+0000] {dagbag.py:538} INFO - Filling up the DagBag from /opt/airflow/dags/dag_sunafil_orquestador.py
[2026-05-24T22:15:46.448+0000] {processor.py:840} INFO - DAG(s) 'orquestador_sunafil_bronze' retrieved from /opt/airflow/dags/dag_sunafil_orquestador.py
[2026-05-24T22:15:46.499+0000] {logging_mixin.py:188} INFO - [2026-05-24T22:15:46.499+0000] {dag.py:3036} INFO - Sync 1 DAGs
[2026-05-24T22:15:46.521+0000] {logging_mixin.py:188} INFO - [2026-05-24T22:15:46.521+0000] {dag.py:3823} INFO - Setting next_dagrun for orquestador_sunafil_bronze to None, run_after=None
[2026-05-24T22:15:46.555+0000] {processor.py:183} INFO - Processing /opt/airflow/dags/dag_sunafil_orquestador.py took 0.145 seconds
[2026-05-24T22:16:16.743+0000] {processor.py:161} INFO - Started process (PID=618) to work on /opt/airflow/dags/dag_sunafil_orquestador.py
[2026-05-24T22:16:16.745+0000] {processor.py:830} INFO - Processing file /opt/airflow/dags/dag_sunafil_orquestador.py for tasks to queue
[2026-05-24T22:16:16.746+0000] {logging_mixin.py:188} INFO - [2026-05-24T22:16:16.746+0000] {dagbag.py:538} INFO - Filling up the DagBag from /opt/airflow/dags/dag_sunafil_orquestador.py
[2026-05-24T22:16:16.771+0000] {processor.py:840} INFO - DAG(s) 'orquestador_sunafil_bronze' retrieved from /opt/airflow/dags/dag_sunafil_orquestador.py
[2026-05-24T22:16:16.816+0000] {logging_mixin.py:188} INFO - [2026-05-24T22:16:16.816+0000] {dag.py:3036} INFO - Sync 1 DAGs
[2026-05-24T22:16:16.837+0000] {logging_mixin.py:188} INFO - [2026-05-24T22:16:16.837+0000] {dag.py:3823} INFO - Setting next_dagrun for orquestador_sunafil_bronze to None, run_after=None
[2026-05-24T22:16:16.870+0000] {processor.py:183} INFO - Processing /opt/airflow/dags/dag_sunafil_orquestador.py took 0.131 seconds
[2026-05-24T22:16:47.174+0000] {processor.py:161} INFO - Started process (PID=623) to work on /opt/airflow/dags/dag_sunafil_orquestador.py
[2026-05-24T22:16:47.175+0000] {processor.py:830} INFO - Processing file /opt/airflow/dags/dag_sunafil_orquestador.py for tasks to queue
[2026-05-24T22:16:47.177+0000] {logging_mixin.py:188} INFO - [2026-05-24T22:16:47.176+0000] {dagbag.py:538} INFO - Filling up the DagBag from /opt/airflow/dags/dag_sunafil_orquestador.py
[2026-05-24T22:16:47.198+0000] {processor.py:840} INFO - DAG(s) 'orquestador_sunafil_bronze' retrieved from /opt/airflow/dags/dag_sunafil_orquestador.py
[2026-05-24T22:16:47.243+0000] {logging_mixin.py:188} INFO - [2026-05-24T22:16:47.243+0000] {dag.py:3036} INFO - Sync 1 DAGs
[2026-05-24T22:16:47.264+0000] {logging_mixin.py:188} INFO - [2026-05-24T22:16:47.264+0000] {dag.py:3823} INFO - Setting next_dagrun for orquestador_sunafil_bronze to None, run_after=None
[2026-05-24T22:16:47.295+0000] {processor.py:183} INFO - Processing /opt/airflow/dags/dag_sunafil_orquestador.py took 0.124 seconds
[2026-05-24T22:17:17.544+0000] {processor.py:161} INFO - Started process (PID=628) to work on /opt/airflow/dags/dag_sunafil_orquestador.py
[2026-05-24T22:17:17.545+0000] {processor.py:830} INFO - Processing file /opt/airflow/dags/dag_sunafil_orquestador.py for tasks to queue
[2026-05-24T22:17:17.546+0000] {logging_mixin.py:188} INFO - [2026-05-24T22:17:17.546+0000] {dagbag.py:538} INFO - Filling up the DagBag from /opt/airflow/dags/dag_sunafil_orquestador.py
[2026-05-24T22:17:17.573+0000] {processor.py:840} INFO - DAG(s) 'orquestador_sunafil_bronze' retrieved from /opt/airflow/dags/dag_sunafil_orquestador.py
[2026-05-24T22:17:17.616+0000] {logging_mixin.py:188} INFO - [2026-05-24T22:17:17.616+0000] {dag.py:3036} INFO - Sync 1 DAGs
[2026-05-24T22:17:17.638+0000] {logging_mixin.py:188} INFO - [2026-05-24T22:17:17.638+0000] {dag.py:3823} INFO - Setting next_dagrun for orquestador_sunafil_bronze to None, run_after=None
[2026-05-24T22:17:17.670+0000] {processor.py:183} INFO - Processing /opt/airflow/dags/dag_sunafil_orquestador.py took 0.130 seconds
