[2026-05-24T14:56:21.382+0000] {manager.py:469} INFO - Processing files using up to 2 processes at a time 
[2026-05-24T14:56:21.599+0000] {manager.py:470} INFO - Process each file at most once every 30 seconds
[2026-05-24T14:56:21.602+0000] {manager.py:471} INFO - Checking for new files in /opt/airflow/dags every 300 seconds
[2026-05-24T14:56:21.606+0000] {manager.py:738} INFO - Searching for files in /opt/airflow/dags
[2026-05-24T14:56:21.631+0000] {manager.py:741} INFO - There are 0 files in /opt/airflow/dags
[2026-05-24T15:01:21.208+0000] {manager.py:451} INFO - Exiting gracefully upon receiving signal 15
[2026-05-24T15:03:35.936+0000] {manager.py:469} INFO - Processing files using up to 2 processes at a time 
[2026-05-24T15:03:35.938+0000] {manager.py:470} INFO - Process each file at most once every 30 seconds
[2026-05-24T15:03:35.940+0000] {manager.py:471} INFO - Checking for new files in /opt/airflow/dags every 300 seconds
[2026-05-24T15:03:35.941+0000] {manager.py:738} INFO - Searching for files in /opt/airflow/dags
[2026-05-24T15:03:35.947+0000] {manager.py:741} INFO - There are 0 files in /opt/airflow/dags
[2026-05-24T15:08:36.619+0000] {manager.py:738} INFO - Searching for files in /opt/airflow/dags
[2026-05-24T15:08:36.691+0000] {manager.py:741} INFO - There are 0 files in /opt/airflow/dags
[2026-05-24T15:13:37.368+0000] {manager.py:738} INFO - Searching for files in /opt/airflow/dags
[2026-05-24T15:13:37.377+0000] {manager.py:741} INFO - There are 0 files in /opt/airflow/dags
[2026-05-24T15:18:37.923+0000] {manager.py:738} INFO - Searching for files in /opt/airflow/dags
[2026-05-24T15:18:37.960+0000] {manager.py:741} INFO - There are 0 files in /opt/airflow/dags
[2026-05-24T15:23:38.555+0000] {manager.py:738} INFO - Searching for files in /opt/airflow/dags
[2026-05-24T15:23:38.710+0000] {manager.py:741} INFO - There are 0 files in /opt/airflow/dags
[2026-05-24T15:28:39.219+0000] {manager.py:738} INFO - Searching for files in /opt/airflow/dags
[2026-05-24T15:28:39.242+0000] {manager.py:741} INFO - There are 0 files in /opt/airflow/dags
[2026-05-24T15:33:39.248+0000] {manager.py:738} INFO - Searching for files in /opt/airflow/dags
[2026-05-24T15:33:39.253+0000] {manager.py:741} INFO - There are 0 files in /opt/airflow/dags
[2026-05-24T15:38:40.047+0000] {manager.py:738} INFO - Searching for files in /opt/airflow/dags
[2026-05-24T15:38:40.173+0000] {manager.py:741} INFO - There are 0 files in /opt/airflow/dags
[2026-05-24T15:43:40.861+0000] {manager.py:738} INFO - Searching for files in /opt/airflow/dags
[2026-05-24T15:43:40.868+0000] {manager.py:741} INFO - There are 0 files in /opt/airflow/dags
[2026-05-24T15:48:40.921+0000] {manager.py:738} INFO - Searching for files in /opt/airflow/dags
[2026-05-24T15:48:40.931+0000] {manager.py:741} INFO - There are 0 files in /opt/airflow/dags
[2026-05-24T15:53:41.311+0000] {manager.py:738} INFO - Searching for files in /opt/airflow/dags
[2026-05-24T15:53:41.321+0000] {manager.py:741} INFO - There are 0 files in /opt/airflow/dags
[2026-05-24T15:58:41.907+0000] {manager.py:738} INFO - Searching for files in /opt/airflow/dags
[2026-05-24T15:58:41.910+0000] {manager.py:741} INFO - There are 0 files in /opt/airflow/dags
[2026-05-24T16:03:41.924+0000] {manager.py:738} INFO - Searching for files in /opt/airflow/dags
[2026-05-24T16:03:42.055+0000] {manager.py:741} INFO - There are 0 files in /opt/airflow/dags
[2026-05-24T16:08:42.831+0000] {manager.py:738} INFO - Searching for files in /opt/airflow/dags
[2026-05-24T16:08:42.888+0000] {manager.py:741} INFO - There are 0 files in /opt/airflow/dags
[2026-05-24T16:13:43.575+0000] {manager.py:738} INFO - Searching for files in /opt/airflow/dags
[2026-05-24T16:13:47.958+0000] {manager.py:741} INFO - There are 1 files in /opt/airflow/dags
[2026-05-24T16:14:40.655+0000] {manager.py:451} INFO - Exiting gracefully upon receiving signal 15
[2026-05-24T16:16:36.801+0000] {manager.py:469} INFO - Processing files using up to 2 processes at a time 
[2026-05-24T16:16:36.818+0000] {manager.py:470} INFO - Process each file at most once every 30 seconds
[2026-05-24T16:16:36.820+0000] {manager.py:471} INFO - Checking for new files in /opt/airflow/dags every 300 seconds
[2026-05-24T16:16:36.847+0000] {manager.py:738} INFO - Searching for files in /opt/airflow/dags
[2026-05-24T16:16:37.269+0000] {manager.py:741} INFO - There are 1 files in /opt/airflow/dags
[2026-05-24T16:16:43.061+0000] {manager.py:879} INFO - 
================================================================================
DAG File Processing Stats

File Path                                       PID  Runtime      # DAGs    # Errors  Last Runtime    Last Run
--------------------------------------------  -----  ---------  --------  ----------  --------------  ----------
/opt/airflow/dags/dag_sunafil_orquestador.py    208  0.67s             0           0
================================================================================
[2026-05-24T16:17:13.765+0000] {manager.py:879} INFO - 
================================================================================
DAG File Processing Stats

File Path                                       PID  Runtime      # DAGs    # Errors  Last Runtime    Last Run
--------------------------------------------  -----  ---------  --------  ----------  --------------  ----------
/opt/airflow/dags/dag_sunafil_orquestador.py    208  32.36s            0           0
================================================================================
[2026-05-24T16:17:31.457+0000] {manager.py:1201} ERROR - Processor for /opt/airflow/dags/dag_sunafil_orquestador.py with PID 208 started at 2026-05-24T16:16:41.401914+00:00 has timed out, killing it.
[2026-05-24T16:17:44.609+0000] {manager.py:879} INFO - 
================================================================================
DAG File Processing Stats

File Path                                     PID    Runtime      # DAGs    # Errors  Last Runtime    Last Run
--------------------------------------------  -----  ---------  --------  ----------  --------------  -------------------
/opt/airflow/dags/dag_sunafil_orquestador.py                           0           1  50.06s          2026-05-24T16:17:31
================================================================================
[2026-05-24T16:18:14.677+0000] {manager.py:879} INFO - 
================================================================================
DAG File Processing Stats

File Path                                     PID    Runtime      # DAGs    # Errors  Last Runtime    Last Run
--------------------------------------------  -----  ---------  --------  ----------  --------------  -------------------
/opt/airflow/dags/dag_sunafil_orquestador.py                           1           0  7.73s           2026-05-24T16:18:09
================================================================================
[2026-05-24T16:18:45.108+0000] {manager.py:879} INFO - 
================================================================================
DAG File Processing Stats

File Path                                     PID    Runtime      # DAGs    # Errors  Last Runtime    Last Run
--------------------------------------------  -----  ---------  --------  ----------  --------------  -------------------
/opt/airflow/dags/dag_sunafil_orquestador.py                           1           0  0.37s           2026-05-24T16:18:40
================================================================================
[2026-05-24T16:19:15.394+0000] {manager.py:879} INFO - 
================================================================================
DAG File Processing Stats

File Path                                     PID    Runtime      # DAGs    # Errors  Last Runtime    Last Run
--------------------------------------------  -----  ---------  --------  ----------  --------------  -------------------
/opt/airflow/dags/dag_sunafil_orquestador.py                           1           0  0.43s           2026-05-24T16:19:11
================================================================================
[2026-05-24T16:19:46.223+0000] {manager.py:879} INFO - 
================================================================================
DAG File Processing Stats

File Path                                     PID    Runtime      # DAGs    # Errors  Last Runtime    Last Run
--------------------------------------------  -----  ---------  --------  ----------  --------------  -------------------
/opt/airflow/dags/dag_sunafil_orquestador.py                           1           0  0.16s           2026-05-24T16:19:42
================================================================================
[2026-05-24T16:20:16.805+0000] {manager.py:879} INFO - 
================================================================================
DAG File Processing Stats

File Path                                     PID    Runtime      # DAGs    # Errors  Last Runtime    Last Run
--------------------------------------------  -----  ---------  --------  ----------  --------------  -------------------
/opt/airflow/dags/dag_sunafil_orquestador.py                           1           0  0.46s           2026-05-24T16:20:13
================================================================================
[2026-05-24T16:20:47.227+0000] {manager.py:879} INFO - 
================================================================================
DAG File Processing Stats

File Path                                     PID    Runtime      # DAGs    # Errors  Last Runtime    Last Run
--------------------------------------------  -----  ---------  --------  ----------  --------------  -------------------
/opt/airflow/dags/dag_sunafil_orquestador.py                           1           0  0.24s           2026-05-24T16:20:43
================================================================================
[2026-05-24T16:21:17.718+0000] {manager.py:879} INFO - 
================================================================================
DAG File Processing Stats

File Path                                     PID    Runtime      # DAGs    # Errors  Last Runtime    Last Run
--------------------------------------------  -----  ---------  --------  ----------  --------------  -------------------
/opt/airflow/dags/dag_sunafil_orquestador.py                           1           0  0.32s           2026-05-24T16:21:13
================================================================================
[2026-05-24T16:21:36.927+0000] {manager.py:738} INFO - Searching for files in /opt/airflow/dags
[2026-05-24T16:21:36.974+0000] {manager.py:741} INFO - There are 1 files in /opt/airflow/dags
[2026-05-24T16:21:48.376+0000] {manager.py:879} INFO - 
================================================================================
DAG File Processing Stats

File Path                                     PID    Runtime      # DAGs    # Errors  Last Runtime    Last Run
--------------------------------------------  -----  ---------  --------  ----------  --------------  -------------------
/opt/airflow/dags/dag_sunafil_orquestador.py                           1           0  0.30s           2026-05-24T16:21:44
================================================================================
[2026-05-24T16:22:18.806+0000] {manager.py:879} INFO - 
================================================================================
DAG File Processing Stats

File Path                                     PID    Runtime      # DAGs    # Errors  Last Runtime    Last Run
--------------------------------------------  -----  ---------  --------  ----------  --------------  -------------------
/opt/airflow/dags/dag_sunafil_orquestador.py                           1           0  0.18s           2026-05-24T16:22:14
================================================================================
[2026-05-24T16:22:49.409+0000] {manager.py:879} INFO - 
================================================================================
DAG File Processing Stats

File Path                                     PID    Runtime      # DAGs    # Errors  Last Runtime    Last Run
--------------------------------------------  -----  ---------  --------  ----------  --------------  -------------------
/opt/airflow/dags/dag_sunafil_orquestador.py                           1           0  0.20s           2026-05-24T16:22:45
================================================================================
[2026-05-24T16:23:19.875+0000] {manager.py:879} INFO - 
================================================================================
DAG File Processing Stats

File Path                                     PID    Runtime      # DAGs    # Errors  Last Runtime    Last Run
--------------------------------------------  -----  ---------  --------  ----------  --------------  -------------------
/opt/airflow/dags/dag_sunafil_orquestador.py                           1           0  0.19s           2026-05-24T16:23:15
================================================================================
[2026-05-24T16:23:50.450+0000] {manager.py:879} INFO - 
================================================================================
DAG File Processing Stats

File Path                                     PID    Runtime      # DAGs    # Errors  Last Runtime    Last Run
--------------------------------------------  -----  ---------  --------  ----------  --------------  -------------------
/opt/airflow/dags/dag_sunafil_orquestador.py                           1           0  0.26s           2026-05-24T16:23:46
================================================================================
[2026-05-24T16:24:20.992+0000] {manager.py:879} INFO - 
================================================================================
DAG File Processing Stats

File Path                                     PID    Runtime      # DAGs    # Errors  Last Runtime    Last Run
--------------------------------------------  -----  ---------  --------  ----------  --------------  -------------------
/opt/airflow/dags/dag_sunafil_orquestador.py                           1           0  0.24s           2026-05-24T16:24:17
================================================================================
[2026-05-24T16:24:51.491+0000] {manager.py:879} INFO - 
================================================================================
DAG File Processing Stats

File Path                                     PID    Runtime      # DAGs    # Errors  Last Runtime    Last Run
--------------------------------------------  -----  ---------  --------  ----------  --------------  -------------------
/opt/airflow/dags/dag_sunafil_orquestador.py                           1           0  0.16s           2026-05-24T16:24:47
================================================================================
[2026-05-24T16:25:22.013+0000] {manager.py:879} INFO - 
================================================================================
DAG File Processing Stats

File Path                                     PID    Runtime      # DAGs    # Errors  Last Runtime    Last Run
--------------------------------------------  -----  ---------  --------  ----------  --------------  -------------------
/opt/airflow/dags/dag_sunafil_orquestador.py                           1           0  0.31s           2026-05-24T16:25:18
================================================================================
[2026-05-24T16:25:52.694+0000] {manager.py:879} INFO - 
================================================================================
DAG File Processing Stats

File Path                                     PID    Runtime      # DAGs    # Errors  Last Runtime    Last Run
--------------------------------------------  -----  ---------  --------  ----------  --------------  -------------------
/opt/airflow/dags/dag_sunafil_orquestador.py                           1           0  0.37s           2026-05-24T16:25:48
================================================================================
[2026-05-24T16:26:23.098+0000] {manager.py:879} INFO - 
================================================================================
DAG File Processing Stats

File Path                                     PID    Runtime      # DAGs    # Errors  Last Runtime    Last Run
--------------------------------------------  -----  ---------  --------  ----------  --------------  -------------------
/opt/airflow/dags/dag_sunafil_orquestador.py                           1           0  0.38s           2026-05-24T16:26:19
================================================================================
[2026-05-24T16:26:37.268+0000] {manager.py:738} INFO - Searching for files in /opt/airflow/dags
[2026-05-24T16:26:37.337+0000] {manager.py:741} INFO - There are 1 files in /opt/airflow/dags
[2026-05-24T16:26:53.897+0000] {manager.py:879} INFO - 
================================================================================
DAG File Processing Stats

File Path                                     PID    Runtime      # DAGs    # Errors  Last Runtime    Last Run
--------------------------------------------  -----  ---------  --------  ----------  --------------  -------------------
/opt/airflow/dags/dag_sunafil_orquestador.py                           1           0  0.37s           2026-05-24T16:26:49
================================================================================
[2026-05-24T16:27:24.400+0000] {manager.py:879} INFO - 
================================================================================
DAG File Processing Stats

File Path                                     PID    Runtime      # DAGs    # Errors  Last Runtime    Last Run
--------------------------------------------  -----  ---------  --------  ----------  --------------  -------------------
/opt/airflow/dags/dag_sunafil_orquestador.py                           1           0  0.19s           2026-05-24T16:27:20
================================================================================
[2026-05-24T16:27:54.932+0000] {manager.py:879} INFO - 
================================================================================
DAG File Processing Stats

File Path                                     PID    Runtime      # DAGs    # Errors  Last Runtime    Last Run
--------------------------------------------  -----  ---------  --------  ----------  --------------  -------------------
/opt/airflow/dags/dag_sunafil_orquestador.py                           1           0  0.32s           2026-05-24T16:27:51
================================================================================
[2026-05-24T16:28:25.459+0000] {manager.py:879} INFO - 
================================================================================
DAG File Processing Stats

File Path                                     PID    Runtime      # DAGs    # Errors  Last Runtime    Last Run
--------------------------------------------  -----  ---------  --------  ----------  --------------  -------------------
/opt/airflow/dags/dag_sunafil_orquestador.py                           1           0  0.34s           2026-05-24T16:28:21
================================================================================
[2026-05-24T16:28:56.095+0000] {manager.py:879} INFO - 
================================================================================
DAG File Processing Stats

File Path                                     PID    Runtime      # DAGs    # Errors  Last Runtime    Last Run
--------------------------------------------  -----  ---------  --------  ----------  --------------  -------------------
/opt/airflow/dags/dag_sunafil_orquestador.py                           1           0  0.23s           2026-05-24T16:28:52
================================================================================
[2026-05-24T16:29:26.482+0000] {manager.py:879} INFO - 
================================================================================
DAG File Processing Stats

File Path                                     PID    Runtime      # DAGs    # Errors  Last Runtime    Last Run
--------------------------------------------  -----  ---------  --------  ----------  --------------  -------------------
/opt/airflow/dags/dag_sunafil_orquestador.py                           1           0  0.44s           2026-05-24T16:29:22
================================================================================
[2026-05-24T16:29:56.650+0000] {manager.py:879} INFO - 
================================================================================
DAG File Processing Stats

File Path                                     PID    Runtime      # DAGs    # Errors  Last Runtime    Last Run
--------------------------------------------  -----  ---------  --------  ----------  --------------  -------------------
/opt/airflow/dags/dag_sunafil_orquestador.py                           1           0  0.28s           2026-05-24T16:29:53
================================================================================
[2026-05-24T16:30:26.725+0000] {manager.py:879} INFO - 
================================================================================
DAG File Processing Stats

File Path                                     PID    Runtime      # DAGs    # Errors  Last Runtime    Last Run
--------------------------------------------  -----  ---------  --------  ----------  --------------  -------------------
/opt/airflow/dags/dag_sunafil_orquestador.py                           1           0  0.18s           2026-05-24T16:30:23
================================================================================
[2026-05-24T16:30:57.286+0000] {manager.py:879} INFO - 
================================================================================
DAG File Processing Stats

File Path                                     PID    Runtime      # DAGs    # Errors  Last Runtime    Last Run
--------------------------------------------  -----  ---------  --------  ----------  --------------  -------------------
/opt/airflow/dags/dag_sunafil_orquestador.py                           1           0  0.41s           2026-05-24T16:30:54
================================================================================
[2026-05-24T16:31:27.916+0000] {manager.py:879} INFO - 
================================================================================
DAG File Processing Stats

File Path                                     PID    Runtime      # DAGs    # Errors  Last Runtime    Last Run
--------------------------------------------  -----  ---------  --------  ----------  --------------  -------------------
/opt/airflow/dags/dag_sunafil_orquestador.py                           1           0  0.19s           2026-05-24T16:31:24
================================================================================
[2026-05-24T16:31:38.026+0000] {manager.py:738} INFO - Searching for files in /opt/airflow/dags
[2026-05-24T16:31:38.083+0000] {manager.py:741} INFO - There are 1 files in /opt/airflow/dags
[2026-05-24T16:31:58.382+0000] {manager.py:879} INFO - 
================================================================================
DAG File Processing Stats

File Path                                     PID    Runtime      # DAGs    # Errors  Last Runtime    Last Run
--------------------------------------------  -----  ---------  --------  ----------  --------------  -------------------
/opt/airflow/dags/dag_sunafil_orquestador.py                           1           0  0.28s           2026-05-24T16:31:55
================================================================================
[2026-05-24T16:32:28.944+0000] {manager.py:879} INFO - 
================================================================================
DAG File Processing Stats

File Path                                     PID    Runtime      # DAGs    # Errors  Last Runtime    Last Run
--------------------------------------------  -----  ---------  --------  ----------  --------------  -------------------
/opt/airflow/dags/dag_sunafil_orquestador.py                           1           0  0.23s           2026-05-24T16:32:25
================================================================================
[2026-05-24T16:32:59.345+0000] {manager.py:879} INFO - 
================================================================================
DAG File Processing Stats

File Path                                     PID    Runtime      # DAGs    # Errors  Last Runtime    Last Run
--------------------------------------------  -----  ---------  --------  ----------  --------------  -------------------
/opt/airflow/dags/dag_sunafil_orquestador.py                           1           0  0.16s           2026-05-24T16:32:56
================================================================================
[2026-05-24T16:33:30.001+0000] {manager.py:879} INFO - 
================================================================================
DAG File Processing Stats

File Path                                     PID    Runtime      # DAGs    # Errors  Last Runtime    Last Run
--------------------------------------------  -----  ---------  --------  ----------  --------------  -------------------
/opt/airflow/dags/dag_sunafil_orquestador.py                           1           0  0.34s           2026-05-24T16:33:27
================================================================================
[2026-05-24T16:34:00.661+0000] {manager.py:879} INFO - 
================================================================================
DAG File Processing Stats

File Path                                     PID    Runtime      # DAGs    # Errors  Last Runtime    Last Run
--------------------------------------------  -----  ---------  --------  ----------  --------------  -------------------
/opt/airflow/dags/dag_sunafil_orquestador.py                           1           0  0.22s           2026-05-24T16:33:57
================================================================================
[2026-05-24T16:34:31.273+0000] {manager.py:879} INFO - 
================================================================================
DAG File Processing Stats

File Path                                     PID    Runtime      # DAGs    # Errors  Last Runtime    Last Run
--------------------------------------------  -----  ---------  --------  ----------  --------------  -------------------
/opt/airflow/dags/dag_sunafil_orquestador.py                           1           0  0.38s           2026-05-24T16:34:28
================================================================================
[2026-05-24T16:35:01.898+0000] {manager.py:879} INFO - 
================================================================================
DAG File Processing Stats

File Path                                     PID    Runtime      # DAGs    # Errors  Last Runtime    Last Run
--------------------------------------------  -----  ---------  --------  ----------  --------------  -------------------
/opt/airflow/dags/dag_sunafil_orquestador.py                           1           0  0.32s           2026-05-24T16:34:58
================================================================================
[2026-05-24T16:35:32.393+0000] {manager.py:879} INFO - 
================================================================================
DAG File Processing Stats

File Path                                     PID    Runtime      # DAGs    # Errors  Last Runtime    Last Run
--------------------------------------------  -----  ---------  --------  ----------  --------------  -------------------
/opt/airflow/dags/dag_sunafil_orquestador.py                           1           0  0.23s           2026-05-24T16:35:29
================================================================================
[2026-05-24T16:36:02.945+0000] {manager.py:879} INFO - 
================================================================================
DAG File Processing Stats

File Path                                     PID    Runtime      # DAGs    # Errors  Last Runtime    Last Run
--------------------------------------------  -----  ---------  --------  ----------  --------------  -------------------
/opt/airflow/dags/dag_sunafil_orquestador.py                           1           0  0.23s           2026-05-24T16:36:00
================================================================================
[2026-05-24T16:36:33.384+0000] {manager.py:879} INFO - 
================================================================================
DAG File Processing Stats

File Path                                     PID    Runtime      # DAGs    # Errors  Last Runtime    Last Run
--------------------------------------------  -----  ---------  --------  ----------  --------------  -------------------
/opt/airflow/dags/dag_sunafil_orquestador.py                           1           0  0.28s           2026-05-24T16:36:30
================================================================================
[2026-05-24T16:36:38.444+0000] {manager.py:738} INFO - Searching for files in /opt/airflow/dags
[2026-05-24T16:36:38.489+0000] {manager.py:741} INFO - There are 1 files in /opt/airflow/dags
[2026-05-24T16:37:03.957+0000] {manager.py:879} INFO - 
================================================================================
DAG File Processing Stats

File Path                                     PID    Runtime      # DAGs    # Errors  Last Runtime    Last Run
--------------------------------------------  -----  ---------  --------  ----------  --------------  -------------------
/opt/airflow/dags/dag_sunafil_orquestador.py                           1           0  0.19s           2026-05-24T16:37:01
================================================================================
[2026-05-24T16:37:34.354+0000] {manager.py:879} INFO - 
================================================================================
DAG File Processing Stats

File Path                                     PID    Runtime      # DAGs    # Errors  Last Runtime    Last Run
--------------------------------------------  -----  ---------  --------  ----------  --------------  -------------------
/opt/airflow/dags/dag_sunafil_orquestador.py                           1           0  0.20s           2026-05-24T16:37:31
================================================================================
[2026-05-24T16:38:04.924+0000] {manager.py:879} INFO - 
================================================================================
DAG File Processing Stats

File Path                                     PID    Runtime      # DAGs    # Errors  Last Runtime    Last Run
--------------------------------------------  -----  ---------  --------  ----------  --------------  -------------------
/opt/airflow/dags/dag_sunafil_orquestador.py                           1           0  0.22s           2026-05-24T16:38:01
================================================================================
[2026-05-24T16:38:35.374+0000] {manager.py:879} INFO - 
================================================================================
DAG File Processing Stats

File Path                                     PID    Runtime      # DAGs    # Errors  Last Runtime    Last Run
--------------------------------------------  -----  ---------  --------  ----------  --------------  -------------------
/opt/airflow/dags/dag_sunafil_orquestador.py                           1           0  0.24s           2026-05-24T16:38:32
================================================================================
[2026-05-24T16:39:05.781+0000] {manager.py:879} INFO - 
================================================================================
DAG File Processing Stats

File Path                                     PID    Runtime      # DAGs    # Errors  Last Runtime    Last Run
--------------------------------------------  -----  ---------  --------  ----------  --------------  -------------------
/opt/airflow/dags/dag_sunafil_orquestador.py                           1           0  0.17s           2026-05-24T16:39:02
================================================================================
[2026-05-24T16:39:36.336+0000] {manager.py:879} INFO - 
================================================================================
DAG File Processing Stats

File Path                                     PID    Runtime      # DAGs    # Errors  Last Runtime    Last Run
--------------------------------------------  -----  ---------  --------  ----------  --------------  -------------------
/opt/airflow/dags/dag_sunafil_orquestador.py                           1           0  0.45s           2026-05-24T16:39:33
================================================================================
[2026-05-24T16:40:06.765+0000] {manager.py:879} INFO - 
================================================================================
DAG File Processing Stats

File Path                                     PID    Runtime      # DAGs    # Errors  Last Runtime    Last Run
--------------------------------------------  -----  ---------  --------  ----------  --------------  -------------------
/opt/airflow/dags/dag_sunafil_orquestador.py                           1           0  0.25s           2026-05-24T16:40:03
================================================================================
[2026-05-24T16:40:37.381+0000] {manager.py:879} INFO - 
================================================================================
DAG File Processing Stats

File Path                                     PID    Runtime      # DAGs    # Errors  Last Runtime    Last Run
--------------------------------------------  -----  ---------  --------  ----------  --------------  -------------------
/opt/airflow/dags/dag_sunafil_orquestador.py                           1           0  0.25s           2026-05-24T16:40:34
================================================================================
[2026-05-24T16:41:07.839+0000] {manager.py:879} INFO - 
================================================================================
DAG File Processing Stats

File Path                                     PID    Runtime      # DAGs    # Errors  Last Runtime    Last Run
--------------------------------------------  -----  ---------  --------  ----------  --------------  -------------------
/opt/airflow/dags/dag_sunafil_orquestador.py                           1           0  0.24s           2026-05-24T16:41:04
================================================================================
[2026-05-24T16:41:38.371+0000] {manager.py:879} INFO - 
================================================================================
DAG File Processing Stats

File Path                                     PID    Runtime      # DAGs    # Errors  Last Runtime    Last Run
--------------------------------------------  -----  ---------  --------  ----------  --------------  -------------------
/opt/airflow/dags/dag_sunafil_orquestador.py                           1           0  0.22s           2026-05-24T16:41:35
================================================================================
[2026-05-24T16:41:39.380+0000] {manager.py:738} INFO - Searching for files in /opt/airflow/dags
[2026-05-24T16:41:39.412+0000] {manager.py:741} INFO - There are 1 files in /opt/airflow/dags
[2026-05-24T16:42:08.830+0000] {manager.py:879} INFO - 
================================================================================
DAG File Processing Stats

File Path                                     PID    Runtime      # DAGs    # Errors  Last Runtime    Last Run
--------------------------------------------  -----  ---------  --------  ----------  --------------  -------------------
/opt/airflow/dags/dag_sunafil_orquestador.py                           1           0  0.50s           2026-05-24T16:42:06
================================================================================
[2026-05-24T16:42:38.979+0000] {manager.py:879} INFO - 
================================================================================
DAG File Processing Stats

File Path                                     PID    Runtime      # DAGs    # Errors  Last Runtime    Last Run
--------------------------------------------  -----  ---------  --------  ----------  --------------  -------------------
/opt/airflow/dags/dag_sunafil_orquestador.py                           1           0  0.22s           2026-05-24T16:42:36
================================================================================
[2026-05-24T16:43:09.325+0000] {manager.py:879} INFO - 
================================================================================
DAG File Processing Stats

File Path                                     PID    Runtime      # DAGs    # Errors  Last Runtime    Last Run
--------------------------------------------  -----  ---------  --------  ----------  --------------  -------------------
/opt/airflow/dags/dag_sunafil_orquestador.py                           1           0  0.19s           2026-05-24T16:43:07
================================================================================
[2026-05-24T16:43:39.757+0000] {manager.py:879} INFO - 
================================================================================
DAG File Processing Stats

File Path                                     PID    Runtime      # DAGs    # Errors  Last Runtime    Last Run
--------------------------------------------  -----  ---------  --------  ----------  --------------  -------------------
/opt/airflow/dags/dag_sunafil_orquestador.py                           1           0  0.23s           2026-05-24T16:43:37
================================================================================
[2026-05-24T16:44:10.185+0000] {manager.py:879} INFO - 
================================================================================
DAG File Processing Stats

File Path                                     PID    Runtime      # DAGs    # Errors  Last Runtime    Last Run
--------------------------------------------  -----  ---------  --------  ----------  --------------  -------------------
/opt/airflow/dags/dag_sunafil_orquestador.py                           1           0  0.18s           2026-05-24T16:44:08
================================================================================
[2026-05-24T16:44:40.664+0000] {manager.py:879} INFO - 
================================================================================
DAG File Processing Stats

File Path                                     PID    Runtime      # DAGs    # Errors  Last Runtime    Last Run
--------------------------------------------  -----  ---------  --------  ----------  --------------  -------------------
/opt/airflow/dags/dag_sunafil_orquestador.py                           1           0  0.22s           2026-05-24T16:44:38
================================================================================
[2026-05-24T16:45:11.150+0000] {manager.py:879} INFO - 
================================================================================
DAG File Processing Stats

File Path                                     PID    Runtime      # DAGs    # Errors  Last Runtime    Last Run
--------------------------------------------  -----  ---------  --------  ----------  --------------  -------------------
/opt/airflow/dags/dag_sunafil_orquestador.py                           1           0  0.21s           2026-05-24T16:45:09
================================================================================
[2026-05-24T16:45:42.130+0000] {manager.py:879} INFO - 
================================================================================
DAG File Processing Stats

File Path                                       PID  Runtime      # DAGs    # Errors  Last Runtime    Last Run
--------------------------------------------  -----  ---------  --------  ----------  --------------  -------------------
/opt/airflow/dags/dag_sunafil_orquestador.py    481  2.08s             1           0  0.21s           2026-05-24T16:45:09
================================================================================
[2026-05-24T16:46:12.481+0000] {manager.py:879} INFO - 
================================================================================
DAG File Processing Stats

File Path                                       PID  Runtime      # DAGs    # Errors  Last Runtime    Last Run
--------------------------------------------  -----  ---------  --------  ----------  --------------  -------------------
/opt/airflow/dags/dag_sunafil_orquestador.py    486  0.01s             1           0  2.52s           2026-05-24T16:45:42
================================================================================
[2026-05-24T16:46:22.084+0000] {manager.py:451} INFO - Exiting gracefully upon receiving signal 15
[2026-05-24T19:02:15.874+0000] {manager.py:469} INFO - Processing files using up to 2 processes at a time 
[2026-05-24T19:02:16.029+0000] {manager.py:470} INFO - Process each file at most once every 30 seconds
[2026-05-24T19:02:16.030+0000] {manager.py:471} INFO - Checking for new files in /opt/airflow/dags every 300 seconds
[2026-05-24T19:02:16.030+0000] {manager.py:738} INFO - Searching for files in /opt/airflow/dags
[2026-05-24T19:02:16.154+0000] {manager.py:741} INFO - There are 1 files in /opt/airflow/dags
[2026-05-24T19:02:48.612+0000] {manager.py:879} INFO - 
================================================================================
DAG File Processing Stats

File Path                                       PID  Runtime      # DAGs    # Errors  Last Runtime    Last Run
--------------------------------------------  -----  ---------  --------  ----------  --------------  ----------
/opt/airflow/dags/dag_sunafil_orquestador.py    184  23.47s            0           0
================================================================================
[2026-05-24T19:03:19.447+0000] {manager.py:879} INFO - 
================================================================================
DAG File Processing Stats

File Path                                     PID    Runtime      # DAGs    # Errors  Last Runtime    Last Run
--------------------------------------------  -----  ---------  --------  ----------  --------------  -------------------
/opt/airflow/dags/dag_sunafil_orquestador.py                           1           0  38.74s          2026-05-24T19:02:58
================================================================================
[2026-05-24T19:03:49.857+0000] {manager.py:879} INFO - 
================================================================================
DAG File Processing Stats

File Path                                     PID    Runtime      # DAGs    # Errors  Last Runtime    Last Run
--------------------------------------------  -----  ---------  --------  ----------  --------------  -------------------
/opt/airflow/dags/dag_sunafil_orquestador.py                           1           0  1.59s           2026-05-24T19:03:30
================================================================================
[2026-05-24T19:04:19.902+0000] {manager.py:879} INFO - 
================================================================================
DAG File Processing Stats

File Path                                     PID    Runtime      # DAGs    # Errors  Last Runtime    Last Run
--------------------------------------------  -----  ---------  --------  ----------  --------------  -------------------
/opt/airflow/dags/dag_sunafil_orquestador.py                           1           0  0.16s           2026-05-24T19:04:00
================================================================================
[2026-05-24T19:04:50.262+0000] {manager.py:879} INFO - 
================================================================================
DAG File Processing Stats

File Path                                     PID    Runtime      # DAGs    # Errors  Last Runtime    Last Run
--------------------------------------------  -----  ---------  --------  ----------  --------------  -------------------
/opt/airflow/dags/dag_sunafil_orquestador.py                           1           0  0.18s           2026-05-24T19:04:31
================================================================================
[2026-05-24T19:05:20.624+0000] {manager.py:879} INFO - 
================================================================================
DAG File Processing Stats

File Path                                     PID    Runtime      # DAGs    # Errors  Last Runtime    Last Run
--------------------------------------------  -----  ---------  --------  ----------  --------------  -------------------
/opt/airflow/dags/dag_sunafil_orquestador.py                           1           0  0.17s           2026-05-24T19:05:01
================================================================================
[2026-05-24T19:05:51.059+0000] {manager.py:879} INFO - 
================================================================================
DAG File Processing Stats

File Path                                     PID    Runtime      # DAGs    # Errors  Last Runtime    Last Run
--------------------------------------------  -----  ---------  --------  ----------  --------------  -------------------
/opt/airflow/dags/dag_sunafil_orquestador.py                           1           0  0.18s           2026-05-24T19:05:31
================================================================================
[2026-05-24T19:06:21.442+0000] {manager.py:879} INFO - 
================================================================================
DAG File Processing Stats

File Path                                     PID    Runtime      # DAGs    # Errors  Last Runtime    Last Run
--------------------------------------------  -----  ---------  --------  ----------  --------------  -------------------
/opt/airflow/dags/dag_sunafil_orquestador.py                           1           0  0.15s           2026-05-24T19:06:02
================================================================================
[2026-05-24T19:06:51.898+0000] {manager.py:879} INFO - 
================================================================================
DAG File Processing Stats

File Path                                     PID    Runtime      # DAGs    # Errors  Last Runtime    Last Run
--------------------------------------------  -----  ---------  --------  ----------  --------------  -------------------
/opt/airflow/dags/dag_sunafil_orquestador.py                           1           0  0.15s           2026-05-24T19:06:32
================================================================================
[2026-05-24T19:07:16.203+0000] {manager.py:738} INFO - Searching for files in /opt/airflow/dags
[2026-05-24T19:07:16.245+0000] {manager.py:741} INFO - There are 1 files in /opt/airflow/dags
[2026-05-24T19:07:22.330+0000] {manager.py:879} INFO - 
================================================================================
DAG File Processing Stats

File Path                                     PID    Runtime      # DAGs    # Errors  Last Runtime    Last Run
--------------------------------------------  -----  ---------  --------  ----------  --------------  -------------------
/opt/airflow/dags/dag_sunafil_orquestador.py                           1           0  0.18s           2026-05-24T19:07:03
================================================================================
[2026-05-24T19:07:52.777+0000] {manager.py:879} INFO - 
================================================================================
DAG File Processing Stats

File Path                                     PID    Runtime      # DAGs    # Errors  Last Runtime    Last Run
--------------------------------------------  -----  ---------  --------  ----------  --------------  -------------------
/opt/airflow/dags/dag_sunafil_orquestador.py                           1           0  0.17s           2026-05-24T19:07:33
================================================================================
[2026-05-24T19:08:23.179+0000] {manager.py:879} INFO - 
================================================================================
DAG File Processing Stats

File Path                                     PID    Runtime      # DAGs    # Errors  Last Runtime    Last Run
--------------------------------------------  -----  ---------  --------  ----------  --------------  -------------------
/opt/airflow/dags/dag_sunafil_orquestador.py                           1           0  0.15s           2026-05-24T19:08:04
================================================================================
[2026-05-24T19:08:53.588+0000] {manager.py:879} INFO - 
================================================================================
DAG File Processing Stats

File Path                                     PID    Runtime      # DAGs    # Errors  Last Runtime    Last Run
--------------------------------------------  -----  ---------  --------  ----------  --------------  -------------------
/opt/airflow/dags/dag_sunafil_orquestador.py                           1           0  0.15s           2026-05-24T19:08:34
================================================================================
[2026-05-24T19:09:24.004+0000] {manager.py:879} INFO - 
================================================================================
DAG File Processing Stats

File Path                                     PID    Runtime      # DAGs    # Errors  Last Runtime    Last Run
--------------------------------------------  -----  ---------  --------  ----------  --------------  -------------------
/opt/airflow/dags/dag_sunafil_orquestador.py                           1           0  2.99s           2026-05-24T19:09:07
================================================================================
[2026-05-24T19:09:54.665+0000] {manager.py:879} INFO - 
================================================================================
DAG File Processing Stats

File Path                                     PID    Runtime      # DAGs    # Errors  Last Runtime    Last Run
--------------------------------------------  -----  ---------  --------  ----------  --------------  -------------------
/opt/airflow/dags/dag_sunafil_orquestador.py                           1           0  0.26s           2026-05-24T19:09:38
================================================================================
[2026-05-24T19:10:24.966+0000] {manager.py:879} INFO - 
================================================================================
DAG File Processing Stats

File Path                                     PID    Runtime      # DAGs    # Errors  Last Runtime    Last Run
--------------------------------------------  -----  ---------  --------  ----------  --------------  -------------------
/opt/airflow/dags/dag_sunafil_orquestador.py                           1           0  1.35s           2026-05-24T19:10:09
================================================================================
[2026-05-24T19:10:55.375+0000] {manager.py:879} INFO - 
================================================================================
DAG File Processing Stats

File Path                                     PID    Runtime      # DAGs    # Errors  Last Runtime    Last Run
--------------------------------------------  -----  ---------  --------  ----------  --------------  -------------------
/opt/airflow/dags/dag_sunafil_orquestador.py                           1           0  0.16s           2026-05-24T19:10:40
================================================================================
[2026-05-24T19:11:25.795+0000] {manager.py:879} INFO - 
================================================================================
DAG File Processing Stats

File Path                                     PID    Runtime      # DAGs    # Errors  Last Runtime    Last Run
--------------------------------------------  -----  ---------  --------  ----------  --------------  -------------------
/opt/airflow/dags/dag_sunafil_orquestador.py                           1           0  0.16s           2026-05-24T19:11:10
================================================================================
[2026-05-24T19:11:56.196+0000] {manager.py:879} INFO - 
================================================================================
DAG File Processing Stats

File Path                                     PID    Runtime      # DAGs    # Errors  Last Runtime    Last Run
--------------------------------------------  -----  ---------  --------  ----------  --------------  -------------------
/opt/airflow/dags/dag_sunafil_orquestador.py                           1           0  0.19s           2026-05-24T19:11:41
================================================================================
[2026-05-24T19:12:16.528+0000] {manager.py:738} INFO - Searching for files in /opt/airflow/dags
[2026-05-24T19:12:16.558+0000] {manager.py:741} INFO - There are 1 files in /opt/airflow/dags
[2026-05-24T19:12:26.657+0000] {manager.py:879} INFO - 
================================================================================
DAG File Processing Stats

File Path                                     PID    Runtime      # DAGs    # Errors  Last Runtime    Last Run
--------------------------------------------  -----  ---------  --------  ----------  --------------  -------------------
/opt/airflow/dags/dag_sunafil_orquestador.py                           1           0  0.57s           2026-05-24T19:12:11
================================================================================
[2026-05-24T19:12:57.559+0000] {manager.py:879} INFO - 
================================================================================
DAG File Processing Stats

File Path                                     PID    Runtime      # DAGs    # Errors  Last Runtime    Last Run
--------------------------------------------  -----  ---------  --------  ----------  --------------  -------------------
/opt/airflow/dags/dag_sunafil_orquestador.py                           1           0  0.15s           2026-05-24T19:12:42
================================================================================
[2026-05-24T19:13:28.002+0000] {manager.py:879} INFO - 
================================================================================
DAG File Processing Stats

File Path                                     PID    Runtime      # DAGs    # Errors  Last Runtime    Last Run
--------------------------------------------  -----  ---------  --------  ----------  --------------  -------------------
/opt/airflow/dags/dag_sunafil_orquestador.py                           1           0  0.15s           2026-05-24T19:13:12
================================================================================
[2026-05-24T19:13:58.442+0000] {manager.py:879} INFO - 
================================================================================
DAG File Processing Stats

File Path                                     PID    Runtime      # DAGs    # Errors  Last Runtime    Last Run
--------------------------------------------  -----  ---------  --------  ----------  --------------  -------------------
/opt/airflow/dags/dag_sunafil_orquestador.py                           1           0  0.17s           2026-05-24T19:13:43
================================================================================
[2026-05-24T19:14:28.879+0000] {manager.py:879} INFO - 
================================================================================
DAG File Processing Stats

File Path                                     PID    Runtime      # DAGs    # Errors  Last Runtime    Last Run
--------------------------------------------  -----  ---------  --------  ----------  --------------  -------------------
/opt/airflow/dags/dag_sunafil_orquestador.py                           1           0  0.16s           2026-05-24T19:14:13
================================================================================
[2026-05-24T19:14:59.149+0000] {manager.py:879} INFO - 
================================================================================
DAG File Processing Stats

File Path                                     PID    Runtime      # DAGs    # Errors  Last Runtime    Last Run
--------------------------------------------  -----  ---------  --------  ----------  --------------  -------------------
/opt/airflow/dags/dag_sunafil_orquestador.py                           1           0  1.98s           2026-05-24T19:14:46
================================================================================
[2026-05-24T19:15:29.565+0000] {manager.py:879} INFO - 
================================================================================
DAG File Processing Stats

File Path                                     PID    Runtime      # DAGs    # Errors  Last Runtime    Last Run
--------------------------------------------  -----  ---------  --------  ----------  --------------  -------------------
/opt/airflow/dags/dag_sunafil_orquestador.py                           1           0  0.19s           2026-05-24T19:15:16
================================================================================
[2026-05-24T19:15:59.919+0000] {manager.py:879} INFO - 
================================================================================
DAG File Processing Stats

File Path                                     PID    Runtime      # DAGs    # Errors  Last Runtime    Last Run
--------------------------------------------  -----  ---------  --------  ----------  --------------  -------------------
/opt/airflow/dags/dag_sunafil_orquestador.py                           1           0  0.20s           2026-05-24T19:15:46
================================================================================
[2026-05-24T19:16:30.370+0000] {manager.py:879} INFO - 
================================================================================
DAG File Processing Stats

File Path                                     PID    Runtime      # DAGs    # Errors  Last Runtime    Last Run
--------------------------------------------  -----  ---------  --------  ----------  --------------  -------------------
/opt/airflow/dags/dag_sunafil_orquestador.py                           1           0  0.17s           2026-05-24T19:16:17
================================================================================
[2026-05-24T19:17:00.637+0000] {manager.py:879} INFO - 
================================================================================
DAG File Processing Stats

File Path                                     PID    Runtime      # DAGs    # Errors  Last Runtime    Last Run
--------------------------------------------  -----  ---------  --------  ----------  --------------  -------------------
/opt/airflow/dags/dag_sunafil_orquestador.py                           1           0  0.17s           2026-05-24T19:16:47
================================================================================
[2026-05-24T19:17:16.770+0000] {manager.py:738} INFO - Searching for files in /opt/airflow/dags
[2026-05-24T19:17:16.788+0000] {manager.py:741} INFO - There are 1 files in /opt/airflow/dags
[2026-05-24T19:17:31.065+0000] {manager.py:879} INFO - 
================================================================================
DAG File Processing Stats

File Path                                     PID    Runtime      # DAGs    # Errors  Last Runtime    Last Run
--------------------------------------------  -----  ---------  --------  ----------  --------------  -------------------
/opt/airflow/dags/dag_sunafil_orquestador.py                           1           0  0.15s           2026-05-24T19:17:17
================================================================================
[2026-05-24T19:18:01.406+0000] {manager.py:879} INFO - 
================================================================================
DAG File Processing Stats

File Path                                     PID    Runtime      # DAGs    # Errors  Last Runtime    Last Run
--------------------------------------------  -----  ---------  --------  ----------  --------------  -------------------
/opt/airflow/dags/dag_sunafil_orquestador.py                           1           0  0.15s           2026-05-24T19:17:48
================================================================================
[2026-05-24T19:18:31.817+0000] {manager.py:879} INFO - 
================================================================================
DAG File Processing Stats

File Path                                     PID    Runtime      # DAGs    # Errors  Last Runtime    Last Run
--------------------------------------------  -----  ---------  --------  ----------  --------------  -------------------
/opt/airflow/dags/dag_sunafil_orquestador.py                           1           0  0.16s           2026-05-24T19:18:18
================================================================================
[2026-05-24T19:19:02.121+0000] {manager.py:879} INFO - 
================================================================================
DAG File Processing Stats

File Path                                     PID    Runtime      # DAGs    # Errors  Last Runtime    Last Run
--------------------------------------------  -----  ---------  --------  ----------  --------------  -------------------
/opt/airflow/dags/dag_sunafil_orquestador.py                           1           0  0.16s           2026-05-24T19:18:49
================================================================================
[2026-05-24T19:19:32.583+0000] {manager.py:879} INFO - 
================================================================================
DAG File Processing Stats

File Path                                     PID    Runtime      # DAGs    # Errors  Last Runtime    Last Run
--------------------------------------------  -----  ---------  --------  ----------  --------------  -------------------
/opt/airflow/dags/dag_sunafil_orquestador.py                           1           0  0.16s           2026-05-24T19:19:19
================================================================================
[2026-05-24T19:20:03.223+0000] {manager.py:879} INFO - 
================================================================================
DAG File Processing Stats

File Path                                     PID    Runtime      # DAGs    # Errors  Last Runtime    Last Run
--------------------------------------------  -----  ---------  --------  ----------  --------------  -------------------
/opt/airflow/dags/dag_sunafil_orquestador.py                           1           0  1.04s           2026-05-24T19:19:50
================================================================================
[2026-05-24T19:20:33.539+0000] {manager.py:879} INFO - 
================================================================================
DAG File Processing Stats

File Path                                     PID    Runtime      # DAGs    # Errors  Last Runtime    Last Run
--------------------------------------------  -----  ---------  --------  ----------  --------------  -------------------
/opt/airflow/dags/dag_sunafil_orquestador.py                           1           0  0.58s           2026-05-24T19:20:21
================================================================================
[2026-05-24T19:21:03.634+0000] {manager.py:879} INFO - 
================================================================================
DAG File Processing Stats

File Path                                     PID    Runtime      # DAGs    # Errors  Last Runtime    Last Run
--------------------------------------------  -----  ---------  --------  ----------  --------------  -------------------
/opt/airflow/dags/dag_sunafil_orquestador.py                           1           0  0.14s           2026-05-24T19:20:52
================================================================================
[2026-05-24T19:21:33.950+0000] {manager.py:879} INFO - 
================================================================================
DAG File Processing Stats

File Path                                     PID    Runtime      # DAGs    # Errors  Last Runtime    Last Run
--------------------------------------------  -----  ---------  --------  ----------  --------------  -------------------
/opt/airflow/dags/dag_sunafil_orquestador.py                           1           0  0.16s           2026-05-24T19:21:22
================================================================================
[2026-05-24T19:22:04.269+0000] {manager.py:879} INFO - 
================================================================================
DAG File Processing Stats

File Path                                     PID    Runtime      # DAGs    # Errors  Last Runtime    Last Run
--------------------------------------------  -----  ---------  --------  ----------  --------------  -------------------
/opt/airflow/dags/dag_sunafil_orquestador.py                           1           0  0.15s           2026-05-24T19:21:53
================================================================================
[2026-05-24T19:22:17.412+0000] {manager.py:738} INFO - Searching for files in /opt/airflow/dags
[2026-05-24T19:22:17.497+0000] {manager.py:741} INFO - There are 1 files in /opt/airflow/dags
[2026-05-24T19:22:34.858+0000] {manager.py:879} INFO - 
================================================================================
DAG File Processing Stats

File Path                                     PID    Runtime      # DAGs    # Errors  Last Runtime    Last Run
--------------------------------------------  -----  ---------  --------  ----------  --------------  -------------------
/opt/airflow/dags/dag_sunafil_orquestador.py                           1           0  0.15s           2026-05-24T19:22:23
================================================================================
[2026-05-24T19:23:05.710+0000] {manager.py:879} INFO - 
================================================================================
DAG File Processing Stats

File Path                                     PID    Runtime      # DAGs    # Errors  Last Runtime    Last Run
--------------------------------------------  -----  ---------  --------  ----------  --------------  -------------------
/opt/airflow/dags/dag_sunafil_orquestador.py                           1           0  0.14s           2026-05-24T19:22:54
================================================================================
[2026-05-24T19:23:36.415+0000] {manager.py:879} INFO - 
================================================================================
DAG File Processing Stats

File Path                                     PID    Runtime      # DAGs    # Errors  Last Runtime    Last Run
--------------------------------------------  -----  ---------  --------  ----------  --------------  -------------------
/opt/airflow/dags/dag_sunafil_orquestador.py                           1           0  0.15s           2026-05-24T19:23:25
================================================================================
[2026-05-24T19:24:06.874+0000] {manager.py:879} INFO - 
================================================================================
DAG File Processing Stats

File Path                                     PID    Runtime      # DAGs    # Errors  Last Runtime    Last Run
--------------------------------------------  -----  ---------  --------  ----------  --------------  -------------------
/opt/airflow/dags/dag_sunafil_orquestador.py                           1           0  0.15s           2026-05-24T19:23:55
================================================================================
[2026-05-24T19:24:37.155+0000] {manager.py:879} INFO - 
================================================================================
DAG File Processing Stats

File Path                                     PID    Runtime      # DAGs    # Errors  Last Runtime    Last Run
--------------------------------------------  -----  ---------  --------  ----------  --------------  -------------------
/opt/airflow/dags/dag_sunafil_orquestador.py                           1           0  0.30s           2026-05-24T19:24:26
================================================================================
[2026-05-24T19:25:07.541+0000] {manager.py:879} INFO - 
================================================================================
DAG File Processing Stats

File Path                                     PID    Runtime      # DAGs    # Errors  Last Runtime    Last Run
--------------------------------------------  -----  ---------  --------  ----------  --------------  -------------------
/opt/airflow/dags/dag_sunafil_orquestador.py                           1           0  1.09s           2026-05-24T19:24:57
================================================================================
[2026-05-24T19:25:37.929+0000] {manager.py:879} INFO - 
================================================================================
DAG File Processing Stats

File Path                                     PID    Runtime      # DAGs    # Errors  Last Runtime    Last Run
--------------------------------------------  -----  ---------  --------  ----------  --------------  -------------------
/opt/airflow/dags/dag_sunafil_orquestador.py                           1           0  0.16s           2026-05-24T19:25:27
================================================================================
[2026-05-24T19:26:08.556+0000] {manager.py:879} INFO - 
================================================================================
DAG File Processing Stats

File Path                                     PID    Runtime      # DAGs    # Errors  Last Runtime    Last Run
--------------------------------------------  -----  ---------  --------  ----------  --------------  -------------------
/opt/airflow/dags/dag_sunafil_orquestador.py                           1           0  0.50s           2026-05-24T19:25:58
================================================================================
[2026-05-24T19:26:38.900+0000] {manager.py:879} INFO - 
================================================================================
DAG File Processing Stats

File Path                                     PID    Runtime      # DAGs    # Errors  Last Runtime    Last Run
--------------------------------------------  -----  ---------  --------  ----------  --------------  -------------------
/opt/airflow/dags/dag_sunafil_orquestador.py                           1           0  0.18s           2026-05-24T19:26:28
================================================================================
[2026-05-24T19:27:09.371+0000] {manager.py:879} INFO - 
================================================================================
DAG File Processing Stats

File Path                                     PID    Runtime      # DAGs    # Errors  Last Runtime    Last Run
--------------------------------------------  -----  ---------  --------  ----------  --------------  -------------------
/opt/airflow/dags/dag_sunafil_orquestador.py                           1           0  0.17s           2026-05-24T19:26:59
================================================================================
[2026-05-24T19:27:17.476+0000] {manager.py:738} INFO - Searching for files in /opt/airflow/dags
[2026-05-24T19:27:17.501+0000] {manager.py:741} INFO - There are 1 files in /opt/airflow/dags
[2026-05-24T19:27:39.764+0000] {manager.py:879} INFO - 
================================================================================
DAG File Processing Stats

File Path                                     PID    Runtime      # DAGs    # Errors  Last Runtime    Last Run
--------------------------------------------  -----  ---------  --------  ----------  --------------  -------------------
/opt/airflow/dags/dag_sunafil_orquestador.py                           1           0  0.17s           2026-05-24T19:27:29
================================================================================
[2026-05-24T19:28:10.217+0000] {manager.py:879} INFO - 
================================================================================
DAG File Processing Stats

File Path                                     PID    Runtime      # DAGs    # Errors  Last Runtime    Last Run
--------------------------------------------  -----  ---------  --------  ----------  --------------  -------------------
/opt/airflow/dags/dag_sunafil_orquestador.py                           1           0  0.18s           2026-05-24T19:28:00
================================================================================
[2026-05-24T19:28:40.590+0000] {manager.py:879} INFO - 
================================================================================
DAG File Processing Stats

File Path                                     PID    Runtime      # DAGs    # Errors  Last Runtime    Last Run
--------------------------------------------  -----  ---------  --------  ----------  --------------  -------------------
/opt/airflow/dags/dag_sunafil_orquestador.py                           1           0  0.17s           2026-05-24T19:28:30
================================================================================
[2026-05-24T19:29:11.071+0000] {manager.py:879} INFO - 
================================================================================
DAG File Processing Stats

File Path                                     PID    Runtime      # DAGs    # Errors  Last Runtime    Last Run
--------------------------------------------  -----  ---------  --------  ----------  --------------  -------------------
/opt/airflow/dags/dag_sunafil_orquestador.py                           1           0  0.15s           2026-05-24T19:29:00
================================================================================
[2026-05-24T19:29:41.434+0000] {manager.py:879} INFO - 
================================================================================
DAG File Processing Stats

File Path                                     PID    Runtime      # DAGs    # Errors  Last Runtime    Last Run
--------------------------------------------  -----  ---------  --------  ----------  --------------  -------------------
/opt/airflow/dags/dag_sunafil_orquestador.py                           1           0  0.14s           2026-05-24T19:29:31
================================================================================
[2026-05-24T19:30:11.869+0000] {manager.py:879} INFO - 
================================================================================
DAG File Processing Stats

File Path                                     PID    Runtime      # DAGs    # Errors  Last Runtime    Last Run
--------------------------------------------  -----  ---------  --------  ----------  --------------  -------------------
/opt/airflow/dags/dag_sunafil_orquestador.py                           1           0  0.15s           2026-05-24T19:30:01
================================================================================
[2026-05-24T19:30:42.321+0000] {manager.py:879} INFO - 
================================================================================
DAG File Processing Stats

File Path                                     PID    Runtime      # DAGs    # Errors  Last Runtime    Last Run
--------------------------------------------  -----  ---------  --------  ----------  --------------  -------------------
/opt/airflow/dags/dag_sunafil_orquestador.py                           1           0  0.14s           2026-05-24T19:30:32
================================================================================
[2026-05-24T19:31:12.702+0000] {manager.py:879} INFO - 
================================================================================
DAG File Processing Stats

File Path                                     PID    Runtime      # DAGs    # Errors  Last Runtime    Last Run
--------------------------------------------  -----  ---------  --------  ----------  --------------  -------------------
/opt/airflow/dags/dag_sunafil_orquestador.py                           1           0  0.20s           2026-05-24T19:31:02
================================================================================
[2026-05-24T19:31:43.201+0000] {manager.py:879} INFO - 
================================================================================
DAG File Processing Stats

File Path                                     PID    Runtime      # DAGs    # Errors  Last Runtime    Last Run
--------------------------------------------  -----  ---------  --------  ----------  --------------  -------------------
/opt/airflow/dags/dag_sunafil_orquestador.py                           1           0  0.23s           2026-05-24T19:31:33
================================================================================
[2026-05-24T19:32:13.579+0000] {manager.py:879} INFO - 
================================================================================
DAG File Processing Stats

File Path                                     PID    Runtime      # DAGs    # Errors  Last Runtime    Last Run
--------------------------------------------  -----  ---------  --------  ----------  --------------  -------------------
/opt/airflow/dags/dag_sunafil_orquestador.py                           1           0  0.14s           2026-05-24T19:32:03
================================================================================
[2026-05-24T19:32:17.654+0000] {manager.py:738} INFO - Searching for files in /opt/airflow/dags
[2026-05-24T19:32:17.672+0000] {manager.py:741} INFO - There are 1 files in /opt/airflow/dags
[2026-05-24T19:32:43.956+0000] {manager.py:879} INFO - 
================================================================================
DAG File Processing Stats

File Path                                     PID    Runtime      # DAGs    # Errors  Last Runtime    Last Run
--------------------------------------------  -----  ---------  --------  ----------  --------------  -------------------
/opt/airflow/dags/dag_sunafil_orquestador.py                           1           0  0.14s           2026-05-24T19:32:33
================================================================================
[2026-05-24T19:33:14.497+0000] {manager.py:879} INFO - 
================================================================================
DAG File Processing Stats

File Path                                     PID    Runtime      # DAGs    # Errors  Last Runtime    Last Run
--------------------------------------------  -----  ---------  --------  ----------  --------------  -------------------
/opt/airflow/dags/dag_sunafil_orquestador.py                           1           0  0.21s           2026-05-24T19:33:04
================================================================================
[2026-05-24T19:33:44.913+0000] {manager.py:879} INFO - 
================================================================================
DAG File Processing Stats

File Path                                     PID    Runtime      # DAGs    # Errors  Last Runtime    Last Run
--------------------------------------------  -----  ---------  --------  ----------  --------------  -------------------
/opt/airflow/dags/dag_sunafil_orquestador.py                           1           0  0.15s           2026-05-24T19:33:34
================================================================================
[2026-05-24T19:34:15.291+0000] {manager.py:879} INFO - 
================================================================================
DAG File Processing Stats

File Path                                     PID    Runtime      # DAGs    # Errors  Last Runtime    Last Run
--------------------------------------------  -----  ---------  --------  ----------  --------------  -------------------
/opt/airflow/dags/dag_sunafil_orquestador.py                           1           0  0.16s           2026-05-24T19:34:05
================================================================================
[2026-05-24T19:34:45.707+0000] {manager.py:879} INFO - 
================================================================================
DAG File Processing Stats

File Path                                     PID    Runtime      # DAGs    # Errors  Last Runtime    Last Run
--------------------------------------------  -----  ---------  --------  ----------  --------------  -------------------
/opt/airflow/dags/dag_sunafil_orquestador.py                           1           0  0.15s           2026-05-24T19:34:35
================================================================================
[2026-05-24T19:35:16.105+0000] {manager.py:879} INFO - 
================================================================================
DAG File Processing Stats

File Path                                     PID    Runtime      # DAGs    # Errors  Last Runtime    Last Run
--------------------------------------------  -----  ---------  --------  ----------  --------------  -------------------
/opt/airflow/dags/dag_sunafil_orquestador.py                           1           0  0.16s           2026-05-24T19:35:06
================================================================================
[2026-05-24T19:35:46.565+0000] {manager.py:879} INFO - 
================================================================================
DAG File Processing Stats

File Path                                     PID    Runtime      # DAGs    # Errors  Last Runtime    Last Run
--------------------------------------------  -----  ---------  --------  ----------  --------------  -------------------
/opt/airflow/dags/dag_sunafil_orquestador.py                           1           0  0.16s           2026-05-24T19:35:36
================================================================================
[2026-05-24T19:36:16.984+0000] {manager.py:879} INFO - 
================================================================================
DAG File Processing Stats

File Path                                     PID    Runtime      # DAGs    # Errors  Last Runtime    Last Run
--------------------------------------------  -----  ---------  --------  ----------  --------------  -------------------
/opt/airflow/dags/dag_sunafil_orquestador.py                           1           0  0.15s           2026-05-24T19:36:06
================================================================================
[2026-05-24T19:36:47.373+0000] {manager.py:879} INFO - 
================================================================================
DAG File Processing Stats

File Path                                     PID    Runtime      # DAGs    # Errors  Last Runtime    Last Run
--------------------------------------------  -----  ---------  --------  ----------  --------------  -------------------
/opt/airflow/dags/dag_sunafil_orquestador.py                           1           0  0.14s           2026-05-24T19:36:37
================================================================================
[2026-05-24T19:37:17.698+0000] {manager.py:738} INFO - Searching for files in /opt/airflow/dags
[2026-05-24T19:37:17.721+0000] {manager.py:741} INFO - There are 1 files in /opt/airflow/dags
[2026-05-24T19:37:17.732+0000] {manager.py:879} INFO - 
================================================================================
DAG File Processing Stats

File Path                                     PID    Runtime      # DAGs    # Errors  Last Runtime    Last Run
--------------------------------------------  -----  ---------  --------  ----------  --------------  -------------------
/opt/airflow/dags/dag_sunafil_orquestador.py                           1           0  0.15s           2026-05-24T19:37:07
================================================================================
[2026-05-24T19:37:48.093+0000] {manager.py:879} INFO - 
================================================================================
DAG File Processing Stats

File Path                                     PID    Runtime      # DAGs    # Errors  Last Runtime    Last Run
--------------------------------------------  -----  ---------  --------  ----------  --------------  -------------------
/opt/airflow/dags/dag_sunafil_orquestador.py                           1           0  0.16s           2026-05-24T19:37:38
================================================================================
[2026-05-24T19:44:46.715+0000] {manager.py:469} INFO - Processing files using up to 2 processes at a time 
[2026-05-24T19:44:48.406+0000] {manager.py:470} INFO - Process each file at most once every 30 seconds
[2026-05-24T19:44:48.407+0000] {manager.py:471} INFO - Checking for new files in /opt/airflow/dags every 300 seconds
[2026-05-24T19:44:48.510+0000] {manager.py:738} INFO - Searching for files in /opt/airflow/dags
[2026-05-24T19:44:51.947+0000] {manager.py:741} INFO - There are 1 files in /opt/airflow/dags
[2026-05-24T19:44:56.884+0000] {manager.py:879} INFO - 
================================================================================
DAG File Processing Stats

File Path                                       PID  Runtime      # DAGs    # Errors  Last Runtime    Last Run
--------------------------------------------  -----  ---------  --------  ----------  --------------  ----------
/opt/airflow/dags/dag_sunafil_orquestador.py    193  1.84s             0           0
================================================================================
[2026-05-24T19:45:26.714+0000] {manager.py:879} INFO - 
================================================================================
DAG File Processing Stats

File Path                                     PID    Runtime      # DAGs    # Errors  Last Runtime    Last Run
--------------------------------------------  -----  ---------  --------  ----------  --------------  -------------------
/opt/airflow/dags/dag_sunafil_orquestador.py                           1           0  4.58s           2026-05-24T19:44:59
================================================================================
[2026-05-24T19:45:56.232+0000] {manager.py:879} INFO - 
================================================================================
DAG File Processing Stats

File Path                                     PID    Runtime      # DAGs    # Errors  Last Runtime    Last Run
--------------------------------------------  -----  ---------  --------  ----------  --------------  -------------------
/opt/airflow/dags/dag_sunafil_orquestador.py                           1           0  11.73s          2026-05-24T19:45:48
================================================================================
[2026-05-24T19:46:26.213+0000] {manager.py:879} INFO - 
================================================================================
DAG File Processing Stats

File Path                                     PID    Runtime      # DAGs    # Errors  Last Runtime    Last Run
--------------------------------------------  -----  ---------  --------  ----------  --------------  -------------------
/opt/airflow/dags/dag_sunafil_orquestador.py                           1           0  1.45s           2026-05-24T19:46:21
================================================================================
[2026-05-24T19:46:56.517+0000] {manager.py:879} INFO - 
================================================================================
DAG File Processing Stats

File Path                                       PID  Runtime      # DAGs    # Errors  Last Runtime    Last Run
--------------------------------------------  -----  ---------  --------  ----------  --------------  -------------------
/opt/airflow/dags/dag_sunafil_orquestador.py    208  5.21s             1           0  1.45s           2026-05-24T19:46:21
================================================================================
[2026-05-24T19:47:26.899+0000] {manager.py:879} INFO - 
================================================================================
DAG File Processing Stats

File Path                                     PID    Runtime      # DAGs    # Errors  Last Runtime    Last Run
--------------------------------------------  -----  ---------  --------  ----------  --------------  -------------------
/opt/airflow/dags/dag_sunafil_orquestador.py                           1           0  7.96s           2026-05-24T19:46:59
================================================================================
[2026-05-24T19:47:57.142+0000] {manager.py:879} INFO - 
================================================================================
DAG File Processing Stats

File Path                                     PID    Runtime      # DAGs    # Errors  Last Runtime    Last Run
--------------------------------------------  -----  ---------  --------  ----------  --------------  -------------------
/opt/airflow/dags/dag_sunafil_orquestador.py                           1           0  1.99s           2026-05-24T19:47:31
================================================================================
[2026-05-24T19:48:27.290+0000] {manager.py:879} INFO - 
================================================================================
DAG File Processing Stats

File Path                                     PID    Runtime      # DAGs    # Errors  Last Runtime    Last Run
--------------------------------------------  -----  ---------  --------  ----------  --------------  -------------------
/opt/airflow/dags/dag_sunafil_orquestador.py                           1           0  2.91s           2026-05-24T19:48:05
================================================================================
[2026-05-24T19:48:58.162+0000] {manager.py:879} INFO - 
================================================================================
DAG File Processing Stats

File Path                                     PID    Runtime      # DAGs    # Errors  Last Runtime    Last Run
--------------------------------------------  -----  ---------  --------  ----------  --------------  -------------------
/opt/airflow/dags/dag_sunafil_orquestador.py                           1           0  0.25s           2026-05-24T19:48:36
================================================================================
[2026-05-24T19:49:28.898+0000] {manager.py:879} INFO - 
================================================================================
DAG File Processing Stats

File Path                                     PID    Runtime      # DAGs    # Errors  Last Runtime    Last Run
--------------------------------------------  -----  ---------  --------  ----------  --------------  -------------------
/opt/airflow/dags/dag_sunafil_orquestador.py                           1           0  2.28s           2026-05-24T19:49:10
================================================================================
[2026-05-24T19:49:49.025+0000] {manager.py:738} INFO - Searching for files in /opt/airflow/dags
[2026-05-24T19:49:49.780+0000] {manager.py:741} INFO - There are 1 files in /opt/airflow/dags
[2026-05-24T19:49:59.154+0000] {manager.py:879} INFO - 
================================================================================
DAG File Processing Stats

File Path                                     PID    Runtime      # DAGs    # Errors  Last Runtime    Last Run
--------------------------------------------  -----  ---------  --------  ----------  --------------  -------------------
/opt/airflow/dags/dag_sunafil_orquestador.py                           1           0  0.64s           2026-05-24T19:49:40
================================================================================
[2026-05-24T19:50:29.521+0000] {manager.py:879} INFO - 
================================================================================
DAG File Processing Stats

File Path                                     PID    Runtime      # DAGs    # Errors  Last Runtime    Last Run
--------------------------------------------  -----  ---------  --------  ----------  --------------  -------------------
/opt/airflow/dags/dag_sunafil_orquestador.py                           1           0  0.35s           2026-05-24T19:50:11
================================================================================
[2026-05-24T19:51:00.220+0000] {manager.py:879} INFO - 
================================================================================
DAG File Processing Stats

File Path                                     PID    Runtime      # DAGs    # Errors  Last Runtime    Last Run
--------------------------------------------  -----  ---------  --------  ----------  --------------  -------------------
/opt/airflow/dags/dag_sunafil_orquestador.py                           1           0  0.26s           2026-05-24T19:50:42
================================================================================
[2026-05-24T19:51:31.580+0000] {manager.py:879} INFO - 
================================================================================
DAG File Processing Stats

File Path                                     PID    Runtime      # DAGs    # Errors  Last Runtime    Last Run
--------------------------------------------  -----  ---------  --------  ----------  --------------  -------------------
/opt/airflow/dags/dag_sunafil_orquestador.py                           1           0  0.18s           2026-05-24T19:51:13
================================================================================
[2026-05-24T19:52:03.160+0000] {manager.py:879} INFO - 
================================================================================
DAG File Processing Stats

File Path                                       PID  Runtime      # DAGs    # Errors  Last Runtime    Last Run
--------------------------------------------  -----  ---------  --------  ----------  --------------  -------------------
/opt/airflow/dags/dag_sunafil_orquestador.py    253  15.68s            1           0  0.18s           2026-05-24T19:51:13
================================================================================
[2026-05-24T19:52:34.808+0000] {manager.py:879} INFO - 
================================================================================
DAG File Processing Stats

File Path                                     PID    Runtime      # DAGs    # Errors  Last Runtime    Last Run
--------------------------------------------  -----  ---------  --------  ----------  --------------  -------------------
/opt/airflow/dags/dag_sunafil_orquestador.py                           1           0  36.54s          2026-05-24T19:52:24
================================================================================
[2026-05-24T19:53:05.771+0000] {manager.py:879} INFO - 
================================================================================
DAG File Processing Stats

File Path                                     PID    Runtime      # DAGs    # Errors  Last Runtime    Last Run
--------------------------------------------  -----  ---------  --------  ----------  --------------  -------------------
/opt/airflow/dags/dag_sunafil_orquestador.py                           1           0  0.34s           2026-05-24T19:52:56
================================================================================
[2026-05-24T19:53:36.385+0000] {manager.py:879} INFO - 
================================================================================
DAG File Processing Stats

File Path                                     PID    Runtime      # DAGs    # Errors  Last Runtime    Last Run
--------------------------------------------  -----  ---------  --------  ----------  --------------  -------------------
/opt/airflow/dags/dag_sunafil_orquestador.py                           1           0  0.31s           2026-05-24T19:53:27
================================================================================
[2026-05-24T19:54:09.322+0000] {manager.py:879} INFO - 
================================================================================
DAG File Processing Stats

File Path                                       PID  Runtime      # DAGs    # Errors  Last Runtime    Last Run
--------------------------------------------  -----  ---------  --------  ----------  --------------  -------------------
/opt/airflow/dags/dag_sunafil_orquestador.py    268  10.31s            1           0  0.31s           2026-05-24T19:53:27
================================================================================
[2026-05-24T19:54:39.590+0000] {manager.py:879} INFO - 
================================================================================
DAG File Processing Stats

File Path                                     PID    Runtime      # DAGs    # Errors  Last Runtime    Last Run
--------------------------------------------  -----  ---------  --------  ----------  --------------  -------------------
/opt/airflow/dags/dag_sunafil_orquestador.py                           1           0  14.53s          2026-05-24T19:54:12
================================================================================
[2026-05-24T19:54:49.352+0000] {manager.py:738} INFO - Searching for files in /opt/airflow/dags
[2026-05-24T19:54:49.369+0000] {manager.py:741} INFO - There are 1 files in /opt/airflow/dags
[2026-05-24T19:55:09.824+0000] {manager.py:879} INFO - 
================================================================================
DAG File Processing Stats

File Path                                     PID    Runtime      # DAGs    # Errors  Last Runtime    Last Run
--------------------------------------------  -----  ---------  --------  ----------  --------------  -------------------
/opt/airflow/dags/dag_sunafil_orquestador.py                           1           0  4.73s           2026-05-24T19:54:48
================================================================================
[2026-05-24T19:55:40.399+0000] {manager.py:879} INFO - 
================================================================================
DAG File Processing Stats

File Path                                     PID    Runtime      # DAGs    # Errors  Last Runtime    Last Run
--------------------------------------------  -----  ---------  --------  ----------  --------------  -------------------
/opt/airflow/dags/dag_sunafil_orquestador.py                           1           0  5.98s           2026-05-24T19:55:24
================================================================================
[2026-05-24T19:56:10.953+0000] {manager.py:879} INFO - 
================================================================================
DAG File Processing Stats

File Path                                     PID    Runtime      # DAGs    # Errors  Last Runtime    Last Run
--------------------------------------------  -----  ---------  --------  ----------  --------------  -------------------
/opt/airflow/dags/dag_sunafil_orquestador.py                           1           0  1.64s           2026-05-24T19:55:57
================================================================================
[2026-05-24T19:56:40.999+0000] {manager.py:879} INFO - 
================================================================================
DAG File Processing Stats

File Path                                     PID    Runtime      # DAGs    # Errors  Last Runtime    Last Run
--------------------------------------------  -----  ---------  --------  ----------  --------------  -------------------
/opt/airflow/dags/dag_sunafil_orquestador.py                           1           0  2.56s           2026-05-24T19:56:29
================================================================================
[2026-05-24T19:57:11.006+0000] {manager.py:879} INFO - 
================================================================================
DAG File Processing Stats

File Path                                     PID    Runtime      # DAGs    # Errors  Last Runtime    Last Run
--------------------------------------------  -----  ---------  --------  ----------  --------------  -------------------
/opt/airflow/dags/dag_sunafil_orquestador.py                           1           0  0.70s           2026-05-24T19:57:00
================================================================================
[2026-05-24T19:57:41.229+0000] {manager.py:879} INFO - 
================================================================================
DAG File Processing Stats

File Path                                     PID    Runtime      # DAGs    # Errors  Last Runtime    Last Run
--------------------------------------------  -----  ---------  --------  ----------  --------------  -------------------
/opt/airflow/dags/dag_sunafil_orquestador.py                           1           0  0.22s           2026-05-24T19:57:31
================================================================================
[2026-05-24T19:58:11.339+0000] {manager.py:879} INFO - 
================================================================================
DAG File Processing Stats

File Path                                     PID    Runtime      # DAGs    # Errors  Last Runtime    Last Run
--------------------------------------------  -----  ---------  --------  ----------  --------------  -------------------
/opt/airflow/dags/dag_sunafil_orquestador.py                           1           0  6.65s           2026-05-24T19:58:09
================================================================================
[2026-05-24T19:58:42.129+0000] {manager.py:879} INFO - 
================================================================================
DAG File Processing Stats

File Path                                       PID  Runtime      # DAGs    # Errors  Last Runtime    Last Run
--------------------------------------------  -----  ---------  --------  ----------  --------------  -------------------
/opt/airflow/dags/dag_sunafil_orquestador.py    308  3.02s             1           0  6.65s           2026-05-24T19:58:09
================================================================================
[2026-05-24T20:00:51.543+0000] {manager.py:738} INFO - Searching for files in /opt/airflow/dags
[2026-05-24T20:00:52.942+0000] {manager.py:741} INFO - There are 1 files in /opt/airflow/dags
[2026-05-24T20:00:52.954+0000] {manager.py:1201} ERROR - Processor for /opt/airflow/dags/dag_sunafil_orquestador.py with PID 308 started at 2026-05-24T19:58:39.104428+00:00 has timed out, killing it.
[2026-05-24T20:11:14.468+0000] {manager.py:469} INFO - Processing files using up to 2 processes at a time 
[2026-05-24T20:11:16.710+0000] {manager.py:470} INFO - Process each file at most once every 30 seconds
[2026-05-24T20:11:16.711+0000] {manager.py:471} INFO - Checking for new files in /opt/airflow/dags every 300 seconds
[2026-05-24T20:11:16.712+0000] {manager.py:738} INFO - Searching for files in /opt/airflow/dags
[2026-05-24T20:11:44.320+0000] {manager.py:741} INFO - There are 1 files in /opt/airflow/dags
[2026-05-24T20:12:54.556+0000] {manager.py:451} INFO - Exiting gracefully upon receiving signal 15
[2026-05-24T20:31:14.228+0000] {manager.py:469} INFO - Processing files using up to 2 processes at a time 
[2026-05-24T20:31:14.311+0000] {manager.py:470} INFO - Process each file at most once every 30 seconds
[2026-05-24T20:31:14.312+0000] {manager.py:471} INFO - Checking for new files in /opt/airflow/dags every 300 seconds
[2026-05-24T20:31:14.313+0000] {manager.py:738} INFO - Searching for files in /opt/airflow/dags
[2026-05-24T20:31:14.339+0000] {manager.py:741} INFO - There are 1 files in /opt/airflow/dags
[2026-05-24T20:31:14.532+0000] {manager.py:879} INFO - 
================================================================================
DAG File Processing Stats

File Path                                       PID  Runtime      # DAGs    # Errors  Last Runtime    Last Run
--------------------------------------------  -----  ---------  --------  ----------  --------------  ----------
/opt/airflow/dags/dag_sunafil_orquestador.py    201  0.08s             0           0
================================================================================
[2026-05-24T20:31:46.688+0000] {manager.py:879} INFO - 
================================================================================
DAG File Processing Stats

File Path                                       PID  Runtime      # DAGs    # Errors  Last Runtime    Last Run
--------------------------------------------  -----  ---------  --------  ----------  --------------  -------------------
/opt/airflow/dags/dag_sunafil_orquestador.py    206  0.01s             1           0  0.89s           2026-05-24T20:31:15
================================================================================
[2026-05-24T20:32:16.694+0000] {manager.py:879} INFO - 
================================================================================
DAG File Processing Stats

File Path                                     PID    Runtime      # DAGs    # Errors  Last Runtime    Last Run
--------------------------------------------  -----  ---------  --------  ----------  --------------  -------------------
/opt/airflow/dags/dag_sunafil_orquestador.py                           1           0  19.64s          2026-05-24T20:32:06
================================================================================
[2026-05-24T20:32:47.283+0000] {manager.py:879} INFO - 
================================================================================
DAG File Processing Stats

File Path                                       PID  Runtime      # DAGs    # Errors  Last Runtime    Last Run
--------------------------------------------  -----  ---------  --------  ----------  --------------  -------------------
/opt/airflow/dags/dag_sunafil_orquestador.py    211  10.08s            1           0  19.64s          2026-05-24T20:32:06
================================================================================
[2026-05-24T20:33:17.453+0000] {manager.py:879} INFO - 
================================================================================
DAG File Processing Stats

File Path                                     PID    Runtime      # DAGs    # Errors  Last Runtime    Last Run
--------------------------------------------  -----  ---------  --------  ----------  --------------  -------------------
/opt/airflow/dags/dag_sunafil_orquestador.py                           1           0  10.46s          2026-05-24T20:32:47
================================================================================
[2026-05-24T20:33:48.238+0000] {manager.py:879} INFO - 
================================================================================
DAG File Processing Stats

File Path                                     PID    Runtime      # DAGs    # Errors  Last Runtime    Last Run
--------------------------------------------  -----  ---------  --------  ----------  --------------  -------------------
/opt/airflow/dags/dag_sunafil_orquestador.py                           1           0  0.20s           2026-05-24T20:33:18
================================================================================
[2026-05-24T20:34:18.986+0000] {manager.py:879} INFO - 
================================================================================
DAG File Processing Stats

File Path                                     PID    Runtime      # DAGs    # Errors  Last Runtime    Last Run
--------------------------------------------  -----  ---------  --------  ----------  --------------  -------------------
/opt/airflow/dags/dag_sunafil_orquestador.py                           1           0  0.36s           2026-05-24T20:33:49
================================================================================
[2026-05-24T20:34:49.157+0000] {manager.py:879} INFO - 
================================================================================
DAG File Processing Stats

File Path                                     PID    Runtime      # DAGs    # Errors  Last Runtime    Last Run
--------------------------------------------  -----  ---------  --------  ----------  --------------  -------------------
/opt/airflow/dags/dag_sunafil_orquestador.py                           1           0  2.92s           2026-05-24T20:34:22
================================================================================
[2026-05-24T20:35:19.394+0000] {manager.py:879} INFO - 
================================================================================
DAG File Processing Stats

File Path                                     PID    Runtime      # DAGs    # Errors  Last Runtime    Last Run
--------------------------------------------  -----  ---------  --------  ----------  --------------  -------------------
/opt/airflow/dags/dag_sunafil_orquestador.py                           1           0  0.33s           2026-05-24T20:34:53
================================================================================
[2026-05-24T20:35:49.465+0000] {manager.py:879} INFO - 
================================================================================
DAG File Processing Stats

File Path                                     PID    Runtime      # DAGs    # Errors  Last Runtime    Last Run
--------------------------------------------  -----  ---------  --------  ----------  --------------  -------------------
/opt/airflow/dags/dag_sunafil_orquestador.py                           1           0  1.60s           2026-05-24T20:35:25
================================================================================
[2026-05-24T20:36:14.711+0000] {manager.py:738} INFO - Searching for files in /opt/airflow/dags
[2026-05-24T20:36:14.726+0000] {manager.py:741} INFO - There are 1 files in /opt/airflow/dags
[2026-05-24T20:36:19.827+0000] {manager.py:879} INFO - 
================================================================================
DAG File Processing Stats

File Path                                     PID    Runtime      # DAGs    # Errors  Last Runtime    Last Run
--------------------------------------------  -----  ---------  --------  ----------  --------------  -------------------
/opt/airflow/dags/dag_sunafil_orquestador.py                           1           0  0.32s           2026-05-24T20:35:55
================================================================================
[2026-05-24T20:36:50.322+0000] {manager.py:879} INFO - 
================================================================================
DAG File Processing Stats

File Path                                     PID    Runtime      # DAGs    # Errors  Last Runtime    Last Run
--------------------------------------------  -----  ---------  --------  ----------  --------------  -------------------
/opt/airflow/dags/dag_sunafil_orquestador.py                           1           0  0.15s           2026-05-24T20:36:26
================================================================================
[2026-05-24T20:37:20.941+0000] {manager.py:879} INFO - 
================================================================================
DAG File Processing Stats

File Path                                     PID    Runtime      # DAGs    # Errors  Last Runtime    Last Run
--------------------------------------------  -----  ---------  --------  ----------  --------------  -------------------
/opt/airflow/dags/dag_sunafil_orquestador.py                           1           0  0.15s           2026-05-24T20:36:56
================================================================================
[2026-05-24T20:37:51.452+0000] {manager.py:879} INFO - 
================================================================================
DAG File Processing Stats

File Path                                     PID    Runtime      # DAGs    # Errors  Last Runtime    Last Run
--------------------------------------------  -----  ---------  --------  ----------  --------------  -------------------
/opt/airflow/dags/dag_sunafil_orquestador.py                           1           0  0.17s           2026-05-24T20:37:27
================================================================================
[2026-05-24T20:38:22.392+0000] {manager.py:879} INFO - 
================================================================================
DAG File Processing Stats

File Path                                     PID    Runtime      # DAGs    # Errors  Last Runtime    Last Run
--------------------------------------------  -----  ---------  --------  ----------  --------------  -------------------
/opt/airflow/dags/dag_sunafil_orquestador.py                           1           0  0.15s           2026-05-24T20:37:57
================================================================================
[2026-05-24T20:38:52.983+0000] {manager.py:879} INFO - 
================================================================================
DAG File Processing Stats

File Path                                     PID    Runtime      # DAGs    # Errors  Last Runtime    Last Run
--------------------------------------------  -----  ---------  --------  ----------  --------------  -------------------
/opt/airflow/dags/dag_sunafil_orquestador.py                           1           0  6.30s           2026-05-24T20:38:35
================================================================================
[2026-05-24T20:39:23.728+0000] {manager.py:879} INFO - 
================================================================================
DAG File Processing Stats

File Path                                     PID    Runtime      # DAGs    # Errors  Last Runtime    Last Run
--------------------------------------------  -----  ---------  --------  ----------  --------------  -------------------
/opt/airflow/dags/dag_sunafil_orquestador.py                           1           0  11.06s          2026-05-24T20:39:16
================================================================================
[2026-05-24T20:39:54.061+0000] {manager.py:879} INFO - 
================================================================================
DAG File Processing Stats

File Path                                     PID    Runtime      # DAGs    # Errors  Last Runtime    Last Run
--------------------------------------------  -----  ---------  --------  ----------  --------------  -------------------
/opt/airflow/dags/dag_sunafil_orquestador.py                           1           0  0.18s           2026-05-24T20:39:47
================================================================================
[2026-05-24T20:40:24.435+0000] {manager.py:879} INFO - 
================================================================================
DAG File Processing Stats

File Path                                     PID    Runtime      # DAGs    # Errors  Last Runtime    Last Run
--------------------------------------------  -----  ---------  --------  ----------  --------------  -------------------
/opt/airflow/dags/dag_sunafil_orquestador.py                           1           0  0.17s           2026-05-24T20:40:17
================================================================================
[2026-05-24T20:40:54.864+0000] {manager.py:879} INFO - 
================================================================================
DAG File Processing Stats

File Path                                     PID    Runtime      # DAGs    # Errors  Last Runtime    Last Run
--------------------------------------------  -----  ---------  --------  ----------  --------------  -------------------
/opt/airflow/dags/dag_sunafil_orquestador.py                           1           0  2.77s           2026-05-24T20:40:50
================================================================================
[2026-05-24T20:41:14.998+0000] {manager.py:738} INFO - Searching for files in /opt/airflow/dags
[2026-05-24T20:41:15.024+0000] {manager.py:741} INFO - There are 1 files in /opt/airflow/dags
[2026-05-24T20:41:24.889+0000] {manager.py:879} INFO - 
================================================================================
DAG File Processing Stats

File Path                                     PID    Runtime      # DAGs    # Errors  Last Runtime    Last Run
--------------------------------------------  -----  ---------  --------  ----------  --------------  -------------------
/opt/airflow/dags/dag_sunafil_orquestador.py                           1           0  0.22s           2026-05-24T20:41:20
================================================================================
[2026-05-24T20:41:55.018+0000] {manager.py:879} INFO - 
================================================================================
DAG File Processing Stats

File Path                                     PID    Runtime      # DAGs    # Errors  Last Runtime    Last Run
--------------------------------------------  -----  ---------  --------  ----------  --------------  -------------------
/opt/airflow/dags/dag_sunafil_orquestador.py                           1           0  1.03s           2026-05-24T20:41:51
================================================================================
[2026-05-24T20:42:25.900+0000] {manager.py:879} INFO - 
================================================================================
DAG File Processing Stats

File Path                                       PID  Runtime      # DAGs    # Errors  Last Runtime    Last Run
--------------------------------------------  -----  ---------  --------  ----------  --------------  -------------------
/opt/airflow/dags/dag_sunafil_orquestador.py    301  3.61s             1           0  1.03s           2026-05-24T20:41:51
================================================================================
[2026-05-24T20:42:56.766+0000] {manager.py:879} INFO - 
================================================================================
DAG File Processing Stats

File Path                                     PID    Runtime      # DAGs    # Errors  Last Runtime    Last Run
--------------------------------------------  -----  ---------  --------  ----------  --------------  -------------------
/opt/airflow/dags/dag_sunafil_orquestador.py                           1           0  6.06s           2026-05-24T20:42:28
================================================================================
[2026-05-24T20:43:27.121+0000] {manager.py:879} INFO - 
================================================================================
DAG File Processing Stats

File Path                                     PID    Runtime      # DAGs    # Errors  Last Runtime    Last Run
--------------------------------------------  -----  ---------  --------  ----------  --------------  -------------------
/opt/airflow/dags/dag_sunafil_orquestador.py                           1           0  0.18s           2026-05-24T20:42:58
================================================================================
[2026-05-24T20:43:57.659+0000] {manager.py:879} INFO - 
================================================================================
DAG File Processing Stats

File Path                                     PID    Runtime      # DAGs    # Errors  Last Runtime    Last Run
--------------------------------------------  -----  ---------  --------  ----------  --------------  -------------------
/opt/airflow/dags/dag_sunafil_orquestador.py                           1           0  0.19s           2026-05-24T20:43:29
================================================================================
[2026-05-24T20:44:27.958+0000] {manager.py:879} INFO - 
================================================================================
DAG File Processing Stats

File Path                                     PID    Runtime      # DAGs    # Errors  Last Runtime    Last Run
--------------------------------------------  -----  ---------  --------  ----------  --------------  -------------------
/opt/airflow/dags/dag_sunafil_orquestador.py                           1           0  0.18s           2026-05-24T20:43:59
================================================================================
[2026-05-24T20:44:58.288+0000] {manager.py:879} INFO - 
================================================================================
DAG File Processing Stats

File Path                                     PID    Runtime      # DAGs    # Errors  Last Runtime    Last Run
--------------------------------------------  -----  ---------  --------  ----------  --------------  -------------------
/opt/airflow/dags/dag_sunafil_orquestador.py                           1           0  0.15s           2026-05-24T20:44:30
================================================================================
[2026-05-24T20:45:28.735+0000] {manager.py:879} INFO - 
================================================================================
DAG File Processing Stats

File Path                                     PID    Runtime      # DAGs    # Errors  Last Runtime    Last Run
--------------------------------------------  -----  ---------  --------  ----------  --------------  -------------------
/opt/airflow/dags/dag_sunafil_orquestador.py                           1           0  0.15s           2026-05-24T20:45:00
================================================================================
[2026-05-24T20:45:59.123+0000] {manager.py:879} INFO - 
================================================================================
DAG File Processing Stats

File Path                                     PID    Runtime      # DAGs    # Errors  Last Runtime    Last Run
--------------------------------------------  -----  ---------  --------  ----------  --------------  -------------------
/opt/airflow/dags/dag_sunafil_orquestador.py                           1           0  0.16s           2026-05-24T20:45:30
================================================================================
[2026-05-24T20:46:15.408+0000] {manager.py:738} INFO - Searching for files in /opt/airflow/dags
[2026-05-24T20:46:15.426+0000] {manager.py:741} INFO - There are 1 files in /opt/airflow/dags
[2026-05-24T20:46:29.586+0000] {manager.py:879} INFO - 
================================================================================
DAG File Processing Stats

File Path                                     PID    Runtime      # DAGs    # Errors  Last Runtime    Last Run
--------------------------------------------  -----  ---------  --------  ----------  --------------  -------------------
/opt/airflow/dags/dag_sunafil_orquestador.py                           1           0  0.15s           2026-05-24T20:46:01
================================================================================
[2026-05-24T20:46:59.901+0000] {manager.py:879} INFO - 
================================================================================
DAG File Processing Stats

File Path                                     PID    Runtime      # DAGs    # Errors  Last Runtime    Last Run
--------------------------------------------  -----  ---------  --------  ----------  --------------  -------------------
/opt/airflow/dags/dag_sunafil_orquestador.py                           1           0  0.15s           2026-05-24T20:46:31
================================================================================
[2026-05-24T20:47:30.351+0000] {manager.py:879} INFO - 
================================================================================
DAG File Processing Stats

File Path                                     PID    Runtime      # DAGs    # Errors  Last Runtime    Last Run
--------------------------------------------  -----  ---------  --------  ----------  --------------  -------------------
/opt/airflow/dags/dag_sunafil_orquestador.py                           1           0  0.17s           2026-05-24T20:47:02
================================================================================
[2026-05-24T20:48:00.751+0000] {manager.py:879} INFO - 
================================================================================
DAG File Processing Stats

File Path                                     PID    Runtime      # DAGs    # Errors  Last Runtime    Last Run
--------------------------------------------  -----  ---------  --------  ----------  --------------  -------------------
/opt/airflow/dags/dag_sunafil_orquestador.py                           1           0  0.15s           2026-05-24T20:47:32
================================================================================
[2026-05-24T20:48:31.131+0000] {manager.py:879} INFO - 
================================================================================
DAG File Processing Stats

File Path                                     PID    Runtime      # DAGs    # Errors  Last Runtime    Last Run
--------------------------------------------  -----  ---------  --------  ----------  --------------  -------------------
/opt/airflow/dags/dag_sunafil_orquestador.py                           1           0  0.23s           2026-05-24T20:48:03
================================================================================
[2026-05-24T20:49:01.575+0000] {manager.py:879} INFO - 
================================================================================
DAG File Processing Stats

File Path                                     PID    Runtime      # DAGs    # Errors  Last Runtime    Last Run
--------------------------------------------  -----  ---------  --------  ----------  --------------  -------------------
/opt/airflow/dags/dag_sunafil_orquestador.py                           1           0  0.15s           2026-05-24T20:48:33
================================================================================
[2026-05-24T20:49:31.996+0000] {manager.py:879} INFO - 
================================================================================
DAG File Processing Stats

File Path                                     PID    Runtime      # DAGs    # Errors  Last Runtime    Last Run
--------------------------------------------  -----  ---------  --------  ----------  --------------  -------------------
/opt/airflow/dags/dag_sunafil_orquestador.py                           1           0  0.15s           2026-05-24T20:49:03
================================================================================
[2026-05-24T20:50:02.425+0000] {manager.py:879} INFO - 
================================================================================
DAG File Processing Stats

File Path                                     PID    Runtime      # DAGs    # Errors  Last Runtime    Last Run
--------------------------------------------  -----  ---------  --------  ----------  --------------  -------------------
/opt/airflow/dags/dag_sunafil_orquestador.py                           1           0  0.16s           2026-05-24T20:49:34
================================================================================
[2026-05-24T20:50:32.857+0000] {manager.py:879} INFO - 
================================================================================
DAG File Processing Stats

File Path                                     PID    Runtime      # DAGs    # Errors  Last Runtime    Last Run
--------------------------------------------  -----  ---------  --------  ----------  --------------  -------------------
/opt/airflow/dags/dag_sunafil_orquestador.py                           1           0  0.17s           2026-05-24T20:50:04
================================================================================
[2026-05-24T20:51:03.115+0000] {manager.py:879} INFO - 
================================================================================
DAG File Processing Stats

File Path                                     PID    Runtime      # DAGs    # Errors  Last Runtime    Last Run
--------------------------------------------  -----  ---------  --------  ----------  --------------  -------------------
/opt/airflow/dags/dag_sunafil_orquestador.py                           1           0  0.16s           2026-05-24T20:50:35
================================================================================
[2026-05-24T20:51:16.366+0000] {manager.py:738} INFO - Searching for files in /opt/airflow/dags
[2026-05-24T20:51:16.403+0000] {manager.py:741} INFO - There are 1 files in /opt/airflow/dags
[2026-05-24T20:51:33.625+0000] {manager.py:879} INFO - 
================================================================================
DAG File Processing Stats

File Path                                     PID    Runtime      # DAGs    # Errors  Last Runtime    Last Run
--------------------------------------------  -----  ---------  --------  ----------  --------------  -------------------
/opt/airflow/dags/dag_sunafil_orquestador.py                           1           0  0.18s           2026-05-24T20:51:05
================================================================================
[2026-05-24T20:52:03.988+0000] {manager.py:879} INFO - 
================================================================================
DAG File Processing Stats

File Path                                     PID    Runtime      # DAGs    # Errors  Last Runtime    Last Run
--------------------------------------------  -----  ---------  --------  ----------  --------------  -------------------
/opt/airflow/dags/dag_sunafil_orquestador.py                           1           0  0.14s           2026-05-24T20:51:35
================================================================================
[2026-05-24T20:52:34.411+0000] {manager.py:879} INFO - 
================================================================================
DAG File Processing Stats

File Path                                     PID    Runtime      # DAGs    # Errors  Last Runtime    Last Run
--------------------------------------------  -----  ---------  --------  ----------  --------------  -------------------
/opt/airflow/dags/dag_sunafil_orquestador.py                           1           0  0.15s           2026-05-24T20:52:06
================================================================================
[2026-05-24T20:53:04.679+0000] {manager.py:879} INFO - 
================================================================================
DAG File Processing Stats

File Path                                     PID    Runtime      # DAGs    # Errors  Last Runtime    Last Run
--------------------------------------------  -----  ---------  --------  ----------  --------------  -------------------
/opt/airflow/dags/dag_sunafil_orquestador.py                           1           0  0.16s           2026-05-24T20:52:36
================================================================================
[2026-05-24T20:53:34.990+0000] {manager.py:879} INFO - 
================================================================================
DAG File Processing Stats

File Path                                     PID    Runtime      # DAGs    # Errors  Last Runtime    Last Run
--------------------------------------------  -----  ---------  --------  ----------  --------------  -------------------
/opt/airflow/dags/dag_sunafil_orquestador.py                           1           0  0.13s           2026-05-24T20:53:06
================================================================================
[2026-05-24T20:54:05.407+0000] {manager.py:879} INFO - 
================================================================================
DAG File Processing Stats

File Path                                     PID    Runtime      # DAGs    # Errors  Last Runtime    Last Run
--------------------------------------------  -----  ---------  --------  ----------  --------------  -------------------
/opt/airflow/dags/dag_sunafil_orquestador.py                           1           0  0.15s           2026-05-24T20:53:37
================================================================================
[2026-05-24T20:54:35.734+0000] {manager.py:879} INFO - 
================================================================================
DAG File Processing Stats

File Path                                     PID    Runtime      # DAGs    # Errors  Last Runtime    Last Run
--------------------------------------------  -----  ---------  --------  ----------  --------------  -------------------
/opt/airflow/dags/dag_sunafil_orquestador.py                           1           0  0.15s           2026-05-24T20:54:07
================================================================================
[2026-05-24T20:55:06.156+0000] {manager.py:879} INFO - 
================================================================================
DAG File Processing Stats

File Path                                     PID    Runtime      # DAGs    # Errors  Last Runtime    Last Run
--------------------------------------------  -----  ---------  --------  ----------  --------------  -------------------
/opt/airflow/dags/dag_sunafil_orquestador.py                           1           0  0.17s           2026-05-24T20:54:37
================================================================================
[2026-05-24T20:55:34.506+0000] {manager.py:451} INFO - Exiting gracefully upon receiving signal 15
[2026-05-24T20:59:25.669+0000] {manager.py:469} INFO - Processing files using up to 2 processes at a time 
[2026-05-24T20:59:25.698+0000] {manager.py:470} INFO - Process each file at most once every 30 seconds
[2026-05-24T20:59:25.699+0000] {manager.py:471} INFO - Checking for new files in /opt/airflow/dags every 300 seconds
[2026-05-24T20:59:25.700+0000] {manager.py:738} INFO - Searching for files in /opt/airflow/dags
[2026-05-24T20:59:25.722+0000] {manager.py:741} INFO - There are 1 files in /opt/airflow/dags
[2026-05-24T20:59:25.995+0000] {manager.py:879} INFO - 
================================================================================
DAG File Processing Stats

File Path                                       PID  Runtime      # DAGs    # Errors  Last Runtime    Last Run
--------------------------------------------  -----  ---------  --------  ----------  --------------  ----------
/opt/airflow/dags/dag_sunafil_orquestador.py    203  0.14s             0           0
================================================================================
[2026-05-24T20:59:56.123+0000] {manager.py:879} INFO - 
================================================================================
DAG File Processing Stats

File Path                                     PID    Runtime      # DAGs    # Errors  Last Runtime    Last Run
--------------------------------------------  -----  ---------  --------  ----------  --------------  -------------------
/opt/airflow/dags/dag_sunafil_orquestador.py                           1           0  0.84s           2026-05-24T20:59:26
================================================================================
[2026-05-24T21:00:26.308+0000] {manager.py:879} INFO - 
================================================================================
DAG File Processing Stats

File Path                                     PID    Runtime      # DAGs    # Errors  Last Runtime    Last Run
--------------------------------------------  -----  ---------  --------  ----------  --------------  -------------------
/opt/airflow/dags/dag_sunafil_orquestador.py                           1           0  0.51s           2026-05-24T20:59:57
================================================================================
[2026-05-24T21:00:56.681+0000] {manager.py:879} INFO - 
================================================================================
DAG File Processing Stats

File Path                                     PID    Runtime      # DAGs    # Errors  Last Runtime    Last Run
--------------------------------------------  -----  ---------  --------  ----------  --------------  -------------------
/opt/airflow/dags/dag_sunafil_orquestador.py                           1           0  1.76s           2026-05-24T21:00:29
================================================================================
[2026-05-24T21:01:27.045+0000] {manager.py:879} INFO - 
================================================================================
DAG File Processing Stats

File Path                                     PID    Runtime      # DAGs    # Errors  Last Runtime    Last Run
--------------------------------------------  -----  ---------  --------  ----------  --------------  -------------------
/opt/airflow/dags/dag_sunafil_orquestador.py                           1           0  1.37s           2026-05-24T21:01:01
================================================================================
[2026-05-24T21:01:57.186+0000] {manager.py:879} INFO - 
================================================================================
DAG File Processing Stats

File Path                                     PID    Runtime      # DAGs    # Errors  Last Runtime    Last Run
--------------------------------------------  -----  ---------  --------  ----------  --------------  -------------------
/opt/airflow/dags/dag_sunafil_orquestador.py                           1           0  0.35s           2026-05-24T21:01:31
================================================================================
[2026-05-24T21:02:27.330+0000] {manager.py:879} INFO - 
================================================================================
DAG File Processing Stats

File Path                                     PID    Runtime      # DAGs    # Errors  Last Runtime    Last Run
--------------------------------------------  -----  ---------  --------  ----------  --------------  -------------------
/opt/airflow/dags/dag_sunafil_orquestador.py                           1           0  0.15s           2026-05-24T21:02:02
================================================================================
[2026-05-24T21:02:58.191+0000] {manager.py:879} INFO - 
================================================================================
DAG File Processing Stats

File Path                                     PID    Runtime      # DAGs    # Errors  Last Runtime    Last Run
--------------------------------------------  -----  ---------  --------  ----------  --------------  -------------------
/opt/airflow/dags/dag_sunafil_orquestador.py                           1           0  0.17s           2026-05-24T21:02:32
================================================================================
[2026-05-24T21:03:28.543+0000] {manager.py:879} INFO - 
================================================================================
DAG File Processing Stats

File Path                                     PID    Runtime      # DAGs    # Errors  Last Runtime    Last Run
--------------------------------------------  -----  ---------  --------  ----------  --------------  -------------------
/opt/airflow/dags/dag_sunafil_orquestador.py                           1           0  0.15s           2026-05-24T21:03:03
================================================================================
[2026-05-24T21:03:58.976+0000] {manager.py:879} INFO - 
================================================================================
DAG File Processing Stats

File Path                                     PID    Runtime      # DAGs    # Errors  Last Runtime    Last Run
--------------------------------------------  -----  ---------  --------  ----------  --------------  -------------------
/opt/airflow/dags/dag_sunafil_orquestador.py                           1           0  0.15s           2026-05-24T21:03:33
================================================================================
[2026-05-24T21:04:26.250+0000] {manager.py:738} INFO - Searching for files in /opt/airflow/dags
[2026-05-24T21:04:26.276+0000] {manager.py:741} INFO - There are 1 files in /opt/airflow/dags
[2026-05-24T21:04:29.337+0000] {manager.py:879} INFO - 
================================================================================
DAG File Processing Stats

File Path                                     PID    Runtime      # DAGs    # Errors  Last Runtime    Last Run
--------------------------------------------  -----  ---------  --------  ----------  --------------  -------------------
/opt/airflow/dags/dag_sunafil_orquestador.py                           1           0  0.22s           2026-05-24T21:04:04
================================================================================
[2026-05-24T21:04:59.773+0000] {manager.py:879} INFO - 
================================================================================
DAG File Processing Stats

File Path                                     PID    Runtime      # DAGs    # Errors  Last Runtime    Last Run
--------------------------------------------  -----  ---------  --------  ----------  --------------  -------------------
/opt/airflow/dags/dag_sunafil_orquestador.py                           1           0  0.15s           2026-05-24T21:04:34
================================================================================
[2026-05-24T21:05:30.087+0000] {manager.py:879} INFO - 
================================================================================
DAG File Processing Stats

File Path                                     PID    Runtime      # DAGs    # Errors  Last Runtime    Last Run
--------------------------------------------  -----  ---------  --------  ----------  --------------  -------------------
/opt/airflow/dags/dag_sunafil_orquestador.py                           1           0  0.17s           2026-05-24T21:05:05
================================================================================
[2026-05-24T21:06:00.529+0000] {manager.py:879} INFO - 
================================================================================
DAG File Processing Stats

File Path                                     PID    Runtime      # DAGs    # Errors  Last Runtime    Last Run
--------------------------------------------  -----  ---------  --------  ----------  --------------  -------------------
/opt/airflow/dags/dag_sunafil_orquestador.py                           1           0  0.15s           2026-05-24T21:05:35
================================================================================
[2026-05-24T21:06:30.815+0000] {manager.py:879} INFO - 
================================================================================
DAG File Processing Stats

File Path                                     PID    Runtime      # DAGs    # Errors  Last Runtime    Last Run
--------------------------------------------  -----  ---------  --------  ----------  --------------  -------------------
/opt/airflow/dags/dag_sunafil_orquestador.py                           1           0  0.15s           2026-05-24T21:06:05
================================================================================
[2026-05-24T21:07:01.227+0000] {manager.py:879} INFO - 
================================================================================
DAG File Processing Stats

File Path                                     PID    Runtime      # DAGs    # Errors  Last Runtime    Last Run
--------------------------------------------  -----  ---------  --------  ----------  --------------  -------------------
/opt/airflow/dags/dag_sunafil_orquestador.py                           1           0  0.16s           2026-05-24T21:06:36
================================================================================
[2026-05-24T21:07:31.647+0000] {manager.py:879} INFO - 
================================================================================
DAG File Processing Stats

File Path                                     PID    Runtime      # DAGs    # Errors  Last Runtime    Last Run
--------------------------------------------  -----  ---------  --------  ----------  --------------  -------------------
/opt/airflow/dags/dag_sunafil_orquestador.py                           1           0  0.19s           2026-05-24T21:07:06
================================================================================
[2026-05-24T21:08:02.174+0000] {manager.py:879} INFO - 
================================================================================
DAG File Processing Stats

File Path                                     PID    Runtime      # DAGs    # Errors  Last Runtime    Last Run
--------------------------------------------  -----  ---------  --------  ----------  --------------  -------------------
/opt/airflow/dags/dag_sunafil_orquestador.py                           1           0  0.15s           2026-05-24T21:07:37
================================================================================
[2026-05-24T21:08:32.549+0000] {manager.py:879} INFO - 
================================================================================
DAG File Processing Stats

File Path                                     PID    Runtime      # DAGs    # Errors  Last Runtime    Last Run
--------------------------------------------  -----  ---------  --------  ----------  --------------  -------------------
/opt/airflow/dags/dag_sunafil_orquestador.py                           1           0  0.16s           2026-05-24T21:08:07
================================================================================
[2026-05-24T21:09:02.949+0000] {manager.py:879} INFO - 
================================================================================
DAG File Processing Stats

File Path                                     PID    Runtime      # DAGs    # Errors  Last Runtime    Last Run
--------------------------------------------  -----  ---------  --------  ----------  --------------  -------------------
/opt/airflow/dags/dag_sunafil_orquestador.py                           1           0  0.14s           2026-05-24T21:08:37
================================================================================
[2026-05-24T21:09:26.335+0000] {manager.py:738} INFO - Searching for files in /opt/airflow/dags
[2026-05-24T21:09:26.361+0000] {manager.py:741} INFO - There are 1 files in /opt/airflow/dags
[2026-05-24T21:09:33.286+0000] {manager.py:879} INFO - 
================================================================================
DAG File Processing Stats

File Path                                     PID    Runtime      # DAGs    # Errors  Last Runtime    Last Run
--------------------------------------------  -----  ---------  --------  ----------  --------------  -------------------
/opt/airflow/dags/dag_sunafil_orquestador.py                           1           0  0.14s           2026-05-24T21:09:08
================================================================================
[2026-05-24T21:10:03.909+0000] {manager.py:879} INFO - 
================================================================================
DAG File Processing Stats

File Path                                     PID    Runtime      # DAGs    # Errors  Last Runtime    Last Run
--------------------------------------------  -----  ---------  --------  ----------  --------------  -------------------
/opt/airflow/dags/dag_sunafil_orquestador.py                           1           0  0.15s           2026-05-24T21:09:38
================================================================================
[2026-05-24T21:10:34.333+0000] {manager.py:879} INFO - 
================================================================================
DAG File Processing Stats

File Path                                     PID    Runtime      # DAGs    # Errors  Last Runtime    Last Run
--------------------------------------------  -----  ---------  --------  ----------  --------------  -------------------
/opt/airflow/dags/dag_sunafil_orquestador.py                           1           0  0.16s           2026-05-24T21:10:09
================================================================================
[2026-05-24T21:11:04.708+0000] {manager.py:879} INFO - 
================================================================================
DAG File Processing Stats

File Path                                     PID    Runtime      # DAGs    # Errors  Last Runtime    Last Run
--------------------------------------------  -----  ---------  --------  ----------  --------------  -------------------
/opt/airflow/dags/dag_sunafil_orquestador.py                           1           0  0.15s           2026-05-24T21:10:39
================================================================================
[2026-05-24T21:11:35.114+0000] {manager.py:879} INFO - 
================================================================================
DAG File Processing Stats

File Path                                     PID    Runtime      # DAGs    # Errors  Last Runtime    Last Run
--------------------------------------------  -----  ---------  --------  ----------  --------------  -------------------
/opt/airflow/dags/dag_sunafil_orquestador.py                           1           0  0.15s           2026-05-24T21:11:09
================================================================================
[2026-05-24T21:12:05.366+0000] {manager.py:879} INFO - 
================================================================================
DAG File Processing Stats

File Path                                     PID    Runtime      # DAGs    # Errors  Last Runtime    Last Run
--------------------------------------------  -----  ---------  --------  ----------  --------------  -------------------
/opt/airflow/dags/dag_sunafil_orquestador.py                           1           0  0.15s           2026-05-24T21:11:40
================================================================================
[2026-05-24T21:12:35.770+0000] {manager.py:879} INFO - 
================================================================================
DAG File Processing Stats

File Path                                     PID    Runtime      # DAGs    # Errors  Last Runtime    Last Run
--------------------------------------------  -----  ---------  --------  ----------  --------------  -------------------
/opt/airflow/dags/dag_sunafil_orquestador.py                           1           0  0.15s           2026-05-24T21:12:10
================================================================================
[2026-05-24T21:13:05.980+0000] {manager.py:879} INFO - 
================================================================================
DAG File Processing Stats

File Path                                     PID    Runtime      # DAGs    # Errors  Last Runtime    Last Run
--------------------------------------------  -----  ---------  --------  ----------  --------------  -------------------
/opt/airflow/dags/dag_sunafil_orquestador.py                           1           0  0.14s           2026-05-24T21:12:40
================================================================================
[2026-05-24T21:13:36.509+0000] {manager.py:879} INFO - 
================================================================================
DAG File Processing Stats

File Path                                     PID    Runtime      # DAGs    # Errors  Last Runtime    Last Run
--------------------------------------------  -----  ---------  --------  ----------  --------------  -------------------
/opt/airflow/dags/dag_sunafil_orquestador.py                           1           0  3.08s           2026-05-24T21:13:14
================================================================================
[2026-05-24T21:14:06.935+0000] {manager.py:879} INFO - 
================================================================================
DAG File Processing Stats

File Path                                     PID    Runtime      # DAGs    # Errors  Last Runtime    Last Run
--------------------------------------------  -----  ---------  --------  ----------  --------------  -------------------
/opt/airflow/dags/dag_sunafil_orquestador.py                           1           0  0.65s           2026-05-24T21:13:45
================================================================================
[2026-05-24T21:14:27.111+0000] {manager.py:738} INFO - Searching for files in /opt/airflow/dags
[2026-05-24T21:14:27.142+0000] {manager.py:741} INFO - There are 1 files in /opt/airflow/dags
[2026-05-24T21:14:37.262+0000] {manager.py:879} INFO - 
================================================================================
DAG File Processing Stats

File Path                                     PID    Runtime      # DAGs    # Errors  Last Runtime    Last Run
--------------------------------------------  -----  ---------  --------  ----------  --------------  -------------------
/opt/airflow/dags/dag_sunafil_orquestador.py                           1           0  0.17s           2026-05-24T21:14:16
================================================================================
[2026-05-24T21:15:07.757+0000] {manager.py:879} INFO - 
================================================================================
DAG File Processing Stats

File Path                                     PID    Runtime      # DAGs    # Errors  Last Runtime    Last Run
--------------------------------------------  -----  ---------  --------  ----------  --------------  -------------------
/opt/airflow/dags/dag_sunafil_orquestador.py                           1           0  0.16s           2026-05-24T21:14:46
================================================================================
[2026-05-24T21:15:38.082+0000] {manager.py:879} INFO - 
================================================================================
DAG File Processing Stats

File Path                                     PID    Runtime      # DAGs    # Errors  Last Runtime    Last Run
--------------------------------------------  -----  ---------  --------  ----------  --------------  -------------------
/opt/airflow/dags/dag_sunafil_orquestador.py                           1           0  0.15s           2026-05-24T21:15:17
================================================================================
[2026-05-24T21:16:08.432+0000] {manager.py:879} INFO - 
================================================================================
DAG File Processing Stats

File Path                                     PID    Runtime      # DAGs    # Errors  Last Runtime    Last Run
--------------------------------------------  -----  ---------  --------  ----------  --------------  -------------------
/opt/airflow/dags/dag_sunafil_orquestador.py                           1           0  0.15s           2026-05-24T21:15:47
================================================================================
[2026-05-24T21:16:38.763+0000] {manager.py:879} INFO - 
================================================================================
DAG File Processing Stats

File Path                                     PID    Runtime      # DAGs    # Errors  Last Runtime    Last Run
--------------------------------------------  -----  ---------  --------  ----------  --------------  -------------------
/opt/airflow/dags/dag_sunafil_orquestador.py                           1           0  0.17s           2026-05-24T21:16:17
================================================================================
[2026-05-24T21:17:09.212+0000] {manager.py:879} INFO - 
================================================================================
DAG File Processing Stats

File Path                                     PID    Runtime      # DAGs    # Errors  Last Runtime    Last Run
--------------------------------------------  -----  ---------  --------  ----------  --------------  -------------------
/opt/airflow/dags/dag_sunafil_orquestador.py                           1           0  0.15s           2026-05-24T21:16:48
================================================================================
[2026-05-24T21:17:39.484+0000] {manager.py:879} INFO - 
================================================================================
DAG File Processing Stats

File Path                                     PID    Runtime      # DAGs    # Errors  Last Runtime    Last Run
--------------------------------------------  -----  ---------  --------  ----------  --------------  -------------------
/opt/airflow/dags/dag_sunafil_orquestador.py                           1           0  0.15s           2026-05-24T21:17:18
================================================================================
[2026-05-24T21:18:10.007+0000] {manager.py:879} INFO - 
================================================================================
DAG File Processing Stats

File Path                                     PID    Runtime      # DAGs    # Errors  Last Runtime    Last Run
--------------------------------------------  -----  ---------  --------  ----------  --------------  -------------------
/opt/airflow/dags/dag_sunafil_orquestador.py                           1           0  0.19s           2026-05-24T21:17:48
================================================================================
[2026-05-24T21:18:31.181+0000] {manager.py:451} INFO - Exiting gracefully upon receiving signal 15
